term,estimate,std.error,statistic,p.value,conf.low,conf.high,outcome,team_id,season,club,country,outcome_lab
club_season::103_2005,0.0780366383589628,0.20033024018739348,0.3895399830098818,0.6968778399824632,-0.3146097223321326,0.47068299905005817,net_yellow,103,2005,AC Milan,Italy,Net yellow cards (opp. - own)
club_season::103_2006,0.35599074631344585,0.2705687208988779,1.3157128626353431,0.18827443696323234,-0.17432271748718575,0.8863042101140775,net_yellow,103,2006,AC Milan,Italy,Net yellow cards (opp. - own)
club_season::103_2007,0.1753209555659055,0.2701952596079503,0.64886762195715,0.5164259211812259,-0.35426052580109774,0.7049024369329087,net_yellow,103,2007,AC Milan,Italy,Net yellow cards (opp. - own)
club_season::103_2008,-0.15503316452446655,0.2960742557145238,-0.5236293312646213,0.6005379160063313,-0.735337360695186,0.4252710316462528,net_yellow,103,2008,AC Milan,Italy,Net yellow cards (opp. - own)
club_season::103_2009,0.08346875764368124,0.21969528623280415,0.3799296702034473,0.70399869262911,-0.3471330053233431,0.5140705206107056,net_yellow,103,2009,AC Milan,Italy,Net yellow cards (opp. - own)
club_season::103_2010,-0.5002054511514061,0.244256776577237,-2.047867241027129,0.04057646704281313,-0.9789476236136212,-0.021463278689191123,net_yellow,103,2010,AC Milan,Italy,Net yellow cards (opp. - own)
club_season::103_2011,-0.43670712861199024,0.2556679971049394,-1.7081024358036605,0.08762145444893082,-0.9378152414686991,0.06440098424471863,net_yellow,103,2011,AC Milan,Italy,Net yellow cards (opp. - own)
club_season::103_2012,0.028739366697477273,0.32565505244990084,0.0882509467649011,0.9296774600202423,-0.609543056692578,0.6670217900875325,net_yellow,103,2012,AC Milan,Italy,Net yellow cards (opp. - own)
club_season::103_2013,-0.11692889408932165,0.2679545900374736,-0.4363757831988215,0.6625653560799667,-0.6421186732772829,0.4082608850986396,net_yellow,103,2013,AC Milan,Italy,Net yellow cards (opp. - own)
club_season::103_2014,0.593876308771744,0.2743687002099827,2.164519160958347,0.030427656509447055,0.056114902784196175,1.1316377147592918,net_yellow,103,2014,AC Milan,Italy,Net yellow cards (opp. - own)
club_season::103_2015,0.028647517962924574,0.27646629508726445,0.10362029105168935,0.9174709600864019,-0.5132251644549742,0.5705202003808233,net_yellow,103,2015,AC Milan,Italy,Net yellow cards (opp. - own)
club_season::103_2016,0.8444205021567417,0.2815824451166642,2.998839298404716,0.002710986231439305,0.2925201889232739,1.3963208153902094,net_yellow,103,2016,AC Milan,Italy,Net yellow cards (opp. - own)
club_season::103_2017,0.020406546244853465,0.2646006970365348,0.07712204266051433,0.9385266624074617,-0.4982096178976006,0.5390227103873075,net_yellow,103,2017,AC Milan,Italy,Net yellow cards (opp. - own)
club_season::103_2018,-0.5070167986961549,0.21374197630569705,-2.3720974581567997,0.017689920566651196,-0.9259501012512206,-0.08808349614108923,net_yellow,103,2018,AC Milan,Italy,Net yellow cards (opp. - own)
club_season::103_2019,-0.23000293563550164,0.2995662117447947,-0.7677866415436894,0.4426163571765921,-0.8171513497620155,0.3571454784910122,net_yellow,103,2019,AC Milan,Italy,Net yellow cards (opp. - own)
club_season::103_2020,-0.3562085965606977,0.26706940856671424,-1.3337678713274133,0.1822839735446983,-0.8796634240872437,0.16724623096584834,net_yellow,103,2020,AC Milan,Italy,Net yellow cards (opp. - own)
club_season::103_2021,0.09509921158512401,0.26559588808516615,0.35805980382734476,0.7202995619744437,-0.4254675224916141,0.6156659456618622,net_yellow,103,2021,AC Milan,Italy,Net yellow cards (opp. - own)
club_season::103_2022,0.5033945858649009,0.3072933340037374,1.6381565434763987,0.10139321608273064,-0.09889895278575322,1.105688124515555,net_yellow,103,2022,AC Milan,Italy,Net yellow cards (opp. - own)
club_season::103_2023,-0.16256676866767572,0.2997266767526847,-0.5423833821832796,0.5875560285614525,-0.7500296934806808,0.4248961561453294,net_yellow,103,2023,AC Milan,Italy,Net yellow cards (opp. - own)
club_season::103_2024,-0.23954713201240374,0.2883793317408423,-0.8306667838029302,0.4061645267889834,-0.8047693121518218,0.3256750481270143,net_yellow,103,2024,AC Milan,Italy,Net yellow cards (opp. - own)
club_season::103_2025,0.21143910310550296,0.27624962378134005,0.7653914608508695,0.4440408726917662,-0.33000890453709564,0.7528871107481016,net_yellow,103,2025,AC Milan,Italy,Net yellow cards (opp. - own)
club_season::1068_2005,-0.31744567983568744,0.2947525241654896,-1.0769905388747638,0.2814879392724493,-0.8951592881747672,0.26026792850339237,net_yellow,1068,2005,Atletico Madrid,Spain,Net yellow cards (opp. - own)
club_season::1068_2006,-0.2576244606625712,0.3072507846293658,-0.8384826778338145,0.40176233120375127,-0.8598346027327537,0.3445856814076113,net_yellow,1068,2006,Atletico Madrid,Spain,Net yellow cards (opp. - own)
club_season::1068_2007,-0.3632226922179885,0.2439202793966928,-1.4891041167892054,0.1364641376571194,-0.8413053317350032,0.11485994729902621,net_yellow,1068,2007,Atletico Madrid,Spain,Net yellow cards (opp. - own)
club_season::1068_2008,-0.874066333510882,0.2718278614623597,-3.2155141449027473,0.001302659481152739,-1.4068477070958139,-0.3412849599259503,net_yellow,1068,2008,Atletico Madrid,Spain,Net yellow cards (opp. - own)
club_season::1068_2009,0.19928027818686334,0.3276001303637271,0.6083034154034277,0.5429880891354417,-0.4428144890780362,0.8413750454517629,net_yellow,1068,2009,Atletico Madrid,Spain,Net yellow cards (opp. - own)
club_season::1068_2010,-0.022903462037211445,0.26658912541056096,-0.08591296438644651,0.9315358337140085,-0.5454169367595657,0.49961001268514277,net_yellow,1068,2010,Atletico Madrid,Spain,Net yellow cards (opp. - own)
club_season::1068_2011,-0.4903162379999276,0.3423489688595997,-1.4322118148426803,0.152087358167534,-1.1613186617145375,0.18068618571468226,net_yellow,1068,2011,Atletico Madrid,Spain,Net yellow cards (opp. - own)
club_season::1068_2012,0.18991947086639493,0.32099136805302514,0.5916653523063642,0.5540764766213928,-0.4392221522923414,0.8190610940251313,net_yellow,1068,2012,Atletico Madrid,Spain,Net yellow cards (opp. - own)
club_season::1068_2013,-0.1407263144715821,0.25258396332794736,-0.5571466716153604,0.5774288763408979,-0.6357897351357812,0.35433710619261705,net_yellow,1068,2013,Atletico Madrid,Spain,Net yellow cards (opp. - own)
club_season::1068_2014,-1.018292303753531,0.3052639497852851,-3.3357764795671807,8.510258177424429e-4,-1.6166082585552672,-0.4199763489517948,net_yellow,1068,2014,Atletico Madrid,Spain,Net yellow cards (opp. - own)
club_season::1068_2015,-0.24903835860707768,0.2515922187685591,-0.9898492084771878,0.3222510058903544,-0.7421579644402521,0.2440812472260967,net_yellow,1068,2015,Atletico Madrid,Spain,Net yellow cards (opp. - own)
club_season::1068_2016,0.09144373821844175,0.27281185937220265,0.33518974735509294,0.73748288834364,-0.4432662667995979,0.6261537432364814,net_yellow,1068,2016,Atletico Madrid,Spain,Net yellow cards (opp. - own)
club_season::1068_2017,0.11615476764363786,0.2780426006051021,0.4177588879936063,0.6761246021596188,-0.4288074664282563,0.661117001715532,net_yellow,1068,2017,Atletico Madrid,Spain,Net yellow cards (opp. - own)
club_season::1068_2018,-0.4553734435101618,0.279501916743901,-1.6292319166004376,0.10326811152225332,-1.0031959305846039,0.09244904356428035,net_yellow,1068,2018,Atletico Madrid,Spain,Net yellow cards (opp. - own)
club_season::1068_2019,0.3034662193647759,0.24305732871317487,1.2485376226729121,0.21183811726631024,-0.17292504073282478,0.7798574794623766,net_yellow,1068,2019,Atletico Madrid,Spain,Net yellow cards (opp. - own)
club_season::1068_2020,-1.4093736609143743,0.27799146762611937,-5.069845031394601,3.990799249727135e-7,-1.9542356745797531,-0.8645116472489954,net_yellow,1068,2020,Atletico Madrid,Spain,Net yellow cards (opp. - own)
club_season::1068_2021,-0.4999304439915607,0.341037038882901,-1.4659124581574192,0.14267630888925492,-1.1683614909117812,0.16850060292865976,net_yellow,1068,2021,Atletico Madrid,Spain,Net yellow cards (opp. - own)
club_season::1068_2022,-0.10509010052748964,0.2685115567925646,-0.39138017664050023,0.6955173491511184,-0.6313715320251965,0.42119133097021716,net_yellow,1068,2022,Atletico Madrid,Spain,Net yellow cards (opp. - own)
club_season::1068_2023,-0.3506249168014024,0.29961752451595386,-1.1702416851879855,0.24190742182702551,-0.9378739037262805,0.23662407012347575,net_yellow,1068,2023,Atletico Madrid,Spain,Net yellow cards (opp. - own)
club_season::1068_2024,-0.4544858811549253,0.3068330678930951,-1.4812154513713445,0.13855335003360128,-1.0558773003196542,0.14690553800980366,net_yellow,1068,2024,Atletico Madrid,Spain,Net yellow cards (opp. - own)
club_season::1068_2025,-0.338618645778594,0.2769489305581921,-1.2226754047979398,0.2214561430065778,-0.881437291526956,0.204199999969768,net_yellow,1068,2025,Atletico Madrid,Spain,Net yellow cards (opp. - own)
club_season::110_2005,-0.3409638922695709,0.19171630208983115,-1.7784814778547517,0.07532884093913433,-0.7167269734215292,0.03479918888238742,net_yellow,110,2005,Internazionale,Italy,Net yellow cards (opp. - own)
club_season::110_2006,-0.3273128374030173,0.27339715074850757,-1.197206468710077,0.23122985419320527,-0.8631700108597063,0.20854433605367173,net_yellow,110,2006,Internazionale,Italy,Net yellow cards (opp. - own)
club_season::110_2007,0.3265296860493867,0.2257978145924705,1.4461153516420049,0.14814900841259937,-0.11603300477953105,0.7690923768783045,net_yellow,110,2007,Internazionale,Italy,Net yellow cards (opp. - own)
club_season::110_2008,-0.36028466020582783,0.27010443837564563,-1.333871677090936,0.1822499454013809,-0.8896881323701038,0.16911881195844813,net_yellow,110,2008,Internazionale,Italy,Net yellow cards (opp. - own)
club_season::110_2009,-0.47130972758521683,0.28907562611198934,-1.630402860055137,0.10302055871499692,-1.0378966415289015,0.09527718635846782,net_yellow,110,2009,Internazionale,Italy,Net yellow cards (opp. - own)
club_season::110_2010,0.2616740503071257,0.236183993053444,1.1079245757688319,0.26789792620586766,-0.20124550312214007,0.7245936037363915,net_yellow,110,2010,Internazionale,Italy,Net yellow cards (opp. - own)
club_season::110_2011,0.3207765811593946,0.24760842859845117,1.295499442305338,0.19515196093883364,-0.16453481403824805,0.8060879763570372,net_yellow,110,2011,Internazionale,Italy,Net yellow cards (opp. - own)
club_season::110_2012,0.3733169780412777,0.2508670103109386,1.4881070953831983,0.13672683586716294,-0.11838122250949534,0.8650151785920508,net_yellow,110,2012,Internazionale,Italy,Net yellow cards (opp. - own)
club_season::110_2013,0.3701785265253771,0.2969117919918316,1.2467626295406993,0.2124884209951376,-0.21176723694403898,0.9521242899947931,net_yellow,110,2013,Internazionale,Italy,Net yellow cards (opp. - own)
club_season::110_2014,-0.4041841890459296,0.2855719807165008,-1.41534960128732,0.1569701500529876,-0.9639039739310966,0.15553559583923732,net_yellow,110,2014,Internazionale,Italy,Net yellow cards (opp. - own)
club_season::110_2015,0.20453746503354514,0.31384631659038514,0.6517121731923848,0.5145888551223337,-0.41059988971752664,0.8196748197846169,net_yellow,110,2015,Internazionale,Italy,Net yellow cards (opp. - own)
club_season::110_2016,0.2429132695270151,0.32842498196349557,0.739630913807936,0.4595262819015782,-0.40079820312622905,0.8866247421802592,net_yellow,110,2016,Internazionale,Italy,Net yellow cards (opp. - own)
club_season::110_2017,-0.21790850644510631,0.2622312611985565,-0.830978371720945,0.40598847982639397,-0.7318805871091849,0.29606357421897234,net_yellow,110,2017,Internazionale,Italy,Net yellow cards (opp. - own)
club_season::110_2018,0.3757747818861298,0.2360834808266054,1.5917029881566447,0.11145564997756087,-0.08694776803514725,0.8384973318074068,net_yellow,110,2018,Internazionale,Italy,Net yellow cards (opp. - own)
club_season::110_2019,-0.5871521903895806,0.2933658742558843,-2.0014331655952775,0.04534930735851176,-1.1621479712052178,-0.012156409573943261,net_yellow,110,2019,Internazionale,Italy,Net yellow cards (opp. - own)
club_season::110_2020,0.21449530946825654,0.2454668397087709,0.873826011377912,0.3822157965856625,-0.2666185812345936,0.6956092001711067,net_yellow,110,2020,Internazionale,Italy,Net yellow cards (opp. - own)
club_season::110_2021,-0.250162248812131,0.274600337909703,-0.9110048833748777,0.36229571389691884,-0.7883776636388284,0.28805316601456643,net_yellow,110,2021,Internazionale,Italy,Net yellow cards (opp. - own)
club_season::110_2022,0.38958296925375885,0.27322517801495566,1.4258677479292705,0.1539106618162371,-0.1459371384264198,0.9251030769339375,net_yellow,110,2022,Internazionale,Italy,Net yellow cards (opp. - own)
club_season::110_2023,0.06263333254877809,0.1741860877803614,0.3595771243668731,0.719164400306719,-0.27877060819427557,0.4040372732918317,net_yellow,110,2023,Internazionale,Italy,Net yellow cards (opp. - own)
club_season::110_2024,-0.5804610991809627,0.22265335194536343,-2.607017114763227,0.009135277769537377,-1.0168606575064663,-0.14406154085545908,net_yellow,110,2024,Internazionale,Italy,Net yellow cards (opp. - own)
club_season::110_2025,-0.5645058889795709,0.2557129095529064,-2.2075768093467176,0.027276787822011175,-1.065702030030263,-0.06330974792887867,net_yellow,110,2025,Internazionale,Italy,Net yellow cards (opp. - own)
club_season::111_2005,0.1869381883093782,0.23379750204714328,0.7995730778666904,0.423960710496302,-0.2713038535890798,0.6451802302078362,net_yellow,111,2005,Juventus,Italy,Net yellow cards (opp. - own)
club_season::111_2007,-0.46765256427871066,0.2710683765812717,-1.7252199248646,0.08449194507501599,-0.9989453509469584,0.0636402223895371,net_yellow,111,2007,Juventus,Italy,Net yellow cards (opp. - own)
club_season::111_2008,0.045004368983776966,0.2314266388318666,0.19446494669299078,0.8458123643291855,-0.40859079178328533,0.49859952975083927,net_yellow,111,2008,Juventus,Italy,Net yellow cards (opp. - own)
club_season::111_2009,-0.586743553067882,0.2590779799523646,-2.264737254689741,0.023531634721011375,-1.094535216814402,-0.07895188932136188,net_yellow,111,2009,Juventus,Italy,Net yellow cards (opp. - own)
club_season::111_2010,-0.08558404581297073,0.29651243455358467,-0.2886356045803681,0.7728610397581148,-0.6667470705176556,0.4955789788917141,net_yellow,111,2010,Juventus,Italy,Net yellow cards (opp. - own)
club_season::111_2011,0.3317147501292247,0.23962710739609017,1.384295598831892,0.1662720592288685,-0.13795329176997306,0.8013827920284224,net_yellow,111,2011,Juventus,Italy,Net yellow cards (opp. - own)
club_season::111_2012,0.19929350094947657,0.28511947913960395,0.6989824109909231,0.48456517973988356,-0.35953938290063275,0.7581263847995858,net_yellow,111,2012,Juventus,Italy,Net yellow cards (opp. - own)
club_season::111_2013,-0.374603617206029,0.28216224250976013,-1.3276178055363708,0.18430841990998204,-0.927640330696015,0.17843309628395693,net_yellow,111,2013,Juventus,Italy,Net yellow cards (opp. - own)
club_season::111_2014,0.48789814287492794,0.2757802388667158,1.7691555598032838,0.07687196105255638,-0.05262987246736639,1.0284261582172223,net_yellow,111,2014,Juventus,Italy,Net yellow cards (opp. - own)
club_season::111_2015,-0.012461065220627017,0.29756507203064636,-0.041876773828292746,0.9665970428679928,-0.5956872545983474,0.5707651241570932,net_yellow,111,2015,Juventus,Italy,Net yellow cards (opp. - own)
club_season::111_2016,0.11246684039674221,0.24728844938261849,0.45480021682180244,0.6492542840319782,-0.3722173969914955,0.5971510777849799,net_yellow,111,2016,Juventus,Italy,Net yellow cards (opp. - own)
club_season::111_2017,0.051287875462777015,0.2940417614314393,0.1744237798505218,0.8615328955860131,-0.5250326411464739,0.6276083920720279,net_yellow,111,2017,Juventus,Italy,Net yellow cards (opp. - own)
club_season::111_2018,0.10143924757910654,0.26697185525930667,0.37996232779136874,0.7039744502527336,-0.4218243759080936,0.6247028710663066,net_yellow,111,2018,Juventus,Italy,Net yellow cards (opp. - own)
club_season::111_2019,0.10132372627426003,0.339603820238901,0.2983586174118473,0.7654302924046644,-0.5642982186146606,0.7669456711631806,net_yellow,111,2019,Juventus,Italy,Net yellow cards (opp. - own)
club_season::111_2020,-0.3081089088642732,0.2765738695475175,-1.1140203135182218,0.2652740243451112,-0.8501924367355701,0.23397461900702365,net_yellow,111,2020,Juventus,Italy,Net yellow cards (opp. - own)
club_season::111_2021,0.10849270568968931,0.23103951127490763,0.46958507266143235,0.63865284992483,-0.3443436868244073,0.561329098203786,net_yellow,111,2021,Juventus,Italy,Net yellow cards (opp. - own)
club_season::111_2022,-0.051000702716602286,0.22735338401852825,-0.2243234818640129,0.8225062138737956,-0.4966123025538283,0.39461089712062375,net_yellow,111,2022,Juventus,Italy,Net yellow cards (opp. - own)
club_season::111_2023,-0.7793505120331987,0.22502078012653226,-3.463460181743923,5.335714668556956e-4,-1.2203902188388516,-0.3383108052275458,net_yellow,111,2023,Juventus,Italy,Net yellow cards (opp. - own)
club_season::111_2024,-0.20689330247978932,0.24355237256551118,-0.8494817779865346,0.3956159634200105,-0.6842548462790445,0.27046824131946584,net_yellow,111,2024,Juventus,Italy,Net yellow cards (opp. - own)
club_season::111_2025,0.3555796670362162,0.2827894215151326,1.2574008784737674,0.20861240702943448,-0.19868631445510093,0.9098456485275332,net_yellow,111,2025,Juventus,Italy,Net yellow cards (opp. - own)
club_season::124_2005,0.6319273943305429,0.2607778143139723,2.4232406272479623,0.015385072671116664,0.12080406295741486,1.143050725703671,net_yellow,124,2005,Borussia Dortmund,Germany,Net yellow cards (opp. - own)
club_season::124_2006,-0.4067249258252902,0.19888573055302158,-2.045018135259634,0.040856535319280456,-0.7965400541952502,-0.016909797455330167,net_yellow,124,2006,Borussia Dortmund,Germany,Net yellow cards (opp. - own)
club_season::124_2007,0.35345740500856554,0.210335754338247,1.6804437558445744,0.09287515228176525,-0.0587997179643549,0.765714527981486,net_yellow,124,2007,Borussia Dortmund,Germany,Net yellow cards (opp. - own)
club_season::124_2008,0.4804092003984197,0.27754031733000867,1.7309528396452407,0.08346426836231202,-0.06356856073610373,1.0243869615329433,net_yellow,124,2008,Borussia Dortmund,Germany,Net yellow cards (opp. - own)
club_season::124_2009,0.013146041658622666,0.2604629844690652,0.050471823032435546,0.9597465364744009,-0.49736022464872165,0.523652307965967,net_yellow,124,2009,Borussia Dortmund,Germany,Net yellow cards (opp. - own)
club_season::124_2010,0.2516123794600956,0.23841545424423738,1.0553526417055963,0.2912674562053171,-0.21568082776586522,0.7189055866860565,net_yellow,124,2010,Borussia Dortmund,Germany,Net yellow cards (opp. - own)
club_season::124_2011,0.46646619137278733,0.2069268196829752,2.2542568048329485,0.02418287597578968,0.06089056483781935,0.8720418179077554,net_yellow,124,2011,Borussia Dortmund,Germany,Net yellow cards (opp. - own)
club_season::124_2012,0.7887678067027616,0.2871893515732293,2.7465078436295602,0.006024773675218067,0.22587798228592815,1.3516576311195951,net_yellow,124,2012,Borussia Dortmund,Germany,Net yellow cards (opp. - own)
club_season::124_2013,-0.056401997804018326,0.2395887851083488,-0.23541167746441785,0.8138898629512719,-0.5259949281933365,0.4131909325852999,net_yellow,124,2013,Borussia Dortmund,Germany,Net yellow cards (opp. - own)
club_season::124_2014,-0.11036134257084475,0.2439871089851809,-0.45232448152639,0.6510365435336303,-0.5885749677776972,0.3678522826360078,net_yellow,124,2014,Borussia Dortmund,Germany,Net yellow cards (opp. - own)
club_season::124_2015,0.1825761088521253,0.29423010590130994,0.6205215074536411,0.5349163747494057,-0.39411356206244585,0.7592657797666964,net_yellow,124,2015,Borussia Dortmund,Germany,Net yellow cards (opp. - own)
club_season::124_2016,0.45226126822649493,0.3296917781826683,1.3717699322666033,0.17013915308753838,-0.19393311926142487,1.0984556557144147,net_yellow,124,2016,Borussia Dortmund,Germany,Net yellow cards (opp. - own)
club_season::124_2017,0.13048818506430393,0.257589418212243,0.5065743226951468,0.612455010393782,-0.37438590443393494,0.6353622745625428,net_yellow,124,2017,Borussia Dortmund,Germany,Net yellow cards (opp. - own)
club_season::124_2018,0.43010607051418726,0.3004516779084637,1.4315315977207634,0.15228206391764687,-0.1587778532705516,1.0189899942989262,net_yellow,124,2018,Borussia Dortmund,Germany,Net yellow cards (opp. - own)
club_season::124_2019,-0.2374265434467177,0.27156746884718774,-0.8742819766100877,0.38196749761028825,-0.7696975486888447,0.2948444617954093,net_yellow,124,2019,Borussia Dortmund,Germany,Net yellow cards (opp. - own)
club_season::124_2020,0.1793067299002238,0.26172813333233685,0.6850877191430694,0.4932906759881234,-0.3336792224317138,0.6922926822321613,net_yellow,124,2020,Borussia Dortmund,Germany,Net yellow cards (opp. - own)
club_season::124_2021,-0.17477592216796187,0.2624624677797058,-0.6659082483163178,0.5054717858214992,-0.6892011666807495,0.3396493223448257,net_yellow,124,2021,Borussia Dortmund,Germany,Net yellow cards (opp. - own)
club_season::124_2022,-0.1497561687045023,0.2718708219897566,-0.5508357520990051,0.5817479058023538,-0.6826217447279674,0.38310940731896276,net_yellow,124,2022,Borussia Dortmund,Germany,Net yellow cards (opp. - own)
club_season::124_2023,0.14742155174818553,0.25185355492033795,0.5853463207808022,0.5583166270226114,-0.34621027175525676,0.6410533752516278,net_yellow,124,2023,Borussia Dortmund,Germany,Net yellow cards (opp. - own)
club_season::124_2024,-0.45133407111046403,0.306534484430403,-1.4723761731053688,0.14092349892729844,-1.0521402680447451,0.14947212582381714,net_yellow,124,2024,Borussia Dortmund,Germany,Net yellow cards (opp. - own)
club_season::124_2025,-0.7406041304407408,0.2514441206853102,-2.9454024553138347,0.0032263337819912396,-1.2334334647035392,-0.24777479617794246,net_yellow,124,2025,Borussia Dortmund,Germany,Net yellow cards (opp. - own)
club_season::132_2005,0.05823086198073451,0.2656601238271733,0.2191930845391645,0.8265002357372796,-0.46246177385852244,0.5789234978199914,net_yellow,132,2005,Bayern Munich,Germany,Net yellow cards (opp. - own)
club_season::132_2006,-0.2694468279862008,0.25731391486132354,-1.0471521842548475,0.2950327521670075,-0.7737809321682161,0.2348872761958145,net_yellow,132,2006,Bayern Munich,Germany,Net yellow cards (opp. - own)
club_season::132_2007,0.6948802216234362,0.21799195211733585,3.187641630225925,0.0014349672725244345,0.2676169857846877,1.1221434574621847,net_yellow,132,2007,Bayern Munich,Germany,Net yellow cards (opp. - own)
club_season::132_2008,0.050777130530762715,0.2992691095272862,0.16967047020311682,0.8652697539932643,-0.5357889645991342,0.6373432256606596,net_yellow,132,2008,Bayern Munich,Germany,Net yellow cards (opp. - own)
club_season::132_2009,-0.4722589135879944,0.21852999728668024,-2.161071337810241,0.030692968216138438,-0.9005767155143833,-0.04394111166160536,net_yellow,132,2009,Bayern Munich,Germany,Net yellow cards (opp. - own)
club_season::132_2010,-0.010232970839594445,0.26927434771636394,-0.038002026284260804,0.9696861670931493,-0.5380094690826803,0.5175435274034915,net_yellow,132,2010,Bayern Munich,Germany,Net yellow cards (opp. - own)
club_season::132_2011,0.06535013328809598,0.24734892184419024,0.2642022160470999,0.7916248258721807,-0.41945262985010323,0.5501528964262952,net_yellow,132,2011,Bayern Munich,Germany,Net yellow cards (opp. - own)
club_season::132_2012,0.2026034412046143,0.23872531782467593,0.8486885389902793,0.39605732039736596,-0.2652970972313331,0.6705039796405617,net_yellow,132,2012,Bayern Munich,Germany,Net yellow cards (opp. - own)
club_season::132_2013,-0.20063795389093395,0.20227397741147224,-0.9919118438195822,0.3212437150798722,-0.5970940307110592,0.1958181229291913,net_yellow,132,2013,Bayern Munich,Germany,Net yellow cards (opp. - own)
club_season::132_2014,-0.14717656544222912,0.23712034642373406,-0.6206829893003977,0.5348101005624079,-0.6119313672235226,0.31757823633906435,net_yellow,132,2014,Bayern Munich,Germany,Net yellow cards (opp. - own)
club_season::132_2015,-0.4988126879585861,0.2609964257246068,-1.9111858967942867,0.05598448427965673,-1.0103644967034324,0.012739120786260216,net_yellow,132,2015,Bayern Munich,Germany,Net yellow cards (opp. - own)
club_season::132_2016,-0.5086981908632537,0.24519922615391238,-2.0746321219788117,0.03802402780318935,-0.9892875602143174,-0.028108821512190074,net_yellow,132,2016,Bayern Munich,Germany,Net yellow cards (opp. - own)
club_season::132_2017,-0.3473007908255769,0.21079655791401117,-1.64756386092058,0.09944636961354744,-0.7604610867136199,0.06585950506246602,net_yellow,132,2017,Bayern Munich,Germany,Net yellow cards (opp. - own)
club_season::132_2018,-0.2348702095813307,0.2002765967698938,-1.1727291823876105,0.2409081310020008,-0.6274114294178222,0.15767101025516084,net_yellow,132,2018,Bayern Munich,Germany,Net yellow cards (opp. - own)
club_season::132_2019,-0.45863392258128227,0.2467260147728566,-1.8588794659676016,0.06304811973382875,-0.9422157906894595,0.024947945526894943,net_yellow,132,2019,Bayern Munich,Germany,Net yellow cards (opp. - own)
club_season::132_2020,-0.33384205894381364,0.23471468477500979,-1.4223313690995698,0.15493421445293296,-0.7938817748222391,0.12619765693461188,net_yellow,132,2020,Bayern Munich,Germany,Net yellow cards (opp. - own)
club_season::132_2021,-0.030933832252001588,0.21756780114441754,-0.1421801943545326,0.8869380554629018,-0.4573657341106971,0.3954980696066939,net_yellow,132,2021,Bayern Munich,Germany,Net yellow cards (opp. - own)
club_season::132_2022,-0.4812015331576612,0.27691417773558474,-1.73772804661935,0.08226282846034688,-1.0239520635315906,0.06154899721626833,net_yellow,132,2022,Bayern Munich,Germany,Net yellow cards (opp. - own)
club_season::132_2023,-0.024483982731429384,0.2850994267694427,-0.08587875117416267,0.9315630312974761,-0.5832775640271183,0.5343095985642595,net_yellow,132,2023,Bayern Munich,Germany,Net yellow cards (opp. - own)
club_season::132_2024,-0.1891178039854846,0.30814390231393557,-0.6137320990788657,0.5393942253586974,-0.7930784526600977,0.41484284468912846,net_yellow,132,2024,Bayern Munich,Germany,Net yellow cards (opp. - own)
club_season::132_2025,-0.7736311712917953,0.2481591322058144,-3.1174801604728897,0.0018247281099897214,-1.2600219430580895,-0.28724039952550096,net_yellow,132,2025,Bayern Munich,Germany,Net yellow cards (opp. - own)
club_season::160_2005,-0.3427358191425021,0.20516105819982633,-1.6705695620300336,0.09481088046097047,-0.7448505611921404,0.0593789229071362,net_yellow,160,2005,Paris Saint-Germain,France,Net yellow cards (opp. - own)
club_season::160_2006,-0.1165335364666237,0.22237345099301745,-0.5240442865199896,0.6002492783982836,-0.5523844901970856,0.3193174172638381,net_yellow,160,2006,Paris Saint-Germain,France,Net yellow cards (opp. - own)
club_season::160_2007,0.1088336458528438,0.24386337708126443,0.44628942301810387,0.6553894775148457,-0.3691374653844316,0.5868047570901193,net_yellow,160,2007,Paris Saint-Germain,France,Net yellow cards (opp. - own)
club_season::160_2008,-0.21708199637769612,0.21100792760626597,-1.0287859742538403,0.3035835601577745,-0.6306565759023314,0.1964925831469391,net_yellow,160,2008,Paris Saint-Germain,France,Net yellow cards (opp. - own)
club_season::160_2009,-0.11997782078236664,0.21207527406523966,-0.565732244417416,0.5715774962463902,-0.5356443945177637,0.29568875295303043,net_yellow,160,2009,Paris Saint-Germain,France,Net yellow cards (opp. - own)
club_season::160_2010,-0.0960039062463645,0.23526888291266576,-0.40806036505049476,0.6832305166586707,-0.5571298479569402,0.36512203546421124,net_yellow,160,2010,Paris Saint-Germain,France,Net yellow cards (opp. - own)
club_season::160_2011,-0.3025924443108228,0.25752485159118355,-1.1750028878423868,0.23999727212650393,-0.8073399835251035,0.20215509490345795,net_yellow,160,2011,Paris Saint-Germain,France,Net yellow cards (opp. - own)
club_season::160_2012,-0.7817823125382217,0.23935511154446545,-3.2662027039810617,0.0010904885699075694,-1.2509172438038796,-0.312647381272564,net_yellow,160,2012,Paris Saint-Germain,France,Net yellow cards (opp. - own)
club_season::160_2013,-0.44690629149726385,0.22397039051483256,-1.995381132613006,0.046004920087534464,-0.8858872394357791,-0.007925343558748632,net_yellow,160,2013,Paris Saint-Germain,France,Net yellow cards (opp. - own)
club_season::160_2014,-0.4274345033558361,0.2725915321789872,-1.5680402833466485,0.11687592911608394,-0.9617126680760935,0.10684366136442125,net_yellow,160,2014,Paris Saint-Germain,France,Net yellow cards (opp. - own)
club_season::160_2015,-0.3407282967342912,0.20049661379678593,-1.6994217023517295,0.08924388185507794,-0.7337007489439805,0.05224415547539807,net_yellow,160,2015,Paris Saint-Germain,France,Net yellow cards (opp. - own)
club_season::160_2016,-0.49361391104442986,0.21122541164066785,-2.3369059016637417,0.01944668195830896,-0.907614758288489,-0.07961306380037075,net_yellow,160,2016,Paris Saint-Germain,France,Net yellow cards (opp. - own)
club_season::160_2017,-0.1378448424284052,0.21662251365976729,-0.6363366397128405,0.5245589607479776,-0.5624239851115136,0.28673430025470326,net_yellow,160,2017,Paris Saint-Germain,France,Net yellow cards (opp. - own)
club_season::160_2018,-0.9632964698610562,0.20790113047975156,-4.633435458663252,3.602474433394504e-6,-1.370781741131529,-0.5558111985905834,net_yellow,160,2018,Paris Saint-Germain,France,Net yellow cards (opp. - own)
club_season::160_2019,-0.9754199523922394,0.30138893778099124,-3.2364159068805733,0.0012109312472280125,-1.5661409012692733,-0.3846990035152056,net_yellow,160,2019,Paris Saint-Germain,France,Net yellow cards (opp. - own)
club_season::160_2020,-1.0377953901102337,0.282007004037485,-3.6800340957924846,2.3336513391221609e-4,-1.5905278368997902,-0.48506294332067723,net_yellow,160,2020,Paris Saint-Germain,France,Net yellow cards (opp. - own)
club_season::160_2021,-0.703904060964162,0.3012921919234049,-2.336283779777174,0.019479062780970523,-1.2944353883998314,-0.11337273352849253,net_yellow,160,2021,Paris Saint-Germain,France,Net yellow cards (opp. - own)
club_season::160_2022,-0.5716107313666451,0.20430054207913895,-2.797891408164854,0.005145044950202737,-0.9720388657289574,-0.17118259700433275,net_yellow,160,2022,Paris Saint-Germain,France,Net yellow cards (opp. - own)
club_season::160_2023,-0.39966272742560444,0.29937630022346834,-1.3349845232480917,0.18188544377381335,-0.986438915833064,0.18711346098185505,net_yellow,160,2023,Paris Saint-Germain,France,Net yellow cards (opp. - own)
club_season::160_2024,0.06810343301543954,0.2755535108584879,0.24715138922840457,0.8047917372918991,-0.4719801964607262,0.6081870624916053,net_yellow,160,2024,Paris Saint-Germain,France,Net yellow cards (opp. - own)
club_season::160_2025,-0.31755238175100214,0.25060402591264885,-1.2671479661770835,0.20510630209797603,-0.8087351340758338,0.17363037057382952,net_yellow,160,2025,Paris Saint-Germain,France,Net yellow cards (opp. - own)
club_season::359_2005,0.15021957510753722,0.22475422095915848,0.6683726537657977,0.5038977934779164,-0.2902976769410094,0.5907368271560838,net_yellow,359,2005,Arsenal,England,Net yellow cards (opp. - own)
club_season::359_2006,0.40002470186161176,0.2857220489044647,1.4000484155682569,0.16150293649905395,-0.15998921599022264,0.9600386197134462,net_yellow,359,2006,Arsenal,England,Net yellow cards (opp. - own)
club_season::359_2007,0.38984356913421936,0.2785536324535126,1.3995278600406682,0.16165886510150917,-0.1561202850390031,0.9358074233074418,net_yellow,359,2007,Arsenal,England,Net yellow cards (opp. - own)
club_season::359_2008,-0.033843251572510044,0.2692794235349324,-0.12568079331215484,0.8999849411995731,-0.5616296983969313,0.49394319525191127,net_yellow,359,2008,Arsenal,England,Net yellow cards (opp. - own)
club_season::359_2009,0.2487703711240075,0.274017207860287,0.9078640464464841,0.36395295763110935,-0.28830211145492424,0.7858428537029392,net_yellow,359,2009,Arsenal,England,Net yellow cards (opp. - own)
club_season::359_2010,-0.3510351128810937,0.22924791897979357,-1.5312466714781159,0.1257126366222719,-0.8003599926357552,0.09828976687356783,net_yellow,359,2010,Arsenal,England,Net yellow cards (opp. - own)
club_season::359_2011,0.13172094933427558,0.2446855935582223,0.5383273588722048,0.5903526561026065,-0.34786170246260667,0.6113036011311579,net_yellow,359,2011,Arsenal,England,Net yellow cards (opp. - own)
club_season::359_2012,-0.34135004396178725,0.09162847946316129,-3.7253706048786404,1.951706495794128e-4,-0.5209414474524174,-0.161758640471157,net_yellow,359,2012,Arsenal,England,Net yellow cards (opp. - own)
club_season::359_2013,-0.3473003157361194,0.1068541288263747,-3.2502283210828593,0.0011536294464533133,-0.5567339228103534,-0.1378667086618854,net_yellow,359,2013,Arsenal,England,Net yellow cards (opp. - own)
club_season::359_2014,-0.1571366287907815,0.2565759612839155,-0.6124370654384925,0.540250472337184,-0.6600243473135115,0.34575108973194846,net_yellow,359,2014,Arsenal,England,Net yellow cards (opp. - own)
club_season::359_2015,0.2831570234652677,0.2536224488552561,1.1164509480265574,0.26423271453571234,-0.2139418241147416,0.780255871045277,net_yellow,359,2015,Arsenal,England,Net yellow cards (opp. - own)
club_season::359_2016,-0.38913684461739945,0.05971568841475936,-6.5164926495466835,7.242208914439105e-11,-0.5061793226291348,-0.27209436660566405,net_yellow,359,2016,Arsenal,England,Net yellow cards (opp. - own)
club_season::359_2017,-0.5286713804536155,0.2428480877175787,-2.176963324777901,0.029486396027294783,-1.0046525291504045,-0.05269023175682658,net_yellow,359,2017,Arsenal,England,Net yellow cards (opp. - own)
club_season::359_2018,-0.40737155793442786,0.2770392964059221,-1.4704468399224526,0.14144494742255015,-0.9503673203338194,0.13562420446496376,net_yellow,359,2018,Arsenal,England,Net yellow cards (opp. - own)
club_season::359_2019,-0.44366980193065536,0.32549006679418724,-1.3630824630086027,0.17286059465574508,-1.0816288541850219,0.1942892503237112,net_yellow,359,2019,Arsenal,England,Net yellow cards (opp. - own)
club_season::359_2020,0.46810245667425826,0.2124221587336047,2.2036423105053657,0.027552521666817067,0.05175599056472108,0.8844489227837955,net_yellow,359,2020,Arsenal,England,Net yellow cards (opp. - own)
club_season::359_2021,-0.2551633002732837,0.25593552896402383,-0.9969827218055033,0.31877609716381794,-0.7567957743584329,0.2464691738118655,net_yellow,359,2021,Arsenal,England,Net yellow cards (opp. - own)
club_season::359_2022,0.2058691322319734,0.19201278694013157,1.072163659059655,0.28364996264710846,-0.17047505787967876,0.58221332234362555,net_yellow,359,2022,Arsenal,England,Net yellow cards (opp. - own)
club_season::359_2023,0.004940362541793085,0.30636479323233323,0.016125751558034074,0.9871341120913206,-0.595533240415158,0.6054139654987442,net_yellow,359,2023,Arsenal,England,Net yellow cards (opp. - own)
club_season::359_2024,0.018315556161463818,0.2360824044410701,0.07758119968672071,0.9381614036955273,-0.4444048840490539,0.4810359963719815,net_yellow,359,2024,Arsenal,England,Net yellow cards (opp. - own)
club_season::359_2025,0.07917737240395253,0.2644889164472833,0.29935988799641744,0.7646662896786649,-0.4392197022913743,0.5975744470992793,net_yellow,359,2025,Arsenal,England,Net yellow cards (opp. - own)
club_season::360_2005,-0.1473039432948312,0.2506111666106667,-0.5877788499491449,0.5566825028735338,-0.6385006913553385,0.3438928047656761,net_yellow,360,2005,Manchester United,England,Net yellow cards (opp. - own)
club_season::360_2006,-0.004077084082905439,0.18122684542531797,-0.022497131003615965,0.9820514600989328,-0.3592808778247584,0.3511267096589476,net_yellow,360,2006,Manchester United,England,Net yellow cards (opp. - own)
club_season::360_2007,0.5604368832197082,0.2563647069992128,2.1860921878822777,0.028811926364912078,0.0579632221352927,1.0629105443041236,net_yellow,360,2007,Manchester United,England,Net yellow cards (opp. - own)
club_season::360_2008,-0.2902716867302462,0.29331974559074087,-0.9896084088905918,0.32236873489996265,-0.8651770555717593,0.2846336821112669,net_yellow,360,2008,Manchester United,England,Net yellow cards (opp. - own)
club_season::360_2009,-3.109825550131592e-4,0.23296740399407584,-0.0013348758224608417,0.998934927039475,-0.4569260360404947,0.4563040709304684,net_yellow,360,2009,Manchester United,England,Net yellow cards (opp. - own)
club_season::360_2010,-0.4076013365057829,0.2411126866294947,-1.6905014091279347,0.09093620349561864,-0.8801811069536456,0.06497843394207986,net_yellow,360,2010,Manchester United,England,Net yellow cards (opp. - own)
club_season::360_2011,-0.15480624170631557,0.21092655151688514,-0.7339343510478954,0.46299103278086795,-0.5682213244654462,0.25860884105281506,net_yellow,360,2011,Manchester United,England,Net yellow cards (opp. - own)
club_season::360_2012,-0.3020869474009497,0.20896895089670647,-1.445606852619323,0.1482916609835304,-0.7116651418376745,0.107491247035775,net_yellow,360,2012,Manchester United,England,Net yellow cards (opp. - own)
club_season::360_2013,-0.09184328164455521,0.251190197002038,-0.36563242809913504,0.7146404000497568,-0.5841749266416848,0.4004883633525743,net_yellow,360,2013,Manchester United,England,Net yellow cards (opp. - own)
club_season::360_2014,-0.22801506652788392,0.22730402658555396,-1.0031281449475877,0.31580225676955814,-0.6735299260207053,0.2174997929649374,net_yellow,360,2014,Manchester United,England,Net yellow cards (opp. - own)
club_season::360_2015,-0.5251888209039262,0.22547496135054063,-2.3292556200394574,0.01984815610756867,-0.9671187208453448,-0.08325892096250753,net_yellow,360,2015,Manchester United,England,Net yellow cards (opp. - own)
club_season::360_2016,-0.2793628690006645,0.08589899425190471,-3.2522251445856707,0.0011455559821293068,-0.44772450750559434,-0.11100123049573465,net_yellow,360,2016,Manchester United,England,Net yellow cards (opp. - own)
club_season::360_2017,-0.28295562698703924,0.2858980652466758,-0.9897080861421786,0.32231999842246495,-0.8433145360699864,0.2774032820959079,net_yellow,360,2017,Manchester United,England,Net yellow cards (opp. - own)
club_season::360_2018,-0.4650320980344593,0.17984698939160224,-2.585709661349346,0.00971973330449944,-0.8175313802187495,-0.11253281585016905,net_yellow,360,2018,Manchester United,England,Net yellow cards (opp. - own)
club_season::360_2019,-0.2294024853292677,0.2627426548482049,-0.8731071300996067,0.3826074692667396,-0.7443768952234575,0.28557192456492203,net_yellow,360,2019,Manchester United,England,Net yellow cards (opp. - own)
club_season::360_2020,-0.32238196206056086,0.321665759195522,-1.002226543685688,0.3162374079222865,-0.9528453887949131,0.30808146467379144,net_yellow,360,2020,Manchester United,England,Net yellow cards (opp. - own)
club_season::360_2021,-0.9509702939677206,0.2505116657559266,-3.796111814186931,1.4709823031755904e-4,-1.4419720208049578,-0.45996856713048345,net_yellow,360,2021,Manchester United,England,Net yellow cards (opp. - own)
club_season::360_2022,-0.8714727958687463,0.24947579450460142,-3.4932158352247376,4.775140429989252e-4,-1.3604442197592246,-0.38250137197826795,net_yellow,360,2022,Manchester United,England,Net yellow cards (opp. - own)
club_season::360_2023,0.0943908366771653,0.33613494033931723,0.2808123326360563,0.7788551147286311,-0.5644321193672753,0.7532137927216059,net_yellow,360,2023,Manchester United,England,Net yellow cards (opp. - own)
club_season::360_2024,-0.3817681145996063,0.3139660226131053,-1.2159535972147288,0.2240064070338286,-0.9971400926113996,0.23360386341218692,net_yellow,360,2024,Manchester United,England,Net yellow cards (opp. - own)
club_season::360_2025,0.18524799978794676,0.2974266121612409,0.6228359945394534,0.5333941864159418,-0.39770680887474535,0.7682028084506389,net_yellow,360,2025,Manchester United,England,Net yellow cards (opp. - own)
club_season::363_2005,-0.5568959752126658,0.27426069616163506,-2.030535118617434,0.04230567844233744,-1.0944456937561018,-0.019346256669229844,net_yellow,363,2005,Chelsea,England,Net yellow cards (opp. - own)
club_season::363_2006,-0.2955339825739583,0.24818586149456642,-1.1907768669587508,0.2337449424544809,-0.7819771436247787,0.190909178476862,net_yellow,363,2006,Chelsea,England,Net yellow cards (opp. - own)
club_season::363_2007,-0.05101835981347913,0.23024960358688032,-0.22157849142280203,0.8246426278946191,-0.5023065368474979,0.40026981722053967,net_yellow,363,2007,Chelsea,England,Net yellow cards (opp. - own)
club_season::363_2008,-0.2855366084339953,0.2985624681790735,-0.9563714092246,0.3388876912669778,-0.870717689731582,0.2996444728635914,net_yellow,363,2008,Chelsea,England,Net yellow cards (opp. - own)
club_season::363_2009,-0.2500904959250155,0.22390882135346624,-1.116930071862682,0.2640277857635743,-0.688950768586954,0.18876977673692308,net_yellow,363,2009,Chelsea,England,Net yellow cards (opp. - own)
club_season::363_2010,-0.3952582897270741,0.2446070050053723,-1.6158911300123766,0.10612203874129036,-0.8746869083173887,0.0841703288632405,net_yellow,363,2010,Chelsea,England,Net yellow cards (opp. - own)
club_season::363_2011,-0.5430112105728155,0.2433331126119667,-2.2315549443479696,0.025647320396160824,-1.0199430058591952,-0.06607941528643596,net_yellow,363,2011,Chelsea,England,Net yellow cards (opp. - own)
club_season::363_2012,-0.014436440890081113,0.2546818005766477,-0.056684226581539335,0.9547968894203333,-0.5136116130315105,0.48473873125134825,net_yellow,363,2012,Chelsea,England,Net yellow cards (opp. - own)
club_season::363_2013,0.32494425359255974,0.3084069449967448,1.0536217126886993,0.29205952164439003,-0.2795319575453882,0.9294204647305077,net_yellow,363,2013,Chelsea,England,Net yellow cards (opp. - own)
club_season::363_2014,-0.22091875514086692,0.26290125534927883,-0.8403107655281606,0.4007368322493955,-0.7362040212966584,0.2943665110149246,net_yellow,363,2014,Chelsea,England,Net yellow cards (opp. - own)
club_season::363_2015,1.1003795243925867,0.29041352503091095,3.7890092215073827,1.5136681217628922e-4,0.5311703346457296,1.6695887141394437,net_yellow,363,2015,Chelsea,England,Net yellow cards (opp. - own)
club_season::363_2016,-0.32080197726220977,0.12108198514343613,-2.649460833353379,0.008063713059028687,-0.5581221180824435,-0.08348183644197602,net_yellow,363,2016,Chelsea,England,Net yellow cards (opp. - own)
club_season::363_2017,0.4350467874086196,0.21715416331811546,2.0034006291249726,0.04513787687329879,0.009425613810369216,0.8606679610068699,net_yellow,363,2017,Chelsea,England,Net yellow cards (opp. - own)
club_season::363_2018,-0.09205809846972526,0.2671086465624248,-0.3446466434332023,0.7303609969023548,-0.6155898322896104,0.4314736353501599,net_yellow,363,2018,Chelsea,England,Net yellow cards (opp. - own)
club_season::363_2019,-0.010263232604375496,0.2007646812412147,-0.0511207077904526,0.959229470592151,-0.403761095787347,0.38323463057859597,net_yellow,363,2019,Chelsea,England,Net yellow cards (opp. - own)
club_season::363_2020,-0.28684047190012574,0.2712977441300467,-1.057290294911662,0.29038250953235706,-0.8185828179219833,0.2449018741217318,net_yellow,363,2020,Chelsea,England,Net yellow cards (opp. - own)
club_season::363_2021,-0.43466479078613557,0.28197306514690007,-1.54151174176756,0.12319648527682762,-0.9873307175043258,0.11800113593205469,net_yellow,363,2021,Chelsea,England,Net yellow cards (opp. - own)
club_season::363_2022,-0.43540061701908644,0.3045879156216861,-1.4294743641762744,0.15287208239859876,-1.0323915479313106,0.16159031389313766,net_yellow,363,2022,Chelsea,England,Net yellow cards (opp. - own)
club_season::363_2023,-0.4829275002699841,0.3205638043473441,-1.5064941634730296,0.1319445548527637,-1.1112311005079563,0.14537609996798795,net_yellow,363,2023,Chelsea,England,Net yellow cards (opp. - own)
club_season::363_2024,-0.3503612319258682,0.32347393099113375,-1.0831204568861268,0.27875842464186706,-0.9843686671653125,0.28364620331357604,net_yellow,363,2024,Chelsea,England,Net yellow cards (opp. - own)
club_season::363_2025,-0.4997346535003468,0.2913704355584999,-1.715117913533175,0.08632772067350683,-1.0708193835341488,0.07135007653345521,net_yellow,363,2025,Chelsea,England,Net yellow cards (opp. - own)
club_season::364_2005,-0.15923515348318792,0.2347422476575103,-0.6783404141018217,0.49755796223854165,-0.6193288924860997,0.3008585855197238,net_yellow,364,2005,Liverpool,England,Net yellow cards (opp. - own)
club_season::364_2006,0.015199112814730811,0.19603092617981202,0.07753426008296885,0.9381987434827188,-0.3690206119527715,0.3994188375822331,net_yellow,364,2006,Liverpool,England,Net yellow cards (opp. - own)
club_season::364_2007,0.4113866092468677,0.24655050860612748,1.6685692987316902,0.09520692075835199,-0.07185126757182386,0.8946244860655592,net_yellow,364,2007,Liverpool,England,Net yellow cards (opp. - own)
club_season::364_2008,-0.07220089312658937,0.20151612104769745,-0.35828842254014964,0.7201284846248517,-0.46717157491656636,0.32276978866338757,net_yellow,364,2008,Liverpool,England,Net yellow cards (opp. - own)
club_season::364_2009,0.10679802616213456,0.2642443900750226,0.4041638353488342,0.6860933923798327,-0.4111197779544152,0.6247158302786843,net_yellow,364,2009,Liverpool,England,Net yellow cards (opp. - own)
club_season::364_2010,-0.41691205790119423,0.2735680192840387,-1.5239795170221455,0.12751802325550932,-0.9531041329112889,0.11928001710890046,net_yellow,364,2010,Liverpool,England,Net yellow cards (opp. - own)
club_season::364_2011,0.03428823214039466,0.2488959585701513,0.13776130531557237,0.8904294345594725,-0.45354671595268636,0.5221231802334757,net_yellow,364,2011,Liverpool,England,Net yellow cards (opp. - own)
club_season::364_2012,-0.09481307569388328,0.2692138434883736,-0.35218499340646986,0.7247005150340098,-0.6224709859249717,0.4328448345372051,net_yellow,364,2012,Liverpool,England,Net yellow cards (opp. - own)
club_season::364_2013,0.35799702549045753,0.28788664168098527,1.2435346892099406,0.21367473370215226,-0.20625948436987251,0.9222535353507876,net_yellow,364,2013,Liverpool,England,Net yellow cards (opp. - own)
club_season::364_2014,0.03142786763779857,0.2915734385211796,0.10778714205654806,0.9141648294961462,-0.5400547472806375,0.6029104825562347,net_yellow,364,2014,Liverpool,England,Net yellow cards (opp. - own)
club_season::364_2015,-0.5860871213416534,0.24489826383767216,-2.39318610167908,0.016705197707526473,-1.066086605920122,-0.10608763676318494,net_yellow,364,2015,Liverpool,England,Net yellow cards (opp. - own)
club_season::364_2016,-0.40580737597318084,0.05679576410809105,-7.145028900410023,9.078820808649674e-13,-0.5171268156087114,-0.2944879363376503,net_yellow,364,2016,Liverpool,England,Net yellow cards (opp. - own)
club_season::364_2017,-0.2790202399265336,0.23953223908670043,-1.164854639151685,0.24408152386813325,-0.7485023403703027,0.19046186051723557,net_yellow,364,2017,Liverpool,England,Net yellow cards (opp. - own)
club_season::364_2018,-0.2748258479860256,0.20414342906862837,-1.3462390106792779,0.17822949622573092,-0.6749460415614827,0.12529434558943148,net_yellow,364,2018,Liverpool,England,Net yellow cards (opp. - own)
club_season::364_2019,-0.43105134133385165,0.20683833073002542,-2.0840012574675,0.037163412189784646,-0.8364535299230327,-0.025649152744670556,net_yellow,364,2019,Liverpool,England,Net yellow cards (opp. - own)
club_season::364_2020,-0.08345827656557935,0.21573001783071089,-0.38686445866365843,0.6988576463571018,-0.5062881314782385,0.33937157834707976,net_yellow,364,2020,Liverpool,England,Net yellow cards (opp. - own)
club_season::364_2021,-0.09315302734964467,0.2638949187706076,-0.35299287983115185,0.7240947655308392,-0.6103858692971472,0.4240798145978578,net_yellow,364,2021,Liverpool,England,Net yellow cards (opp. - own)
club_season::364_2022,-0.36825606866275573,0.20540340423879036,-1.79284306424952,0.07300202946254428,-0.7708458078478146,0.034333670522303184,net_yellow,364,2022,Liverpool,England,Net yellow cards (opp. - own)
club_season::364_2023,0.28030950074637206,0.2956999317694555,0.9479525377940137,0.3431566559730438,-0.29926102219252215,0.8598800236852663,net_yellow,364,2023,Liverpool,England,Net yellow cards (opp. - own)
club_season::364_2024,-0.07391976506336732,0.24270061042128882,-0.3045718135403723,0.7606931310173679,-0.5496118589293997,0.401772328802665,net_yellow,364,2024,Liverpool,England,Net yellow cards (opp. - own)
club_season::364_2025,0.12241052782147842,0.20948405859009492,0.5843429263560506,0.5589913658955109,-0.2881772753542153,0.5329983309971721,net_yellow,364,2025,Liverpool,England,Net yellow cards (opp. - own)
club_season::382_2005,-0.6962491479611228,0.2268432555237209,-3.0692962255089675,0.002146399260040643,-1.140860898265979,-0.2516373976562668,net_yellow,382,2005,Manchester City,England,Net yellow cards (opp. - own)
club_season::382_2006,-0.017701484817192366,0.20635833008609336,-0.08578032594956186,0.9316412742722027,-0.42216287432485183,0.3867599046904671,net_yellow,382,2006,Manchester City,England,Net yellow cards (opp. - own)
club_season::382_2007,0.04919007426070468,0.2460425313927595,0.19992508605019269,0.8415397099894945,-0.43305216952746506,0.5314323180488744,net_yellow,382,2007,Manchester City,England,Net yellow cards (opp. - own)
club_season::382_2008,0.2321017713206092,0.22133758455339755,1.0486324398494318,0.2943506817133649,-0.20171888889401438,0.6659224315352328,net_yellow,382,2008,Manchester City,England,Net yellow cards (opp. - own)
club_season::382_2009,0.710411496473487,0.2733504280437471,2.5989039108429437,0.009354015817174365,0.17464589930587293,1.246177093641101,net_yellow,382,2009,Manchester City,England,Net yellow cards (opp. - own)
club_season::382_2010,-0.8157356796016442,0.2535649158092767,-3.2170684063216934,0.0012956238775029048,-1.3127217626728995,-0.31874959653038876,net_yellow,382,2010,Manchester City,England,Net yellow cards (opp. - own)
club_season::382_2011,-0.3510344605233932,0.22176349437211076,-1.582922660545611,0.11344328852097173,-0.7856899020478376,0.08362098100105114,net_yellow,382,2011,Manchester City,England,Net yellow cards (opp. - own)
club_season::382_2012,-0.2651655745176093,0.24382979006121225,-1.0875027799147956,0.27681814799864546,-0.7430708553481642,0.21273970631294564,net_yellow,382,2012,Manchester City,England,Net yellow cards (opp. - own)
club_season::382_2013,-0.6025307918548634,0.25836527275702537,-2.3320889275297527,0.019698632834914152,-1.1089255527362618,-0.09613603097346501,net_yellow,382,2013,Manchester City,England,Net yellow cards (opp. - own)
club_season::382_2014,-1.0545543726095425,0.22886484521347986,-4.607760408226429,4.0769458923390824e-6,-1.5031284295224872,-0.6059803156965979,net_yellow,382,2014,Manchester City,England,Net yellow cards (opp. - own)
club_season::382_2015,-0.4367788207080398,0.2641867296401677,-1.6532958385265946,0.09827483387026538,-0.9545836106342185,0.08102596921813882,net_yellow,382,2015,Manchester City,England,Net yellow cards (opp. - own)
club_season::382_2016,-0.3990208905965238,0.0912259628445543,-4.373983876458951,1.221627796977999e-5,-0.5778233633432689,-0.22021841784977866,net_yellow,382,2016,Manchester City,England,Net yellow cards (opp. - own)
club_season::382_2017,-0.14628638009258232,0.2617868461656625,-0.5587995815496787,0.5763001680936968,-0.6593874093111128,0.3668146491259482,net_yellow,382,2017,Manchester City,England,Net yellow cards (opp. - own)
club_season::382_2018,-0.3541349615658252,0.21894609895372172,-1.6174527121429925,0.10578477962159734,-0.7832683208693156,0.07499839773766531,net_yellow,382,2018,Manchester City,England,Net yellow cards (opp. - own)
club_season::382_2019,-0.8154819549881125,0.22523204936277047,-3.6206301780554098,2.940788419124084e-4,-1.2569357485370216,-0.3740281614392034,net_yellow,382,2019,Manchester City,England,Net yellow cards (opp. - own)
club_season::382_2020,-0.1849301231603167,0.25108032212250597,-0.7365377007525362,0.4614058249200007,-0.6770464138927119,0.3071861675720785,net_yellow,382,2020,Manchester City,England,Net yellow cards (opp. - own)
club_season::382_2021,-0.06812952090624234,0.25013537646927614,-0.272370593347921,0.7853378274068944,-0.5583937224510815,0.4221346806385969,net_yellow,382,2021,Manchester City,England,Net yellow cards (opp. - own)
club_season::382_2022,-0.06361268707067991,0.23698999913537022,-0.2684192890111955,0.7883773281861678,-0.5281120087589324,0.4008866346175725,net_yellow,382,2022,Manchester City,England,Net yellow cards (opp. - own)
club_season::382_2023,0.5704869228955984,0.24896148866213821,2.2914665475422082,0.021939189236278717,0.08252353611991836,1.0584503096712785,net_yellow,382,2023,Manchester City,England,Net yellow cards (opp. - own)
club_season::382_2024,0.253981413868492,0.2566848434087042,0.9894679035025544,0.32243744216688397,-0.2491197131241853,0.7570825408611692,net_yellow,382,2024,Manchester City,England,Net yellow cards (opp. - own)
club_season::382_2025,-0.14546191483330653,0.32843064405789274,-0.44289994696008284,0.6578393767675608,-0.7891844851658469,0.49826065549923393,net_yellow,382,2025,Manchester City,England,Net yellow cards (opp. - own)
club_season::83_2005,0.6349864460874345,0.28226507879860424,2.2496103619693475,0.02447656323125992,0.08174817393848699,1.1882247182363819,net_yellow,83,2005,Barcelona,Spain,Net yellow cards (opp. - own)
club_season::83_2006,0.36963217520731734,0.3094307868580585,1.1945552637490926,0.23226459551975842,-0.2368507613276149,0.9761151117422495,net_yellow,83,2006,Barcelona,Spain,Net yellow cards (opp. - own)
club_season::83_2007,0.10954667881229138,0.29192890499560026,0.37525122362906266,0.7074746937291756,-0.4626326487811677,0.6817260064057505,net_yellow,83,2007,Barcelona,Spain,Net yellow cards (opp. - own)
club_season::83_2008,0.6590505720701066,0.27308326408553146,2.413368590261495,0.015808195517990068,0.12380861504690144,1.1942925290933117,net_yellow,83,2008,Barcelona,Spain,Net yellow cards (opp. - own)
club_season::83_2009,0.5408888119963954,0.3240802005699118,1.668996782417483,0.09512217037237652,-0.09430690886324411,1.1760845328560348,net_yellow,83,2009,Barcelona,Spain,Net yellow cards (opp. - own)
club_season::83_2010,0.36892302326159476,0.29363496548638296,1.2564001792174277,0.20897481043610172,-0.2066001751433708,0.9444462216665603,net_yellow,83,2010,Barcelona,Spain,Net yellow cards (opp. - own)
club_season::83_2011,1.0722509487074696,0.3362588903018568,3.1887660955073005,0.0014293982363524894,0.4131850512995412,1.731316846115398,net_yellow,83,2011,Barcelona,Spain,Net yellow cards (opp. - own)
club_season::83_2012,0.3966427281923822,0.25025589505798473,1.5849485907234249,0.11298221015916778,-0.09385768923882437,0.8871431456235888,net_yellow,83,2012,Barcelona,Spain,Net yellow cards (opp. - own)
club_season::83_2013,0.3054438249287207,0.2573332111101742,1.186958432652319,0.23524775766908174,-0.19892809981338133,0.8098157496708227,net_yellow,83,2013,Barcelona,Spain,Net yellow cards (opp. - own)
club_season::83_2014,0.3104057663489009,0.26928280087321793,1.1527129298355903,0.24903188809901516,-0.2173873000432172,0.838198832741019,net_yellow,83,2014,Barcelona,Spain,Net yellow cards (opp. - own)
club_season::83_2015,0.7255110562347822,0.28859884674289904,2.5139083694298696,0.011942211486675519,0.15985862768856318,1.2911634847810012,net_yellow,83,2015,Barcelona,Spain,Net yellow cards (opp. - own)
club_season::83_2016,0.16561510171517022,0.27517940982705774,0.601844090803358,0.5472797331626291,-0.3737352914388884,0.7049654948692289,net_yellow,83,2016,Barcelona,Spain,Net yellow cards (opp. - own)
club_season::83_2017,0.32717806165771135,0.31416514941430007,1.041420610362643,0.29768372132775434,-0.28858420397981444,0.9429403272952371,net_yellow,83,2017,Barcelona,Spain,Net yellow cards (opp. - own)
club_season::83_2018,0.017915920457429485,0.30404528449045143,0.05892517125353456,0.9530118653249673,-0.5780114559026827,0.6138432968175417,net_yellow,83,2018,Barcelona,Spain,Net yellow cards (opp. - own)
club_season::83_2019,-0.5709617723560703,0.35216744579858994,-1.6212792498787982,0.1049619457437895,-1.2612083662669407,0.11928482155480014,net_yellow,83,2019,Barcelona,Spain,Net yellow cards (opp. - own)
club_season::83_2020,-0.5051235670909227,0.29977836303377603,-1.6849900772658846,0.0919946255278994,-1.0926877967800621,0.08244066259821692,net_yellow,83,2020,Barcelona,Spain,Net yellow cards (opp. - own)
club_season::83_2021,-0.46689013948172914,0.29272885050215103,-1.5949577183144725,0.11072588364637095,-1.0406373566339715,0.10685707767051328,net_yellow,83,2021,Barcelona,Spain,Net yellow cards (opp. - own)
club_season::83_2022,-0.5208625297214886,0.2340121759038046,-2.22579243028619,0.02603103368086412,-0.9795253314037653,-0.062199728039211866,net_yellow,83,2022,Barcelona,Spain,Net yellow cards (opp. - own)
club_season::83_2023,-0.31416276834130386,0.3073535029938822,-1.0221545070451246,0.3067110589850455,-0.9165742379393014,0.28824870125669366,net_yellow,83,2023,Barcelona,Spain,Net yellow cards (opp. - own)
club_season::83_2024,0.20978637112479012,0.28451430097232594,0.7373491258887389,0.4609123598748809,-0.347860366266706,0.7674331085162863,net_yellow,83,2024,Barcelona,Spain,Net yellow cards (opp. - own)
club_season::83_2025,0.24566584221107546,0.2302075946831128,1.0671491639936612,0.2859079018638312,-0.20553999756240038,0.6968716819845513,net_yellow,83,2025,Barcelona,Spain,Net yellow cards (opp. - own)
club_season::86_2005,-0.21877119889869354,0.2844809909017959,-0.7690186898083968,0.44188462502389536,-0.7763526487032745,0.33881025090588734,net_yellow,86,2005,Real Madrid,Spain,Net yellow cards (opp. - own)
club_season::86_2006,-0.22367903610854672,0.31976309676711845,-0.6995148544969554,0.48423249166164073,-0.8504132531267947,0.4030551809097013,net_yellow,86,2006,Real Madrid,Spain,Net yellow cards (opp. - own)
club_season::86_2007,-0.08822834962068449,0.29950668813945835,-0.2945788962802827,0.7683163967074234,-0.6752600977511477,0.49880339850977873,net_yellow,86,2007,Real Madrid,Spain,Net yellow cards (opp. - own)
club_season::86_2008,-0.5975120089686422,0.32939257256473725,-1.813981427438562,0.06968455942838792,-1.2431199548046723,0.04809593686738789,net_yellow,86,2008,Real Madrid,Spain,Net yellow cards (opp. - own)
club_season::86_2009,0.13593553868164288,0.29807961796700017,0.4560376841891016,0.6483641936939297,-0.4482991583938105,0.7201702357570963,net_yellow,86,2009,Real Madrid,Spain,Net yellow cards (opp. - own)
club_season::86_2010,0.06765085785804717,0.3067368094989494,0.2205501777519104,0.8254432954142809,-0.5335518952914464,0.6688536110075407,net_yellow,86,2010,Real Madrid,Spain,Net yellow cards (opp. - own)
club_season::86_2011,0.25990718574220334,0.35505190592730873,0.7320258852389183,0.4641550444858973,-0.43599293691720037,0.955807308401607,net_yellow,86,2011,Real Madrid,Spain,Net yellow cards (opp. - own)
club_season::86_2012,0.1830273714943398,0.3324324215805027,0.5505701598663638,0.5819300008738821,-0.46853866460292193,0.8345934075916015,net_yellow,86,2012,Real Madrid,Spain,Net yellow cards (opp. - own)
club_season::86_2013,-0.14127197728695406,0.28970082644703177,-0.48764782282312163,0.625800733904835,-0.709084281047112,0.42654032647320383,net_yellow,86,2013,Real Madrid,Spain,Net yellow cards (opp. - own)
club_season::86_2014,0.2969773534173604,0.30197957176072143,0.983435242608647,0.32539642866976315,-0.2949012353767655,0.8888559422114863,net_yellow,86,2014,Real Madrid,Spain,Net yellow cards (opp. - own)
club_season::86_2015,0.8748625425636504,0.27585653768209384,3.1714403070333277,0.0015174578955858158,0.3341849818898315,1.4155401032374693,net_yellow,86,2015,Real Madrid,Spain,Net yellow cards (opp. - own)
club_season::86_2016,0.6258927564571269,0.2897055852146386,2.160444217854524,0.030741438333371958,0.05807112553407823,1.1937143873801757,net_yellow,86,2016,Real Madrid,Spain,Net yellow cards (opp. - own)
club_season::86_2017,0.3894711551926989,0.27013453389806474,1.4417673652183465,0.14937216672752504,-0.13999130405879823,0.9189336144441961,net_yellow,86,2017,Real Madrid,Spain,Net yellow cards (opp. - own)
club_season::86_2018,-0.18375925370961227,0.32244909602897404,-0.5698860873627642,0.5687566601137674,-0.8157580170789256,0.448239509659701,net_yellow,86,2018,Real Madrid,Spain,Net yellow cards (opp. - own)
club_season::86_2019,-0.12314489881925236,0.2621971815996785,-0.46966522701708313,0.638595573771807,-0.6370501836243496,0.39076038598584484,net_yellow,86,2019,Real Madrid,Spain,Net yellow cards (opp. - own)
club_season::86_2020,0.1537196503298823,0.2719261257835775,0.5652993065191014,0.5718718828238278,-0.3792543208782333,0.686693621537998,net_yellow,86,2020,Real Madrid,Spain,Net yellow cards (opp. - own)
club_season::86_2021,-0.40078520320727884,0.2791764484958985,-1.4355981866184064,0.15112086058565535,-0.9479697739941992,0.14639936757964156,net_yellow,86,2021,Real Madrid,Spain,Net yellow cards (opp. - own)
club_season::86_2022,0.21426565900178887,0.23276327168829608,0.920530363092343,0.3572986195928518,-0.2419492960917128,0.6704806140952906,net_yellow,86,2022,Real Madrid,Spain,Net yellow cards (opp. - own)
club_season::86_2023,0.2719166349922924,0.23868756782588985,1.1392157432792707,0.2546168010568162,-0.19590991361752802,0.7397431836021129,net_yellow,86,2023,Real Madrid,Spain,Net yellow cards (opp. - own)
club_season::86_2024,0.26412443557657506,0.3108906123283338,0.8495735319843989,0.3955649308165514,-0.34521975224828516,0.8734686234014353,net_yellow,86,2024,Real Madrid,Spain,Net yellow cards (opp. - own)
club_season::86_2025,-0.17929904496507132,0.29563736429052795,-0.6064830316538442,0.5441958731819239,-0.758746935929504,0.4001488459993614,net_yellow,86,2025,Real Madrid,Spain,Net yellow cards (opp. - own)
club_season::103_2005,0.21849164973741567,0.8966612669165005,0.24367245223916,0.8074851805478553,-1.5389606634876742,1.9759439629625055,net_fouls,103,2005,AC Milan,Italy,Net fouls (opp. - own)
club_season::103_2006,-0.666067513129989,0.8592158429437615,-0.7752039474132291,0.4382216140403745,-2.350126952804411,1.017991926544433,net_fouls,103,2006,AC Milan,Italy,Net fouls (opp. - own)
club_season::103_2007,0.9817335897083785,0.8968968548543138,1.0945891764419724,0.2737001947708507,-0.7761804748843171,2.7396476543010744,net_fouls,103,2007,AC Milan,Italy,Net fouls (opp. - own)
club_season::103_2008,-2.2156623800228954,0.9120941705314569,-2.4292035313983846,0.01513438069112911,-4.003363119447052,-0.4279616405987394,net_fouls,103,2008,AC Milan,Italy,Net fouls (opp. - own)
club_season::103_2009,0.3862546878748924,0.8963551994511015,0.43091699374469195,0.6665299720414399,-1.3705977344048483,2.143107110154633,net_fouls,103,2009,AC Milan,Italy,Net fouls (opp. - own)
club_season::103_2010,-0.8900419547794908,0.925496232024177,-0.9616916028203127,0.3362076597888948,-2.704010678381622,0.9239267688226404,net_fouls,103,2010,AC Milan,Italy,Net fouls (opp. - own)
club_season::103_2011,-2.545101152828311,0.9536504310617455,-2.668798828093357,0.00761394986296039,-4.414251988172292,-0.6759503174843307,net_fouls,103,2011,AC Milan,Italy,Net fouls (opp. - own)
club_season::103_2012,-0.057866897157428,1.0331436713823836,-0.056010503437532555,0.9553335898145294,-2.0828241493077155,1.9670903549928593,net_fouls,103,2012,AC Milan,Italy,Net fouls (opp. - own)
club_season::103_2013,-1.8362980057116784,0.8337239492359749,-2.202525197212414,0.02763127948596737,-3.470393440897202,-0.2022025705261552,net_fouls,103,2013,AC Milan,Italy,Net fouls (opp. - own)
club_season::103_2014,2.167111200511909,0.8966106787998785,2.4170035576785756,0.01565124758446331,0.4097580397827052,3.924464361241113,net_fouls,103,2014,AC Milan,Italy,Net fouls (opp. - own)
club_season::103_2015,0.5306468591651511,0.9198231262388115,0.5769009758810745,0.564008092674547,-1.2722026009497243,2.333496319280026,net_fouls,103,2015,AC Milan,Italy,Net fouls (opp. - own)
club_season::103_2016,0.1114862500732554,0.8501052056330557,0.13114406232841958,0.8956616991978665,-1.5547163787770342,1.777688878923545,net_fouls,103,2016,AC Milan,Italy,Net fouls (opp. - own)
club_season::103_2017,-0.129399013810364,0.9134725254579972,-0.14165616392839608,0.8873519844315902,-1.9198013230953703,1.6610032954746423,net_fouls,103,2017,AC Milan,Italy,Net fouls (opp. - own)
club_season::103_2018,0.8838649770004839,0.8051130957626591,1.0978146817537797,0.2722889636545054,-0.6941533056690877,2.4618832596700555,net_fouls,103,2018,AC Milan,Italy,Net fouls (opp. - own)
club_season::103_2019,-2.208744797645641,0.8904761387891245,-2.4804087402601347,0.013125374450027724,-3.954074285745886,-0.4634153095453959,net_fouls,103,2019,AC Milan,Italy,Net fouls (opp. - own)
club_season::103_2020,-0.9200421301756334,0.7777647861056531,-1.1829310694077284,0.2368402381854636,-2.444457840900969,0.6043735805497026,net_fouls,103,2020,AC Milan,Italy,Net fouls (opp. - own)
club_season::103_2021,1.1108562635831352,0.9018941259320362,1.2316925364550446,0.2180678426758722,-0.656852431311322,2.8785649584775923,net_fouls,103,2021,AC Milan,Italy,Net fouls (opp. - own)
club_season::103_2022,-0.45068210153862154,0.8072082112126145,-0.5583219983126685,0.5766262020919135,-2.0328068016813825,1.1314425986041392,net_fouls,103,2022,AC Milan,Italy,Net fouls (opp. - own)
club_season::103_2023,-0.9814898110343738,0.6798777908371871,-1.4436268168515816,0.14884817797988015,-2.3140474225905403,0.35106780052179276,net_fouls,103,2023,AC Milan,Italy,Net fouls (opp. - own)
club_season::103_2024,0.09940098434074646,1.0433697664672203,0.09526918215898807,0.9241012763354011,-1.9455993711811281,2.144401339862621,net_fouls,103,2024,AC Milan,Italy,Net fouls (opp. - own)
club_season::103_2025,0.9462023132550388,0.8025203055500154,1.1790384700690526,0.23838661916036266,-0.6267341114989033,2.519138738008981,net_fouls,103,2025,AC Milan,Italy,Net fouls (opp. - own)
club_season::1068_2005,-1.9577253196551425,0.7834046434367098,-2.4989963182587447,0.012456693655836806,-3.493195127037079,-0.4222555122732059,net_fouls,1068,2005,Atletico Madrid,Spain,Net fouls (opp. - own)
club_season::1068_2006,-1.020000823977526,0.9879128558223986,-1.0324805654324798,0.3018503956275615,-2.9563058677991183,0.9163042198440665,net_fouls,1068,2006,Atletico Madrid,Spain,Net fouls (opp. - own)
club_season::1068_2007,0.9202474575939406,0.8181532269199843,1.124786198128558,0.2606832645826894,-0.6833294273179356,2.523824342505817,net_fouls,1068,2007,Atletico Madrid,Spain,Net fouls (opp. - own)
club_season::1068_2008,-2.211219579518398,0.8859419264365531,-2.4958967552336,0.012566058862579974,-3.947662030471289,-0.4747771285655069,net_fouls,1068,2008,Atletico Madrid,Spain,Net fouls (opp. - own)
club_season::1068_2009,-0.315932649632313,0.9902046950260035,-0.31905791925579224,0.7496834864443949,-2.25672968865714,1.6248643893925143,net_fouls,1068,2009,Atletico Madrid,Spain,Net fouls (opp. - own)
club_season::1068_2010,0.9746975539254825,0.8280397153036021,1.1771144981471187,0.23915356596447357,-0.6482568066514378,2.5976519145024026,net_fouls,1068,2010,Atletico Madrid,Spain,Net fouls (opp. - own)
club_season::1068_2011,-4.0926202236561,0.9474214345763002,-4.319746286388776,1.56410306057853e-5,-5.94956225207786,-2.23567819523434,net_fouls,1068,2011,Atletico Madrid,Spain,Net fouls (opp. - own)
club_season::1068_2012,-1.5530936553121857,0.9101877660178718,-1.7063442437894625,0.08794816857196026,-3.3370578499050203,0.23087053928064893,net_fouls,1068,2012,Atletico Madrid,Spain,Net fouls (opp. - own)
club_season::1068_2013,1.1884633293797424,0.6694350130142114,1.7753229309422343,0.07584865878439298,-0.12362648154910727,2.5005531403085923,net_fouls,1068,2013,Atletico Madrid,Spain,Net fouls (opp. - own)
club_season::1068_2014,0.7656737461269337,0.9535742112629931,0.8029513981012675,0.4220053855916841,-1.1033276987319511,2.634675190985819,net_fouls,1068,2014,Atletico Madrid,Spain,Net fouls (opp. - own)
club_season::1068_2015,-1.2382842087330388,0.8696110624293765,-1.423951766751591,0.15446461893658092,-2.9427182348935053,0.46614981742742767,net_fouls,1068,2015,Atletico Madrid,Spain,Net fouls (opp. - own)
club_season::1068_2016,0.05663506675956825,0.7784708534432881,0.07275168557571968,0.9420039134485473,-1.469164532978936,1.5824346664980726,net_fouls,1068,2016,Atletico Madrid,Spain,Net fouls (opp. - own)
club_season::1068_2017,-0.7056341563534069,0.848436275177618,-0.8316878674308028,0.40558781361821694,-2.368565688527906,0.9572973758210922,net_fouls,1068,2017,Atletico Madrid,Spain,Net fouls (opp. - own)
club_season::1068_2018,0.054701712508311504,0.9946038125127687,0.05499849469721316,0.9561398103672134,-1.8947175782948837,2.0041210033115067,net_fouls,1068,2018,Atletico Madrid,Spain,Net fouls (opp. - own)
club_season::1068_2019,-0.27457764756209213,0.682706696470193,-0.40218976755573715,0.6875455248812283,-1.6126799022650724,1.063524607140888,net_fouls,1068,2019,Atletico Madrid,Spain,Net fouls (opp. - own)
club_season::1068_2020,-0.36434077884049293,0.8544746128468295,-0.42639157836021463,0.6698237677213772,-2.0391074274590015,1.3104258697780156,net_fouls,1068,2020,Atletico Madrid,Spain,Net fouls (opp. - own)
club_season::1068_2021,0.9610516798752808,0.8158826461354992,1.177928816634828,0.23882874460127487,-0.6380748762454562,2.560178235996018,net_fouls,1068,2021,Atletico Madrid,Spain,Net fouls (opp. - own)
club_season::1068_2022,0.11233778314982346,0.8182136784275458,0.13729638859828858,0.8907968955353125,-1.4913575864627102,1.7160331527623573,net_fouls,1068,2022,Atletico Madrid,Spain,Net fouls (opp. - own)
club_season::1068_2023,0.8633656549393337,0.8219589104336373,1.0503756866433283,0.2935488232313417,-0.7476703536586501,2.4744016635373174,net_fouls,1068,2023,Atletico Madrid,Spain,Net fouls (opp. - own)
club_season::1068_2024,0.8237189696725489,0.726459176441123,1.133881980413401,0.25684770160219644,-0.6001379618201066,2.247575901165204,net_fouls,1068,2024,Atletico Madrid,Spain,Net fouls (opp. - own)
club_season::1068_2025,-1.8990091206751325,0.8172179046621522,-2.3237487943441546,0.020141635222623796,-3.5007527778941356,-0.29726546345612936,net_fouls,1068,2025,Atletico Madrid,Spain,Net fouls (opp. - own)
club_season::110_2005,0.5811317304492245,0.9474672254537656,0.6133528578478333,0.539644920595282,-1.2759000478998443,2.4381635087982936,net_fouls,110,2005,Internazionale,Italy,Net fouls (opp. - own)
club_season::110_2006,-2.5277798895422707,0.8902593393246844,-2.839374750575203,0.0045214257640196955,-4.272684451603727,-0.7828753274808147,net_fouls,110,2006,Internazionale,Italy,Net fouls (opp. - own)
club_season::110_2007,-0.17899438101669113,1.0055672707061076,-0.17800338796926193,0.8587207985024379,-2.1499020037839616,1.7919132417505792,net_fouls,110,2007,Internazionale,Italy,Net fouls (opp. - own)
club_season::110_2008,-1.6591100664673901,0.9164601689892443,-1.8103460713379478,0.07024615974499848,-3.455368144512364,0.13714801157758338,net_fouls,110,2008,Internazionale,Italy,Net fouls (opp. - own)
club_season::110_2009,-0.988743204605971,0.9786350748747846,-1.0103288038521199,0.3123410635420654,-2.9068638367778314,0.9293774275658895,net_fouls,110,2009,Internazionale,Italy,Net fouls (opp. - own)
club_season::110_2010,1.8426611395649184,0.8559666013282689,2.152725511375701,0.031343454758873075,0.16497019979571936,3.5203520793341174,net_fouls,110,2010,Internazionale,Italy,Net fouls (opp. - own)
club_season::110_2011,1.11650921318764,0.918933073168998,1.2150060170729173,0.22436764323136923,-0.6845957466525485,2.9176141730278284,net_fouls,110,2011,Internazionale,Italy,Net fouls (opp. - own)
club_season::110_2012,0.49215205767008063,1.0728057833552123,0.4587522413710984,0.6464134312034007,-1.6105427671911858,2.594846882531347,net_fouls,110,2012,Internazionale,Italy,Net fouls (opp. - own)
club_season::110_2013,-0.9289946435563027,0.6688988364786317,-1.3888417693278194,0.1648850182466099,-2.2400335507297218,0.3820442636171165,net_fouls,110,2013,Internazionale,Italy,Net fouls (opp. - own)
club_season::110_2014,-2.820477970298235,0.8917704972462015,-3.162784571824148,0.0015633054943156419,-4.568344395532337,-1.0726115450641323,net_fouls,110,2014,Internazionale,Italy,Net fouls (opp. - own)
club_season::110_2015,0.07755986790765125,0.7211492659564028,0.10755036657326382,0.914352659576249,-1.3358896613599913,1.4910093971752938,net_fouls,110,2015,Internazionale,Italy,Net fouls (opp. - own)
club_season::110_2016,-0.6012531408203061,0.932883635081221,-0.6445103314176568,0.5192465427253836,-2.429701143354575,1.2271948617139627,net_fouls,110,2016,Internazionale,Italy,Net fouls (opp. - own)
club_season::110_2017,-1.701696175934095,0.9715593516793605,-1.7515102633644335,0.07986216547229158,-3.6059484203921626,0.20255606852397268,net_fouls,110,2017,Internazionale,Italy,Net fouls (opp. - own)
club_season::110_2018,0.27532219365086813,0.7411916954035179,0.3714588214604561,0.7102968764011701,-1.177410413066537,1.7280548003682732,net_fouls,110,2018,Internazionale,Italy,Net fouls (opp. - own)
club_season::110_2019,-3.2545093514653956,0.8429368860115927,-3.8609169980261573,1.1305749784947254e-4,-4.90666210399617,-1.6023565989346216,net_fouls,110,2019,Internazionale,Italy,Net fouls (opp. - own)
club_season::110_2020,-1.4430401430767559,0.8518788682346364,-1.6939499227950017,0.09027897509474872,-3.1127191431689396,0.22663885701542785,net_fouls,110,2020,Internazionale,Italy,Net fouls (opp. - own)
club_season::110_2021,-1.5257151756117222,0.7425113214646034,-2.05480392218431,0.03990142317658808,-2.9810342438606066,-0.07039610736283808,net_fouls,110,2021,Internazionale,Italy,Net fouls (opp. - own)
club_season::110_2022,-1.0567770054141288,0.8340227023849855,-1.2670842201203292,0.2051291341326466,-2.6914579955156324,0.5779039846873746,net_fouls,110,2022,Internazionale,Italy,Net fouls (opp. - own)
club_season::110_2023,-0.26336963515437484,0.8709366624187493,-0.3023981496231305,0.7623494085012484,-1.9704018317206469,1.4436625614118972,net_fouls,110,2023,Internazionale,Italy,Net fouls (opp. - own)
club_season::110_2024,-0.8565979762941132,0.8059888451281684,-1.0627913543367922,0.2878800226000371,-2.436332724038074,0.7231367714498476,net_fouls,110,2024,Internazionale,Italy,Net fouls (opp. - own)
club_season::110_2025,-3.5167657063402076,1.0135911011934586,-3.469609887260624,5.215091152625625e-4,-5.503400003127216,-1.5301314095531993,net_fouls,110,2025,Internazionale,Italy,Net fouls (opp. - own)
club_season::111_2005,-2.27808500017576,1.3907119793671108,-1.6380710269084457,0.10141109686776666,-5.003874632612481,0.44770463226096036,net_fouls,111,2005,Juventus,Italy,Net fouls (opp. - own)
club_season::111_2007,-4.89175506310808,0.8574401677294687,-5.705068700083899,1.1673494479667302e-8,-6.572334186828154,-3.2111759393880064,net_fouls,111,2007,Juventus,Italy,Net fouls (opp. - own)
club_season::111_2008,-2.0024889984928547,1.1498600107554657,-1.7415067745309327,0.08159891016567127,-4.256209785091084,0.25123178810537405,net_fouls,111,2008,Juventus,Italy,Net fouls (opp. - own)
club_season::111_2009,-2.0566940760006114,1.096016572300598,-1.876517315503268,0.06058818106093853,-4.20488194960717,0.09149379760594689,net_fouls,111,2009,Juventus,Italy,Net fouls (opp. - own)
club_season::111_2010,-0.16417656158500968,0.8151477727122413,-0.20140711547152362,0.8403808011867926,-1.7618627688858701,1.4335096457158507,net_fouls,111,2010,Juventus,Italy,Net fouls (opp. - own)
club_season::111_2011,2.0582027152880293,0.8490889202202476,2.4240131584265003,0.015352411056072109,0.3939920015739633,3.7224134290020956,net_fouls,111,2011,Juventus,Italy,Net fouls (opp. - own)
club_season::111_2012,1.3923887766764298,0.9798539872092227,1.421016595178809,0.15531611628578845,-0.5281209185461224,3.312898471898982,net_fouls,111,2012,Juventus,Italy,Net fouls (opp. - own)
club_season::111_2013,-2.488331776355797,0.822954064966328,-3.023658163056294,0.0024982331437165823,-4.101318283653817,-0.875345269057777,net_fouls,111,2013,Juventus,Italy,Net fouls (opp. - own)
club_season::111_2014,-0.6225778910598976,0.9704535439063602,-0.6415329151706108,0.5211784743970151,-2.5246627569321536,1.2795069748123584,net_fouls,111,2014,Juventus,Italy,Net fouls (opp. - own)
club_season::111_2015,0.17789459137795552,0.936442425429416,0.18996853041593026,0.8493343075905797,-1.6575286252761634,2.0133178080320744,net_fouls,111,2015,Juventus,Italy,Net fouls (opp. - own)
club_season::111_2016,2.216187032458818,0.8652266060149179,2.5613949190330465,0.010427225860081947,0.5203465224366397,3.9120275424809963,net_fouls,111,2016,Juventus,Italy,Net fouls (opp. - own)
club_season::111_2017,1.376075521375723,1.062588143166917,1.2950224696414305,0.1953164874228005,-0.7065927716756295,3.4587438144270752,net_fouls,111,2017,Juventus,Italy,Net fouls (opp. - own)
club_season::111_2018,0.045789707185197384,0.7633039888570228,0.059988822086156315,0.952164698084558,-1.450282901731938,1.5418623161023328,net_fouls,111,2018,Juventus,Italy,Net fouls (opp. - own)
club_season::111_2019,-1.0897032464973142,1.002429151815548,-1.0870626063933795,0.2770126556541046,-3.0544601694330247,0.8750536764383965,net_fouls,111,2019,Juventus,Italy,Net fouls (opp. - own)
club_season::111_2020,-1.476916028829262,0.8944343965464243,-1.6512290163838805,0.09869603082944131,-3.2300036854916776,0.27617162783315363,net_fouls,111,2020,Juventus,Italy,Net fouls (opp. - own)
club_season::111_2021,0.04364019404029649,0.9333246837306336,0.046757784082019915,0.9627064008329432,-1.785672261992472,1.8729526500730649,net_fouls,111,2021,Juventus,Italy,Net fouls (opp. - own)
club_season::111_2022,-1.0053058209601362,0.7070983833053577,-1.4217340114126649,0.15510766449994284,-2.3912156793073964,0.380604037387124,net_fouls,111,2022,Juventus,Italy,Net fouls (opp. - own)
club_season::111_2023,-2.1650264842012694,0.721672177033908,-3.0000137917185423,0.002700565294131518,-3.5795009169822896,-0.7505520514202491,net_fouls,111,2023,Juventus,Italy,Net fouls (opp. - own)
club_season::111_2024,-3.3833976654247637,0.7619385831130531,-4.440512320036627,8.987366258313682e-6,-4.876794084824444,-1.890001246025084,net_fouls,111,2024,Juventus,Italy,Net fouls (opp. - own)
club_season::111_2025,-3.006452704735938,0.8074295381620257,-3.723486152834599,1.9663514825735582e-4,-4.589011204768996,-1.4238942047028806,net_fouls,111,2025,Juventus,Italy,Net fouls (opp. - own)
club_season::124_2005,0.5614960338396805,1.106200921783309,0.507589555190834,0.611742718159435,-1.6066531219338147,2.7296451896131755,net_fouls,124,2005,Borussia Dortmund,Germany,Net fouls (opp. - own)
club_season::124_2006,-0.5430167614221015,1.1694952550248605,-0.4643171993122438,0.6424218586322361,-2.8352225442337344,1.7491890213895314,net_fouls,124,2006,Borussia Dortmund,Germany,Net fouls (opp. - own)
club_season::124_2007,-1.5588783551922756,1.0603292404235862,-1.4701833126562898,0.14151633180656234,-3.637119208364052,0.5193624979795008,net_fouls,124,2007,Borussia Dortmund,Germany,Net fouls (opp. - own)
club_season::124_2008,-1.2112429945808005,0.8882799324919278,-1.3635825264934798,0.17270311067620395,-2.952267927572291,0.5297819384106899,net_fouls,124,2008,Borussia Dortmund,Germany,Net fouls (opp. - own)
club_season::124_2009,-0.9951423530362581,0.966991987531682,-1.0291112706904966,0.3034307282100886,-2.8904425829679457,0.9001578768954296,net_fouls,124,2009,Borussia Dortmund,Germany,Net fouls (opp. - own)
club_season::124_2010,0.4759380923059157,1.110943661951348,0.4284088461065082,0.6683547226655212,-1.7015068142565133,2.6533829988683446,net_fouls,124,2010,Borussia Dortmund,Germany,Net fouls (opp. - own)
club_season::124_2011,0.5649517797365697,0.8419854110489624,0.6709757346421732,0.502238065901317,-1.0853360858678396,2.2152396453409793,net_fouls,124,2011,Borussia Dortmund,Germany,Net fouls (opp. - own)
club_season::124_2012,2.2608622799661866,0.8596196239991765,2.6300729029987253,0.008538408941241077,0.5760114311208122,3.945713128811561,net_fouls,124,2012,Borussia Dortmund,Germany,Net fouls (opp. - own)
club_season::124_2013,0.5827763666214771,0.9593478698757446,0.607471371877814,0.5435399854462433,-1.297541424843575,2.4630941580865295,net_fouls,124,2013,Borussia Dortmund,Germany,Net fouls (opp. - own)
club_season::124_2014,-0.8547373729349366,1.0169866676500539,-0.8404607455769052,0.4006527967464806,-2.8480269657005195,1.1385522198306461,net_fouls,124,2014,Borussia Dortmund,Germany,Net fouls (opp. - own)
club_season::124_2015,1.0356278212308865,0.9212242089153275,1.1241865022742517,0.2609375328861771,-0.7699677550392348,2.8412233975010075,net_fouls,124,2015,Borussia Dortmund,Germany,Net fouls (opp. - own)
club_season::124_2016,3.0047960685823143,1.16524534415263,2.5786810337074644,0.009919730144280452,0.7209200932118871,5.288672043952742,net_fouls,124,2016,Borussia Dortmund,Germany,Net fouls (opp. - own)
club_season::124_2017,-0.09692285237504192,0.8508483907548823,-0.11391318762329782,0.9093069180561573,-1.764582120939457,1.5707364161893733,net_fouls,124,2017,Borussia Dortmund,Germany,Net fouls (opp. - own)
club_season::124_2018,2.242926083160434,0.8381615771144889,2.6760068039411697,0.0074521408473763205,0.6001329159906286,3.885719250330239,net_fouls,124,2018,Borussia Dortmund,Germany,Net fouls (opp. - own)
club_season::124_2019,-0.1021410514596483,0.7014716452826631,-0.1456096652609384,0.884229931073922,-1.4770225269395387,1.272740424020242,net_fouls,124,2019,Borussia Dortmund,Germany,Net fouls (opp. - own)
club_season::124_2020,-0.39739778341979254,0.7470848372234211,-0.5319312661956059,0.5947751859364397,-1.861680923327026,1.0668853564874408,net_fouls,124,2020,Borussia Dortmund,Germany,Net fouls (opp. - own)
club_season::124_2021,0.671413459942489,0.9630678695496349,0.6971611048102623,0.48570415043153115,-1.2161955152429855,2.5590224351279636,net_fouls,124,2021,Borussia Dortmund,Germany,Net fouls (opp. - own)
club_season::124_2022,2.006803811776803,0.7087747615298655,2.831370303656393,0.004636143045776928,0.6176082591576879,3.3959993643959177,net_fouls,124,2022,Borussia Dortmund,Germany,Net fouls (opp. - own)
club_season::124_2023,1.782982453332318,0.8234912321098862,2.1651505004662854,0.03037932225665793,0.1689431006913944,3.3970218059732415,net_fouls,124,2023,Borussia Dortmund,Germany,Net fouls (opp. - own)
club_season::124_2024,-0.27333304516473933,0.8194725027974648,-0.33354754946828824,0.7387219407591746,-1.879495705249701,1.3328296149202223,net_fouls,124,2024,Borussia Dortmund,Germany,Net fouls (opp. - own)
club_season::124_2025,-2.402473940214273,0.7144688759233442,-3.3626012569259016,7.725060775515318e-4,-3.802829933104217,-1.0021179473243296,net_fouls,124,2025,Borussia Dortmund,Germany,Net fouls (opp. - own)
club_season::132_2005,1.4130675372664876,0.9540740460542434,1.4810879125268106,0.13858737330169235,-0.4569135816817378,3.2830486562147128,net_fouls,132,2005,Bayern Munich,Germany,Net fouls (opp. - own)
club_season::132_2006,1.8805851568680418,1.079738851076481,1.741703704551458,0.08156442704879752,-0.2356984515774545,3.996868765313538,net_fouls,132,2006,Bayern Munich,Germany,Net fouls (opp. - own)
club_season::132_2007,2.6688899911482977,0.9267693933458647,2.879777871723785,0.003980686837278072,0.8524258767085502,4.485354105588045,net_fouls,132,2007,Bayern Munich,Germany,Net fouls (opp. - own)
club_season::132_2008,1.7599538992336865,1.1007737855539095,1.598833404583738,0.10986186089864386,-0.39755809234808925,3.9174658908154623,net_fouls,132,2008,Bayern Munich,Germany,Net fouls (opp. - own)
club_season::132_2009,-0.1781549351323437,0.9975742346528831,-0.1785881480733458,0.85826158646175,-2.1333962408412916,1.7770863705766042,net_fouls,132,2009,Bayern Munich,Germany,Net fouls (opp. - own)
club_season::132_2010,2.6663732286631348,1.0513884945965193,2.5360494644621174,0.01121311249840624,0.6056561997218517,4.727090257604418,net_fouls,132,2010,Bayern Munich,Germany,Net fouls (opp. - own)
club_season::132_2011,0.6782902476658175,0.7766543135149089,0.8733489737487911,0.3824757065147596,-0.8439489414505414,2.200529436782176,net_fouls,132,2011,Bayern Munich,Germany,Net fouls (opp. - own)
club_season::132_2012,1.2422110569204678,0.9022912082162876,1.3767296473786523,0.168599981974248,-0.5262759175816254,3.010698031422561,net_fouls,132,2012,Bayern Munich,Germany,Net fouls (opp. - own)
club_season::132_2013,0.2350087398143447,0.7985118776471585,0.2943083833728381,0.7685230863240197,-1.3300711831030705,1.80008866273176,net_fouls,132,2013,Bayern Munich,Germany,Net fouls (opp. - own)
club_season::132_2014,0.5475903518632074,0.982174500448627,0.5575285772671608,0.5771680130933721,-1.377467539552189,2.472648243278604,net_fouls,132,2014,Bayern Munich,Germany,Net fouls (opp. - own)
club_season::132_2015,-0.5916843547716456,0.7686319542435605,-0.769788910680853,0.441427557097236,-2.098199753445446,0.9148310439021549,net_fouls,132,2015,Bayern Munich,Germany,Net fouls (opp. - own)
club_season::132_2016,0.2368196839230945,0.9364075588530504,0.25290236252808634,0.8003443608439533,-1.5985351943879411,2.07217456223413,net_fouls,132,2016,Bayern Munich,Germany,Net fouls (opp. - own)
club_season::132_2017,0.037648561897018915,0.8590556075955891,0.04382552370782315,0.9650435989853485,-1.6460968171686803,1.721393940962718,net_fouls,132,2017,Bayern Munich,Germany,Net fouls (opp. - own)
club_season::132_2018,0.17213162595555814,0.9079537968218598,0.18958192207365185,0.8496372703460686,-1.6074539984056146,1.9517172503167308,net_fouls,132,2018,Bayern Munich,Germany,Net fouls (opp. - own)
club_season::132_2019,0.0881388652479953,0.7905923432745996,0.11148459253087109,0.9112323828438671,-1.461418803596171,1.6376965340921616,net_fouls,132,2019,Bayern Munich,Germany,Net fouls (opp. - own)
club_season::132_2020,1.1142753684030955,0.7551998522045053,1.4754708507296608,0.14009022128122783,-0.3659131667482156,2.5944639035544066,net_fouls,132,2020,Bayern Munich,Germany,Net fouls (opp. - own)
club_season::132_2021,0.7183757605509378,0.8861481500315994,0.8106723018327364,0.41755647068868273,-1.0184708877811957,2.4552224088830714,net_fouls,132,2021,Bayern Munich,Germany,Net fouls (opp. - own)
club_season::132_2022,-0.5411482117403882,0.7350842405385142,-0.7361716955650542,0.46162853074363563,-1.9819102326006277,0.8996138091198514,net_fouls,132,2022,Bayern Munich,Germany,Net fouls (opp. - own)
club_season::132_2023,-0.7875119565726924,0.7810172463483173,-1.0083157065413617,0.3133061966285347,-2.318302475698975,0.7432785625535901,net_fouls,132,2023,Bayern Munich,Germany,Net fouls (opp. - own)
club_season::132_2024,0.07392246660207587,0.6940829432873057,0.10650379369930248,0.9151829320686113,-1.2864771840320435,1.4343221172361953,net_fouls,132,2024,Bayern Munich,Germany,Net fouls (opp. - own)
club_season::132_2025,-1.640967315956403,0.645046449064951,-2.5439521732661623,0.010962608586112588,-2.905255644084215,-0.376678987828591,net_fouls,132,2025,Bayern Munich,Germany,Net fouls (opp. - own)
club_season::160_2006,1.0678175502638059,0.8279921421644257,1.2896469614705048,0.19717726203544855,-0.5550435671603458,2.6906786676879575,net_fouls,160,2006,Paris Saint-Germain,France,Net fouls (opp. - own)
club_season::160_2007,2.9487933962941133,0.8383753651789507,3.5172710444142106,4.362673583461811e-4,1.3055812054168154,4.592005587171411,net_fouls,160,2007,Paris Saint-Germain,France,Net fouls (opp. - own)
club_season::160_2008,1.7152260131581,0.9498369568295407,1.805810987691351,0.07095189909061766,-0.14645042872416658,3.5769024550403667,net_fouls,160,2008,Paris Saint-Germain,France,Net fouls (opp. - own)
club_season::160_2009,-1.37776765197464,0.73228270859654,-1.8814695961006744,0.05991195916614171,-2.8130386820073983,0.057503378058118226,net_fouls,160,2009,Paris Saint-Germain,France,Net fouls (opp. - own)
club_season::160_2010,0.39493940378311476,1.0405777841240293,0.3795385696376167,0.7042890492130458,-1.6445886780847427,2.4344674856509725,net_fouls,160,2010,Paris Saint-Germain,France,Net fouls (opp. - own)
club_season::160_2011,-0.5205086290402039,0.855637186556714,-0.6083286668907572,0.5429713644426999,-2.19755391724215,1.156536659161742,net_fouls,160,2011,Paris Saint-Germain,France,Net fouls (opp. - own)
club_season::160_2012,-0.5126609729777631,0.8164867807229584,-0.6278864337813619,0.5300802613154463,-2.1129716303498913,1.0876496843943648,net_fouls,160,2012,Paris Saint-Germain,France,Net fouls (opp. - own)
club_season::160_2013,0.2058619160929956,0.8215061494114222,0.25059084005699506,0.8021311547237356,-1.4042866828050393,1.8160105149910304,net_fouls,160,2013,Paris Saint-Germain,France,Net fouls (opp. - own)
club_season::160_2014,1.7355506588625602,0.7607779689444443,2.2812840667173666,0.02253444885071675,0.24442903835365626,3.2266722793714644,net_fouls,160,2014,Paris Saint-Germain,France,Net fouls (opp. - own)
club_season::160_2015,-0.357743987755243,0.7646380898758832,-0.4678605375430779,0.6398856927220005,-1.856431429060238,1.1409434535497518,net_fouls,160,2015,Paris Saint-Germain,France,Net fouls (opp. - own)
club_season::160_2016,-1.33362721587529,0.7170705541614226,-1.8598270534688164,0.06291393302015841,-2.7390824871733463,0.07182805542276638,net_fouls,160,2016,Paris Saint-Germain,France,Net fouls (opp. - own)
club_season::160_2017,0.6791471417141486,0.8373811358987205,0.8110370685449618,0.41734697195842985,-0.9621163639540453,2.3204106473823423,net_fouls,160,2017,Paris Saint-Germain,France,Net fouls (opp. - own)
club_season::160_2018,-1.8968975398444776,0.8353446666081568,-2.2707962541338325,0.023162153297652283,-3.5341695742653174,-0.2596255054236376,net_fouls,160,2018,Paris Saint-Germain,France,Net fouls (opp. - own)
club_season::160_2019,-2.4340308425762793,0.9631248271506926,-2.5272226132692617,0.011498909190511561,-4.321751454420354,-0.5463102307322047,net_fouls,160,2019,Paris Saint-Germain,France,Net fouls (opp. - own)
club_season::160_2020,-1.9389745197021668,0.6981153176661458,-2.777441592578588,0.0054802365589648695,-3.307277607165059,-0.5706714322392745,net_fouls,160,2020,Paris Saint-Germain,France,Net fouls (opp. - own)
club_season::160_2021,0.905146774418514,0.8134896368229176,1.1126715491466654,0.265853105547743,-0.6892894935107545,2.4995830423477825,net_fouls,160,2021,Paris Saint-Germain,France,Net fouls (opp. - own)
club_season::160_2022,0.4005001783027516,0.784302976834253,0.5106447254851991,0.6096013633935382,-1.1367303587614082,1.9377307153669112,net_fouls,160,2022,Paris Saint-Germain,France,Net fouls (opp. - own)
club_season::160_2023,-0.9858694151901359,0.7737331267439712,-1.2741724260131888,0.20260628571339603,-2.5023830905173226,0.5306442601370509,net_fouls,160,2023,Paris Saint-Germain,France,Net fouls (opp. - own)
club_season::160_2024,-0.14969326546362138,0.7775398748392082,-0.19252165748358216,0.8473341292266368,-1.6736681510523443,1.3742816201251016,net_fouls,160,2024,Paris Saint-Germain,France,Net fouls (opp. - own)
club_season::160_2025,-1.6069393654948465,0.8561655690669092,-1.8769025800070038,0.060535348203996024,-3.285020281195239,0.07114155020554569,net_fouls,160,2025,Paris Saint-Germain,France,Net fouls (opp. - own)
club_season::359_2005,2.477246716694451,0.8797030131308528,2.81600344629713,0.0048637904826067694,0.7530325095897854,4.201460923799116,net_fouls,359,2005,Arsenal,England,Net fouls (opp. - own)
club_season::359_2006,3.117662639896739,0.795877620853431,3.9172638584228876,8.963944444688773e-5,1.5577458492195349,4.677579430573942,net_fouls,359,2006,Arsenal,England,Net fouls (opp. - own)
club_season::359_2007,1.6040619649686054,0.7039918546645825,2.278523472026338,0.022698222150763097,0.22424088969614564,2.983883040241065,net_fouls,359,2007,Arsenal,England,Net fouls (opp. - own)
club_season::359_2008,-0.09349188732439835,0.8176846429936503,-0.11433734034934585,0.9089706910631647,-1.6961503497107786,1.5091665750619818,net_fouls,359,2008,Arsenal,England,Net fouls (opp. - own)
club_season::359_2009,1.2003692801805694,0.8316837471350801,1.4433001538331232,0.1489401368655071,-0.42972736746504525,2.830465927826184,net_fouls,359,2009,Arsenal,England,Net fouls (opp. - own)
club_season::359_2010,-1.8963016839391498,0.7046834027095349,-2.6909980803404716,0.007125448150473437,-3.277478190472165,-0.5151251774061345,net_fouls,359,2010,Arsenal,England,Net fouls (opp. - own)
club_season::359_2011,-0.03723103403594775,0.6989379824856556,-0.053268007990554214,0.9575185126043246,-1.4071465410862598,1.332684473014364,net_fouls,359,2011,Arsenal,England,Net fouls (opp. - own)
club_season::359_2012,0.7041808737481858,0.6882263400338742,1.0231821027273185,0.3062250723152154,-0.6447398591327669,2.0531016066291388,net_fouls,359,2012,Arsenal,England,Net fouls (opp. - own)
club_season::359_2013,1.1561866536799084,0.5892866385588508,1.9620106379935212,0.049764959222982144,0.001187319706969392,2.3111859876528476,net_fouls,359,2013,Arsenal,England,Net fouls (opp. - own)
club_season::359_2014,0.6825702683217342,0.7854964806606486,0.8689666791984256,0.38486815287110976,-0.8569995312241819,2.22214006786765,net_fouls,359,2014,Arsenal,England,Net fouls (opp. - own)
club_season::359_2015,1.4221143412628456,0.6562078370860154,2.1671706140815803,0.030225001769746473,0.13594973954079448,2.708278942984897,net_fouls,359,2015,Arsenal,England,Net fouls (opp. - own)
club_season::359_2016,-0.07695281101761675,0.7086891697700247,-0.10858471428678465,0.9135321774264542,-1.4659806041473065,1.312074982112073,net_fouls,359,2016,Arsenal,England,Net fouls (opp. - own)
club_season::359_2017,-1.2587887557502437,0.6401790800186897,-1.966307233459572,0.04926683494788431,-2.513537061011797,-0.004040450488690617,net_fouls,359,2017,Arsenal,England,Net fouls (opp. - own)
club_season::359_2018,-0.051274056102519776,0.6701210988599359,-0.07651461234357691,0.9390098943409734,-1.3647085924044036,1.262160480199364,net_fouls,359,2018,Arsenal,England,Net fouls (opp. - own)
club_season::359_2019,0.14280864799228124,0.9133526155111489,0.156356532588851,0.8757524209099631,-1.647358638301053,1.9329759342856154,net_fouls,359,2019,Arsenal,England,Net fouls (opp. - own)
club_season::359_2020,1.0095629980224519,0.6744748670829485,1.4968133688787153,0.13444605874011903,-0.31240490569151147,2.331530901736415,net_fouls,359,2020,Arsenal,England,Net fouls (opp. - own)
club_season::359_2021,-0.6861711463332331,0.6729360883418581,-1.0196676299884386,0.3078894263870881,-2.0051230501843156,0.6327807575178493,net_fouls,359,2021,Arsenal,England,Net fouls (opp. - own)
club_season::359_2022,0.9581475180091693,0.5435308515313495,1.7628208505730163,0.07793480489438866,-0.10717066576593803,2.0234657017842768,net_fouls,359,2022,Arsenal,England,Net fouls (opp. - own)
club_season::359_2023,-0.7827717141620452,0.6737645997235988,-1.161788129686785,0.2453252551836514,-2.103347496837938,0.5378040685138479,net_fouls,359,2023,Arsenal,England,Net fouls (opp. - own)
club_season::359_2024,-0.7003524479481786,0.7352085156734697,-0.9525902285103948,0.34080081747154456,-2.1413580475504275,0.7406531516540702,net_fouls,359,2024,Arsenal,England,Net fouls (opp. - own)
club_season::359_2025,-0.2245926091158154,0.692919869489628,-0.32412493710310214,0.7458443571150393,-1.5827126399965254,1.1335274217648945,net_fouls,359,2025,Arsenal,England,Net fouls (opp. - own)
club_season::360_2005,1.9928307507399206,0.8869702427339001,2.246784226489309,0.024656733055525067,0.25437280416769226,3.7312886973121486,net_fouls,360,2005,Manchester United,England,Net fouls (opp. - own)
club_season::360_2006,1.8807301718849654,0.7911827799595019,2.3771121155862796,0.017451290886474253,0.3300152496208282,3.431445094149103,net_fouls,360,2006,Manchester United,England,Net fouls (opp. - own)
club_season::360_2007,1.2843253557365788,0.7991307630367228,1.6071529405977325,0.10802505588284737,-0.2819675799423349,2.8506182914154925,net_fouls,360,2007,Manchester United,England,Net fouls (opp. - own)
club_season::360_2008,1.3932327389402333,0.7835882292350872,1.7780164210739366,0.07540523156002864,-0.1425968958346533,2.92906237371512,net_fouls,360,2008,Manchester United,England,Net fouls (opp. - own)
club_season::360_2009,-0.350853796332685,0.7147359661263363,-0.49088588368402924,0.6235086061891693,-1.7517332848975367,1.0500256922321667,net_fouls,360,2009,Manchester United,England,Net fouls (opp. - own)
club_season::360_2010,-1.6326903815256923,0.719229062369382,-2.2700561850866565,0.02320701505867113,-3.0423763198360962,-0.22300444321528823,net_fouls,360,2010,Manchester United,England,Net fouls (opp. - own)
club_season::360_2011,-0.3851447157135146,0.8021081082346877,-0.48016559334022546,0.631111058436044,-1.9572732354624607,1.1869838040354315,net_fouls,360,2011,Manchester United,England,Net fouls (opp. - own)
club_season::360_2012,0.8304882764963757,0.6909376611841607,1.2019728018198441,0.22937788266203885,-0.5237466344396338,2.184723187432385,net_fouls,360,2012,Manchester United,England,Net fouls (opp. - own)
club_season::360_2013,0.8770992633900778,0.8107575877584792,1.0818267711992866,0.27933300667919647,-0.7119821998595448,2.4661807266397004,net_fouls,360,2013,Manchester United,England,Net fouls (opp. - own)
club_season::360_2014,-2.294708961115623,0.7510775083365304,-3.0552225777575113,0.002249729356689613,-3.766817719617726,-0.8226002026135204,net_fouls,360,2014,Manchester United,England,Net fouls (opp. - own)
club_season::360_2015,-3.7327122334132907,0.8060534436721762,-4.63084955807396,3.647817114936737e-6,-5.3125735940319085,-2.1528508727946734,net_fouls,360,2015,Manchester United,England,Net fouls (opp. - own)
club_season::360_2016,-0.3380481302231075,0.8838932345488311,-0.3824535781130383,0.7021260456095713,-2.0704751536896033,1.3943788932433883,net_fouls,360,2016,Manchester United,England,Net fouls (opp. - own)
club_season::360_2017,-0.04987446185371862,0.8336073894691816,-0.059829678195963826,0.9522914484434006,-1.6837414403863917,1.5839925166789546,net_fouls,360,2017,Manchester United,England,Net fouls (opp. - own)
club_season::360_2018,-1.2892248159717132,0.7123232718358984,-1.8098872617890809,0.07031729573236424,-2.6853754338712617,0.10692580192783518,net_fouls,360,2018,Manchester United,England,Net fouls (opp. - own)
club_season::360_2019,-0.32178260338142317,0.8193173375983528,-0.39274477496675164,0.6945091193670061,-1.9276411403285034,1.2840759335656573,net_fouls,360,2019,Manchester United,England,Net fouls (opp. - own)
club_season::360_2020,-2.1765485673697764,0.9183145743863258,-2.3701557484528433,0.017783122252244824,-3.97644127219635,-0.37665586254320305,net_fouls,360,2020,Manchester United,England,Net fouls (opp. - own)
club_season::360_2021,-2.5899610835853717,0.7087970537788604,-3.654023489202342,2.583395393455593e-4,-3.9792003289187905,-1.2007218382519527,net_fouls,360,2021,Manchester United,England,Net fouls (opp. - own)
club_season::360_2022,-3.7737342685655366,0.5878192406315434,-6.419888985789403,1.3718977869323002e-10,-4.925857508770495,-2.621611028360578,net_fouls,360,2022,Manchester United,England,Net fouls (opp. - own)
club_season::360_2023,-1.6094238198228852,0.7007205592880209,-2.296812614515218,0.021632219242959497,-2.98283316991115,-0.23601446973462048,net_fouls,360,2023,Manchester United,England,Net fouls (opp. - own)
club_season::360_2024,-0.9111213414668174,0.6880565314576864,-1.324195469137624,0.18544219363244083,-2.259709250252387,0.437466567318752,net_fouls,360,2024,Manchester United,England,Net fouls (opp. - own)
club_season::360_2025,0.32506872290015265,0.6081988083230008,0.5344777372985511,0.593012641503388,-0.866998384296012,1.5171358300963171,net_fouls,360,2025,Manchester United,England,Net fouls (opp. - own)
club_season::363_2005,2.1701154514767205,0.8188083613001634,2.6503337704452035,0.0080429258096721655,0.5652545059341465,3.7749763970192944,net_fouls,363,2005,Chelsea,England,Net fouls (opp. - own)
club_season::363_2006,0.8940796980125161,0.8688213474313011,1.0290719728007283,0.3034491928582429,-0.808806490072008,2.59696588609704,net_fouls,363,2006,Chelsea,England,Net fouls (opp. - own)
club_season::363_2007,0.7756675108674247,0.8817823218486791,0.8796587226212678,0.3790470513027544,-0.9526221325819149,2.5039571543167645,net_fouls,363,2007,Chelsea,England,Net fouls (opp. - own)
club_season::363_2008,0.13425805385440398,0.8479605556375056,0.15833054139348188,0.8741967718200022,-1.5277410700215945,1.7962571777304026,net_fouls,363,2008,Chelsea,England,Net fouls (opp. - own)
club_season::363_2009,-0.6838883649960549,0.735398332236487,-0.9299563719654076,0.3523966840218392,-2.125266004263751,0.7574892742716414,net_fouls,363,2009,Chelsea,England,Net fouls (opp. - own)
club_season::363_2010,-1.1999481686898523,0.6972628555344822,-1.7209409036568284,0.08526569592914679,-2.566580433958784,0.16668409657907945,net_fouls,363,2010,Chelsea,England,Net fouls (opp. - own)
club_season::363_2011,-0.20507877118636128,0.819747882171378,-0.2501729807988539,0.80245426833639,-1.8117811736863851,1.4016236313136625,net_fouls,363,2011,Chelsea,England,Net fouls (opp. - own)
club_season::363_2012,1.357571826338751,0.8495722167568962,1.5979475311952418,0.11005889131053494,-0.30758614655516947,3.0227297992326716,net_fouls,363,2012,Chelsea,England,Net fouls (opp. - own)
club_season::363_2013,0.32537376311229016,0.6972615629087083,0.46664520234695767,0.640755104199401,-1.0412559686155596,1.69200349484014,net_fouls,363,2013,Chelsea,England,Net fouls (opp. - own)
club_season::363_2014,0.6992115466487875,0.7192510432708916,0.9721383836567385,0.3309848619851261,-0.710517474136159,2.108940567433734,net_fouls,363,2014,Chelsea,England,Net fouls (opp. - own)
club_season::363_2015,1.5106787812111049,0.8500869753409863,1.7770873158068825,0.07555794975774902,-0.15548811634337634,3.176845678765586,net_fouls,363,2015,Chelsea,England,Net fouls (opp. - own)
club_season::363_2016,2.6022282454653842,0.853876417715964,3.0475466841280037,0.0023079837662023472,0.9286340567883147,4.275822434142453,net_fouls,363,2016,Chelsea,England,Net fouls (opp. - own)
club_season::363_2017,0.35386313484596515,0.645879483048894,0.5478779619621037,0.5837773417768842,-0.9120579363879591,1.6197842060798893,net_fouls,363,2017,Chelsea,England,Net fouls (opp. - own)
club_season::363_2018,0.9588930958852799,0.701991622540836,1.3659608820039721,0.17195536097053962,-0.4170075328344318,2.3347937246049915,net_fouls,363,2018,Chelsea,England,Net fouls (opp. - own)
club_season::363_2019,-1.2344707112744553,0.8432303696806001,-1.4639780013403096,0.14320417416952663,-2.887198690562558,0.4182572680136476,net_fouls,363,2019,Chelsea,England,Net fouls (opp. - own)
club_season::363_2020,-3.2219346196322745,0.8021231450133386,-4.016758074695248,5.9062005138239645e-5,-4.794092611404156,-1.6497766278603934,net_fouls,363,2020,Chelsea,England,Net fouls (opp. - own)
club_season::363_2021,-1.8015427129272166,0.8834081464059675,-2.0393095991434556,0.04142265586689985,-3.533018965673209,-0.07006646018122398,net_fouls,363,2021,Chelsea,England,Net fouls (opp. - own)
club_season::363_2022,0.9034520535312595,0.6895029190234621,1.3102947480060156,0.19010017911092905,-0.4479707688020246,2.2548748758645436,net_fouls,363,2022,Chelsea,England,Net fouls (opp. - own)
club_season::363_2023,-0.5826669640952535,0.8273236118967882,-0.7042793844108773,0.48126100137010486,-2.2042177650056107,1.0388838368151034,net_fouls,363,2023,Chelsea,England,Net fouls (opp. - own)
club_season::363_2024,-0.43525236410209145,0.7924538908137424,-0.5492462957751982,0.5828380817068933,-1.988458658296269,1.1179539300920864,net_fouls,363,2024,Chelsea,England,Net fouls (opp. - own)
club_season::363_2025,0.27554489533946486,0.6433270795036683,0.42831229108535246,0.6684250085368815,-0.985373475677167,1.5364632663560966,net_fouls,363,2025,Chelsea,England,Net fouls (opp. - own)
club_season::364_2005,2.128428727518544,0.8585334169429376,2.4791448830232428,0.013171972946353031,0.4457068399365385,3.8111506151005496,net_fouls,364,2005,Liverpool,England,Net fouls (opp. - own)
club_season::364_2006,0.021365890993213024,0.9809170596939851,0.021781546953499313,0.9826222723679169,-1.9012274218298815,1.9439592038163076,net_fouls,364,2006,Liverpool,England,Net fouls (opp. - own)
club_season::364_2007,-0.41027239399801363,0.8267422647495659,-0.4962518689210742,0.6197181823788334,-2.0306837569440366,1.210138968948009,net_fouls,364,2007,Liverpool,England,Net fouls (opp. - own)
club_season::364_2008,-1.1616105774716674,0.7152034075194118,-1.6241681251219982,0.10434415791559509,-2.5634062492016323,0.24018509425829726,net_fouls,364,2008,Liverpool,England,Net fouls (opp. - own)
club_season::364_2009,0.41114113011979686,0.8555072867083826,0.4805816811937253,0.6308152473790923,-1.265649554925572,2.087931815165166,net_fouls,364,2009,Liverpool,England,Net fouls (opp. - own)
club_season::364_2010,-0.8010750079409255,0.7822835285725113,-1.0240213153953328,0.3058285287638004,-2.334347434902659,0.7321974190208083,net_fouls,364,2010,Liverpool,England,Net fouls (opp. - own)
club_season::364_2011,-0.12206008017123587,0.7710851114815263,-0.1582965075498805,0.8742235886311529,-1.6333836567173714,1.3892634963748995,net_fouls,364,2011,Liverpool,England,Net fouls (opp. - own)
club_season::364_2012,-1.307478103064906,0.7753892154979173,-1.6862216767166502,0.09175729323271067,-2.8272377053869517,0.21228149925713957,net_fouls,364,2012,Liverpool,England,Net fouls (opp. - own)
club_season::364_2013,-0.10036633148489046,0.6234356663428787,-0.16098907538230373,0.8721024410706807,-1.3222976163380233,1.1215649533682426,net_fouls,364,2013,Liverpool,England,Net fouls (opp. - own)
club_season::364_2014,1.8446812929905403,0.641865820222506,2.8739360079199607,0.004055056046733366,0.5866269840212539,3.102735601959827,net_fouls,364,2014,Liverpool,England,Net fouls (opp. - own)
club_season::364_2015,-1.7368509809738029,0.8672714983160791,-2.002661201649225,0.04521727908624656,-3.4366994713086925,-0.03700249063891348,net_fouls,364,2015,Liverpool,England,Net fouls (opp. - own)
club_season::364_2016,-0.043834084162890155,0.8303801108724489,-0.05278797455400918,0.9579009844496784,-1.6713756102147685,1.5837074418889883,net_fouls,364,2016,Liverpool,England,Net fouls (opp. - own)
club_season::364_2017,-1.8722766667121893,0.7069481376883968,-2.6483932369271437,0.008089241420427043,-3.2578920442819004,-0.4866612891424782,net_fouls,364,2017,Liverpool,England,Net fouls (opp. - own)
club_season::364_2018,-0.011003097872117819,0.7337418236575749,-0.014995871187046823,0.9880355144434796,-1.449133987289787,1.4271277915455514,net_fouls,364,2018,Liverpool,England,Net fouls (opp. - own)
club_season::364_2019,-1.9272202170098354,0.7804056461728551,-2.4695108581812693,0.013532013567875811,-3.4568120023636295,-0.397628431656041,net_fouls,364,2019,Liverpool,England,Net fouls (opp. - own)
club_season::364_2020,-3.0745759395065932,0.7914136633688987,-3.884916424640312,1.0245342700377615e-4,-4.62574339228242,-1.5234084867307667,net_fouls,364,2020,Liverpool,England,Net fouls (opp. - own)
club_season::364_2021,-2.7990865824411024,0.7390573241692207,-3.7873741195753317,1.5236713991575987e-4,-4.247635830513056,-1.350537334369149,net_fouls,364,2021,Liverpool,England,Net fouls (opp. - own)
club_season::364_2022,-2.814721040590247,0.7105113674875606,-3.9615425866350074,7.453627635680416e-5,-4.2073203335850415,-1.4221217475954528,net_fouls,364,2022,Liverpool,England,Net fouls (opp. - own)
club_season::364_2023,-3.1854214417101088,0.7890214887887544,-4.037179578721138,5.415164594829826e-5,-4.731900242366534,-1.6389426410536831,net_fouls,364,2023,Liverpool,England,Net fouls (opp. - own)
club_season::364_2024,-2.604843909005001,0.8362361522162495,-3.11496208589101,0.0018403826773929733,-4.243863251469532,-0.9658245665404699,net_fouls,364,2024,Liverpool,England,Net fouls (opp. - own)
club_season::364_2025,-0.45612449037963426,0.5779671708609065,-0.7891875410505022,0.4300049116990955,-1.5889377152562814,0.676688734497013,net_fouls,364,2025,Liverpool,England,Net fouls (opp. - own)
club_season::382_2005,-0.5966175729032738,0.9266189853825367,-0.6438650430381283,0.5196649316780422,-2.412786888367275,1.2195517425607276,net_fouls,382,2005,Manchester City,England,Net fouls (opp. - own)
club_season::382_2006,-1.8418518026974267,0.7334653082688598,-2.511164170865291,0.012035468721252985,-3.2794407231157985,-0.40426288227905505,net_fouls,382,2006,Manchester City,England,Net fouls (opp. - own)
club_season::382_2007,1.420963760331339,0.7808041161231821,1.8198722714048337,0.0687824655339966,-0.10940902444976541,2.9513365451124436,net_fouls,382,2007,Manchester City,England,Net fouls (opp. - own)
club_season::382_2008,-0.41820892341450633,0.6047928064190506,-0.6914912329905202,0.48925904087260974,-1.6036002811991559,0.7671824343701432,net_fouls,382,2008,Manchester City,England,Net fouls (opp. - own)
club_season::382_2009,1.040180904987081,0.6115459164476569,1.700904015563174,0.08896518151696373,-0.15844652006079607,2.238808330034958,net_fouls,382,2009,Manchester City,England,Net fouls (opp. - own)
club_season::382_2010,-2.1045780888952583,0.7390146682537767,-2.8478163956720666,0.004403234299944577,-3.5530437315522843,-0.6561124462382322,net_fouls,382,2010,Manchester City,England,Net fouls (opp. - own)
club_season::382_2011,-1.358702124562937,0.7788375402594715,-1.7445257249801829,0.0810715792185842,-2.885220428919459,0.1678161797935851,net_fouls,382,2011,Manchester City,England,Net fouls (opp. - own)
club_season::382_2012,-3.5600837421694513,0.7147788478447077,-4.980678643337404,6.350290189423883e-7,-4.961047278722019,-2.159120205616884,net_fouls,382,2012,Manchester City,England,Net fouls (opp. - own)
club_season::382_2013,-2.055172470018324,0.6617843367785123,-3.105501831643009,0.0019002762724579865,-3.35226698769178,-0.7580779523448677,net_fouls,382,2013,Manchester City,England,Net fouls (opp. - own)
club_season::382_2014,-4.770545162625112,0.6340459536684302,-7.523973830325608,5.372984771889862e-14,-6.013272566026332,-3.527817759223892,net_fouls,382,2014,Manchester City,England,Net fouls (opp. - own)
club_season::382_2015,-1.2933153252359084,0.8481286957174239,-1.5249045714010483,0.12728714207134253,-2.955644002961617,0.3690133524898003,net_fouls,382,2015,Manchester City,England,Net fouls (opp. - own)
club_season::382_2016,0.9386189454743169,0.8608994743103283,1.0902770572908644,0.27559464110944576,-0.7487404045999001,2.625978295548534,net_fouls,382,2016,Manchester City,England,Net fouls (opp. - own)
club_season::382_2017,-1.402346606994721,0.6435008840528654,-2.179245812628152,0.029316530766862425,-2.663605634197034,-0.14108757979240827,net_fouls,382,2017,Manchester City,England,Net fouls (opp. - own)
club_season::382_2018,-2.073774804618947,0.7151218499754961,-2.899890144162153,0.0037340240583594417,-3.475410623905738,-0.6721389853321558,net_fouls,382,2018,Manchester City,England,Net fouls (opp. - own)
club_season::382_2019,-3.141792958216962,0.7521335174606715,-4.177174511281162,2.9548782343357583e-5,-4.615971490162487,-1.6676144262714376,net_fouls,382,2019,Manchester City,England,Net fouls (opp. - own)
club_season::382_2020,-1.030611056620136,0.698152651177823,-1.4761972970831478,0.1398951571949444,-2.3989873176089507,0.3377652043686783,net_fouls,382,2020,Manchester City,England,Net fouls (opp. - own)
club_season::382_2021,-1.520086648452033,0.8431514202684449,-1.8028631772547612,0.07141374052211903,-3.1726598872242473,0.1324865903201815,net_fouls,382,2021,Manchester City,England,Net fouls (opp. - own)
club_season::382_2022,-1.1789591621963067,0.7923416537024277,-1.4879429305367269,0.1367701728938677,-2.7319454721241985,0.3740271477315851,net_fouls,382,2022,Manchester City,England,Net fouls (opp. - own)
club_season::382_2023,1.8687957687824985,0.8124345509650199,2.300241621386879,0.021437281928964602,0.2764274646986964,3.4611640728663007,net_fouls,382,2023,Manchester City,England,Net fouls (opp. - own)
club_season::382_2024,1.263983675238214,0.7461218458415333,1.6940713936777936,0.09025589311551538,-0.19841200560932926,2.7263793560857574,net_fouls,382,2024,Manchester City,England,Net fouls (opp. - own)
club_season::382_2025,0.3523922020149172,0.7928204220833114,0.4444792190000966,0.6566974398903669,-1.2015324919265682,1.9063168959564027,net_fouls,382,2025,Manchester City,England,Net fouls (opp. - own)
club_season::83_2005,2.6222610307906917,1.053056185259836,2.4901435151284574,0.012771312009268268,0.5582753351609626,4.686246726420421,net_fouls,83,2005,Barcelona,Spain,Net fouls (opp. - own)
club_season::83_2006,2.421908694010135,1.053913295753842,2.2980151249328293,0.021563682158809844,0.35624306541579775,4.4875743226044715,net_fouls,83,2006,Barcelona,Spain,Net fouls (opp. - own)
club_season::83_2007,0.4776042440059467,0.9049610477540481,0.5277622116347165,0.5976659581224381,-1.296115604765058,2.2513240927769513,net_fouls,83,2007,Barcelona,Spain,Net fouls (opp. - own)
club_season::83_2008,2.8481551443550708,0.8794262066768792,3.238651660288248,0.0012014867566728712,1.1244834767363858,4.5718268119737555,net_fouls,83,2008,Barcelona,Spain,Net fouls (opp. - own)
club_season::83_2009,2.2291591022249495,0.91802919233984,2.428200672511675,0.015176293677805203,0.4298257450096252,4.028492459440274,net_fouls,83,2009,Barcelona,Spain,Net fouls (opp. - own)
club_season::83_2010,1.8671130444110187,0.7530563199940269,2.479380352887588,0.013163280085254915,0.3911258233799577,3.3431002654420796,net_fouls,83,2010,Barcelona,Spain,Net fouls (opp. - own)
club_season::83_2011,4.23402841249823,0.9106750297028292,4.649329644933687,3.3358508052487336e-6,2.449109183131535,6.018947641864925,net_fouls,83,2011,Barcelona,Spain,Net fouls (opp. - own)
club_season::83_2012,1.3884205724522383,0.7893197477424782,1.759009040915598,0.07858007346416646,-0.15864281449948292,2.9354839594039595,net_fouls,83,2012,Barcelona,Spain,Net fouls (opp. - own)
club_season::83_2013,2.864258997173751,0.9296925695731564,3.080866827287648,0.0020647405844630403,1.0420654696187421,4.68645252472876,net_fouls,83,2013,Barcelona,Spain,Net fouls (opp. - own)
club_season::83_2014,4.225669616895478,0.9952974556490577,4.245634903326279,2.1823869712267127e-5,2.2748907884615157,6.17644844532944,net_fouls,83,2014,Barcelona,Spain,Net fouls (opp. - own)
club_season::83_2015,3.6885142157609043,0.8313554427752864,4.436747540194912,9.14588412975565e-6,2.0590610432801593,5.31796738824165,net_fouls,83,2015,Barcelona,Spain,Net fouls (opp. - own)
club_season::83_2016,3.3411329180713984,0.8348163244827825,4.00223716293692,6.280694542989718e-5,1.7048964319949254,4.977369404147872,net_fouls,83,2016,Barcelona,Spain,Net fouls (opp. - own)
club_season::83_2017,3.0448006339460965,0.7691477294487006,3.958668169154589,7.543868987400398e-5,1.5372743180387516,4.552326949853441,net_fouls,83,2017,Barcelona,Spain,Net fouls (opp. - own)
club_season::83_2018,2.965978989080783,0.7327765923760918,4.0475897018808125,5.1799901870251084e-5,1.5297399489165928,4.402218029244973,net_fouls,83,2018,Barcelona,Spain,Net fouls (opp. - own)
club_season::83_2019,2.2105803417166854,0.8506662841587701,2.598645770829796,0.009361071119464872,0.5432780013149994,3.877882682118371,net_fouls,83,2019,Barcelona,Spain,Net fouls (opp. - own)
club_season::83_2020,3.502607797817652,0.9064452604631993,3.864113974215936,1.1158743520126782e-4,1.7259788983769493,5.279236697258355,net_fouls,83,2020,Barcelona,Spain,Net fouls (opp. - own)
club_season::83_2021,-1.2197067982700882,0.8459553054302057,-1.441809975587083,0.14936018714719948,-2.8777756401706722,0.4383620436304958,net_fouls,83,2021,Barcelona,Spain,Net fouls (opp. - own)
club_season::83_2022,-0.1450408526564534,0.7607758389552157,-0.19064860531801334,0.8488014259670815,-1.6361582983954248,1.3460765930825178,net_fouls,83,2022,Barcelona,Spain,Net fouls (opp. - own)
club_season::83_2023,0.7490828414156073,0.9293933263522884,0.80599119896377,0.42025049380216384,-1.0725241706846416,2.570689853515856,net_fouls,83,2023,Barcelona,Spain,Net fouls (opp. - own)
club_season::83_2024,1.3845742417409213,0.8903126607284778,1.55515506272597,0.11991338721550472,-0.36043483004778487,3.1295833135296274,net_fouls,83,2024,Barcelona,Spain,Net fouls (opp. - own)
club_season::83_2025,0.7462801128872002,0.8124125117294758,0.9185975131014514,0.3583091042019806,-0.8460449943875975,2.338605220161998,net_fouls,83,2025,Barcelona,Spain,Net fouls (opp. - own)
club_season::86_2005,-0.556942732712248,1.175813348258643,-0.47366593816703095,0.635739533180703,-2.8615319516982427,1.7476464862737466,net_fouls,86,2005,Real Madrid,Spain,Net fouls (opp. - own)
club_season::86_2006,-3.1356928664288737,1.0299239196610992,-3.044586892846111,0.002330813122944736,-5.154339418742598,-1.1170463141151488,net_fouls,86,2006,Real Madrid,Spain,Net fouls (opp. - own)
club_season::86_2007,1.5974387599522113,1.060321283881525,1.5065610624210586,0.1319274399743961,-0.48078649843057786,3.6756640183350004,net_fouls,86,2007,Real Madrid,Spain,Net fouls (opp. - own)
club_season::86_2008,-1.0291251432057138,0.8616981406293409,-1.1942989019961128,0.23236486559441838,-2.7180498759072753,0.6597995894958475,net_fouls,86,2008,Real Madrid,Spain,Net fouls (opp. - own)
club_season::86_2009,0.9402777106346297,0.8973351860964243,1.0478556120428237,0.29470853173653927,-0.8184954813496784,2.699050902618938,net_fouls,86,2009,Real Madrid,Spain,Net fouls (opp. - own)
club_season::86_2010,-0.34050215206740353,0.8741675908934307,-0.3895158727165784,0.6968956835076692,-2.0538669548599042,1.372862650725097,net_fouls,86,2010,Real Madrid,Spain,Net fouls (opp. - own)
club_season::86_2011,0.2022045044864192,1.1853955002875844,0.1705797807038774,0.8645546603065822,-2.1211656921890083,2.525574701161847,net_fouls,86,2011,Real Madrid,Spain,Net fouls (opp. - own)
club_season::86_2012,1.9470215008636416,0.7992178034866675,2.4361588197479658,0.01484648977600028,0.3805579662687899,3.5134850354584932,net_fouls,86,2012,Real Madrid,Spain,Net fouls (opp. - own)
club_season::86_2013,0.836594916482117,0.8235976398221203,1.0157810999346766,0.309736933586225,-0.7776529948274037,2.4508428277916376,net_fouls,86,2013,Real Madrid,Spain,Net fouls (opp. - own)
club_season::86_2014,3.949928905069993,0.7105022976582335,5.559347123983534,2.717094720320039e-8,2.5573473889025466,5.3425104212374395,net_fouls,86,2014,Real Madrid,Spain,Net fouls (opp. - own)
club_season::86_2015,1.45478924775685,0.6917184021587571,2.1031524435617945,0.03545578724537999,0.09902408779318628,2.810554407720514,net_fouls,86,2015,Real Madrid,Spain,Net fouls (opp. - own)
club_season::86_2016,2.990162167277559,0.8956436286471565,3.338562427775109,8.42543168848133e-4,1.2347044207818154,4.745619913773303,net_fouls,86,2016,Real Madrid,Spain,Net fouls (opp. - own)
club_season::86_2017,1.2483116095137892,0.9318834591690799,1.3395576423546078,0.18039328461576926,-0.5781760524378325,3.0747992714654107,net_fouls,86,2017,Real Madrid,Spain,Net fouls (opp. - own)
club_season::86_2018,2.1947755773265407,0.9062533355860534,2.4218124128693326,0.015445688725023885,0.41852284983811305,3.9710283048149684,net_fouls,86,2018,Real Madrid,Spain,Net fouls (opp. - own)
club_season::86_2019,-0.5759395815046151,0.7926521278300008,-0.7265981649242935,0.4674744333057722,-2.12953441941719,0.9776552564079597,net_fouls,86,2019,Real Madrid,Spain,Net fouls (opp. - own)
club_season::86_2020,1.1635253218830202,0.8825213903194057,1.318410335030987,0.1873703720077771,-0.566212892661597,2.8932635364276376,net_fouls,86,2020,Real Madrid,Spain,Net fouls (opp. - own)
club_season::86_2021,1.5579558379295473,0.8582786199894822,1.8152098883095087,0.06949567561250454,-0.1242666486949564,3.240178324554051,net_fouls,86,2021,Real Madrid,Spain,Net fouls (opp. - own)
club_season::86_2022,3.6553785008446673,0.8957883350204907,4.080627485242987,4.4960966565153934e-5,1.8996371304655935,5.411119871223741,net_fouls,86,2022,Real Madrid,Spain,Net fouls (opp. - own)
club_season::86_2023,3.8187369813475622,0.7467146996821712,5.114050899189416,3.161006354943293e-7,2.355179309464969,5.282294653230156,net_fouls,86,2023,Real Madrid,Spain,Net fouls (opp. - own)
club_season::86_2024,4.355235428805018,0.7409807828187168,5.8776631321497295,4.17861824878938e-9,2.90291620986706,5.807554647742975,net_fouls,86,2024,Real Madrid,Spain,Net fouls (opp. - own)
club_season::86_2025,3.3269974225115924,0.9709276487497156,3.4266172425884034,6.114793034293712e-4,1.4239833131396908,5.230011531883494,net_fouls,86,2025,Real Madrid,Spain,Net fouls (opp. - own)
club_season::103_2001,0.019752805608607593,0.09171771285909842,0.21536522218944656,0.8294831040927837,-0.16001319245322262,0.1995188036704378,net_pens,103,2001,AC Milan,Italy,Net penalties (for - against)
club_season::103_2002,0.11404454847508458,0.0967778244732746,1.1784161205915331,0.23863408433669475,-0.07563922867511072,0.30372832562527985,net_pens,103,2002,AC Milan,Italy,Net penalties (for - against)
club_season::103_2003,0.007544098716504819,0.07962074403912632,0.09475041721285075,0.9245132964011352,-0.1485119353083253,0.16360013274133495,net_pens,103,2003,AC Milan,Italy,Net penalties (for - against)
club_season::103_2004,-0.11877979469969448,0.06614173224408308,-1.7958373733146413,0.07252396888328327,-0.2484170712927341,0.010857481893345164,net_pens,103,2004,AC Milan,Italy,Net penalties (for - against)
club_season::103_2005,0.11373043494393859,0.08811301287973246,1.2907336978610862,0.19679957946553317,-0.058970379422135094,0.2864312493100123,net_pens,103,2005,AC Milan,Italy,Net penalties (for - against)
club_season::103_2006,-0.0034382171422658323,0.0805305898192956,-0.04269454812116644,0.9659451268137473,-0.16127754176229148,0.1544011074777598,net_pens,103,2006,AC Milan,Italy,Net penalties (for - against)
club_season::103_2007,0.15085786906682014,0.10035318326289076,1.5032693947697156,0.13277333941359712,-0.04583358327728104,0.3475493214109213,net_pens,103,2007,AC Milan,Italy,Net penalties (for - against)
club_season::103_2008,0.12988746063307913,0.10809439374845908,1.2016114446724553,0.22951748494662055,-0.08197670356530426,0.3417516248314625,net_pens,103,2008,AC Milan,Italy,Net penalties (for - against)
club_season::103_2009,0.12808110310305518,0.11082434939248852,1.155712655252784,0.24780198937525894,-0.08913375275253729,0.3452959589586476,net_pens,103,2009,AC Milan,Italy,Net penalties (for - against)
club_season::103_2010,0.03888000061961141,0.07424345874026574,0.5236825072445735,0.6005007626358314,-0.1066365963817737,0.18439659762099653,net_pens,103,2010,AC Milan,Italy,Net penalties (for - against)
club_season::103_2011,0.10739493092325303,0.08464509670563732,1.2687673013917247,0.20452757810346658,-0.058508794932897845,0.2732986567794039,net_pens,103,2011,AC Milan,Italy,Net penalties (for - against)
club_season::103_2012,0.07881552379076522,0.10531171373796,0.748402252639023,0.4542196546124265,-0.1275946094055308,0.2852256569870612,net_pens,103,2012,AC Milan,Italy,Net penalties (for - against)
club_season::103_2013,-0.061523746812560634,0.07056868627651007,-0.871827861035863,0.3833047787783421,-0.1998378185982111,0.07679032497308981,net_pens,103,2013,AC Milan,Italy,Net penalties (for - against)
club_season::103_2014,0.11539069926970706,0.09159062555840444,1.2598527258242829,0.20772598707722634,-0.06412620867923148,0.2949076072186456,net_pens,103,2014,AC Milan,Italy,Net penalties (for - against)
club_season::103_2015,0.013542049783657842,0.0928077525748194,0.14591507075597554,0.883988783480729,-0.16836041757418116,0.19544451714149683,net_pens,103,2015,AC Milan,Italy,Net penalties (for - against)
club_season::103_2016,0.04533144016035122,0.10120507973030048,0.44791664885946564,0.6542145048022838,-0.15302972258030684,0.24369260290100925,net_pens,103,2016,AC Milan,Italy,Net penalties (for - against)
club_season::103_2017,0.04623609434453587,0.08587453518262816,0.5384144932628308,0.5902923459867073,-0.12207732128671225,0.214549509975784,net_pens,103,2017,AC Milan,Italy,Net penalties (for - against)
club_season::103_2018,-0.06422454417353647,0.08207140476636396,-0.7825447164742351,0.43389671733767976,-0.22508385400856468,0.09663476566149175,net_pens,103,2018,AC Milan,Italy,Net penalties (for - against)
club_season::103_2019,-0.05727744761100082,0.11421867396286536,-0.501471831389172,0.6160404085502758,-0.28114515301024673,0.16659025778824507,net_pens,103,2019,AC Milan,Italy,Net penalties (for - against)
club_season::103_2020,0.3560505147372688,0.11955318699584873,2.9781766900921847,0.002900513469750532,0.12172720562032766,0.5903738238542099,net_pens,103,2020,AC Milan,Italy,Net penalties (for - against)
club_season::103_2021,0.021365471499636624,0.10293912411541876,0.20755443261476508,0.8355773889150503,-0.18039440463952477,0.22312534763879804,net_pens,103,2021,AC Milan,Italy,Net penalties (for - against)
club_season::103_2022,-0.07027560241822081,0.08259034151342252,-0.850893713846669,0.39483081683044863,-0.23215202420859463,0.091600819372153,net_pens,103,2022,AC Milan,Italy,Net penalties (for - against)
club_season::103_2023,-0.04161580832571415,0.10760196263511547,-0.38675696341000565,0.6989371180842531,-0.25251481140300736,0.16928319475157907,net_pens,103,2023,AC Milan,Italy,Net penalties (for - against)
club_season::103_2024,0.10707800812251378,0.08097889898022939,1.3222951839423793,0.18607346765301722,-0.05163999893783103,0.26579601518285856,net_pens,103,2024,AC Milan,Italy,Net penalties (for - against)
club_season::103_2025,-0.042472199073759966,0.11065123358687061,-0.383838459789205,0.7010991498738757,-0.2593477493077111,0.17440335116019115,net_pens,103,2025,AC Milan,Italy,Net penalties (for - against)
club_season::1068_2002,0.04877869639454974,0.0692569229082914,0.7043150972667598,0.4812385143306641,-0.08696432947469149,0.18452172226379096,net_pens,1068,2002,Atletico Madrid,Spain,Net penalties (for - against)
club_season::1068_2003,0.03711744635121021,0.08739744556154938,0.4246971534776765,0.6710585443049193,-0.1341808616818586,0.208415754384279,net_pens,1068,2003,Atletico Madrid,Spain,Net penalties (for - against)
club_season::1068_2006,0.08934656774043379,0.114617361070402,0.7795203702653212,0.43567543383272966,-0.1353025612635504,0.31399569674441796,net_pens,1068,2006,Atletico Madrid,Spain,Net penalties (for - against)
club_season::1068_2007,-0.042739322341840795,0.07578310755305126,-0.563968986253586,0.5727767411164798,-0.19127361894417758,0.10579497426049597,net_pens,1068,2007,Atletico Madrid,Spain,Net penalties (for - against)
club_season::1068_2008,-0.11721440445227778,0.10338073478474966,-1.133812839465026,0.25687629218050323,-0.31983983404073835,0.08541102513618277,net_pens,1068,2008,Atletico Madrid,Spain,Net penalties (for - against)
club_season::1068_2009,-0.06551366441982967,0.11348417421091353,-0.5772933968578797,0.5637428170750556,-0.2879417560643297,0.15691442722467036,net_pens,1068,2009,Atletico Madrid,Spain,Net penalties (for - against)
club_season::1068_2010,-0.08324702315915178,0.07873147370822149,-1.057353803228235,0.2903531801953599,-0.2375600943080163,0.07106604798971275,net_pens,1068,2010,Atletico Madrid,Spain,Net penalties (for - against)
club_season::1068_2011,-0.011467317720493688,0.0816456322928962,-0.14045231077831255,0.8883029653612846,-0.1714921168459301,0.1485574814049427,net_pens,1068,2011,Atletico Madrid,Spain,Net penalties (for - against)
club_season::1068_2012,0.1598424946770357,0.06530798104238088,2.447518544070559,0.014386400047261284,0.03183936390203995,0.28784562545203146,net_pens,1068,2012,Atletico Madrid,Spain,Net penalties (for - against)
club_season::1068_2013,0.09444329722282205,0.11088173729855973,0.8517479931661279,0.3943563994232103,-0.1228840384787018,0.3117706329243459,net_pens,1068,2013,Atletico Madrid,Spain,Net penalties (for - against)
club_season::1068_2014,0.001950892688764796,0.08220405606081983,0.02373231665504924,0.9810661845350539,-0.15916841264330212,0.16307019802083172,net_pens,1068,2014,Atletico Madrid,Spain,Net penalties (for - against)
club_season::1068_2015,-0.03442630129443319,0.05324704523767124,-0.6465391861796166,0.5179319901119205,-0.1387900924598149,0.06993748987094853,net_pens,1068,2015,Atletico Madrid,Spain,Net penalties (for - against)
club_season::1068_2016,0.02737028709533409,0.1102947880440174,0.24815576130769587,0.8040144984290696,-0.18880663266944978,0.24354720686011797,net_pens,1068,2016,Atletico Madrid,Spain,Net penalties (for - against)
club_season::1068_2017,-0.04955643338668676,0.09036130508149827,-0.5484253834314483,0.5834013051147464,-0.2266638828397688,0.1275510160663953,net_pens,1068,2017,Atletico Madrid,Spain,Net penalties (for - against)
club_season::1068_2018,-0.09448430197006333,0.07962645394143716,-1.186594370252299,0.23539100557928191,-0.2505515273586524,0.061582923418525726,net_pens,1068,2018,Atletico Madrid,Spain,Net penalties (for - against)
club_season::1068_2019,0.0431731581606411,0.06681099078777368,0.6461984420764155,0.5181526095363954,-0.08777585993049689,0.1741221762517791,net_pens,1068,2019,Atletico Madrid,Spain,Net penalties (for - against)
club_season::1068_2020,-0.03149101968410966,0.07836249150715541,-0.40186343081286746,0.6877855570883518,-0.1850808886120074,0.12209884924378805,net_pens,1068,2020,Atletico Madrid,Spain,Net penalties (for - against)
club_season::1068_2021,-0.15015092099339808,0.09388500095539186,-1.5993068058308928,0.10975620005132261,-0.3341647867306493,0.03386294474385318,net_pens,1068,2021,Atletico Madrid,Spain,Net penalties (for - against)
club_season::1068_2022,-0.1779025911001905,0.066398563505606,-2.679313854209666,0.007378754596487733,-0.30804325495204754,-0.04776192724833342,net_pens,1068,2022,Atletico Madrid,Spain,Net penalties (for - against)
club_season::1068_2023,0.04857771231173647,0.06461951678326772,0.7517498540675402,0.452203604659971,-0.07807603391352128,0.1752314585369942,net_pens,1068,2023,Atletico Madrid,Spain,Net penalties (for - against)
club_season::1068_2024,-0.0010542259609256368,0.08088615441529555,-0.013033453853089632,0.9896011336882569,-0.1595904544011935,0.15748200247934221,net_pens,1068,2024,Atletico Madrid,Spain,Net penalties (for - against)
club_season::1068_2025,-0.10459957261382455,0.08344320918450349,-1.2535420633516343,0.21001198156655004,-0.26814760835233586,0.05894846312468677,net_pens,1068,2025,Atletico Madrid,Spain,Net penalties (for - against)
club_season::110_2001,0.005697601416201113,0.07977979093335504,0.0714165999878424,0.9430663680796072,-0.15067016327425933,0.16206536610666158,net_pens,110,2001,Internazionale,Italy,Net penalties (for - against)
club_season::110_2002,-0.11119467565370277,0.09315323233082667,-1.193674903934662,0.23260852409327726,-0.29377428062447175,0.0713849293170662,net_pens,110,2002,Internazionale,Italy,Net penalties (for - against)
club_season::110_2003,-0.006016533892570745,0.07395628348628656,-0.08135257220823391,0.9351617592856774,-0.15097026964784593,0.13893720186270442,net_pens,110,2003,Internazionale,Italy,Net penalties (for - against)
club_season::110_2004,-0.013354408462963636,0.06533739000880853,-0.20439152009535805,0.8380480503086092,-0.14141518058156718,0.11470636365563992,net_pens,110,2004,Internazionale,Italy,Net penalties (for - against)
club_season::110_2005,-0.05629948183572119,0.04900147210248222,-1.1489344997222906,0.25058625419945296,-0.15234198294490373,0.03974301927346135,net_pens,110,2005,Internazionale,Italy,Net penalties (for - against)
club_season::110_2006,-0.04372559970357455,0.11074969756613506,-0.394814619493326,0.6929807048903549,-0.26079413856484573,0.1733429391576966,net_pens,110,2006,Internazionale,Italy,Net penalties (for - against)
club_season::110_2007,0.09908816781479776,0.07473226312944209,1.3259088332862254,0.1848734936417741,-0.04738648195674616,0.2455628175863417,net_pens,110,2007,Internazionale,Italy,Net penalties (for - against)
club_season::110_2008,0.03942536185426038,0.051938167701723895,0.7590826476720663,0.4478052435298111,-0.06237303960333665,0.1412237633118574,net_pens,110,2008,Internazionale,Italy,Net penalties (for - against)
club_season::110_2009,-0.10532539814993573,0.08915020089283365,-1.1814375861760096,0.23743227087759047,-0.2800590928892841,0.06940829658941262,net_pens,110,2009,Internazionale,Italy,Net penalties (for - against)
club_season::110_2010,-0.03122758537771701,0.08702333733594013,-0.35884150543626875,0.7197145605924302,-0.20179264422190663,0.13933747346647263,net_pens,110,2010,Internazionale,Italy,Net penalties (for - against)
club_season::110_2011,-0.0467714408825612,0.10757748907438873,-0.43476977651169413,0.6637306590886778,-0.25762247597272275,0.16407959420760038,net_pens,110,2011,Internazionale,Italy,Net penalties (for - against)
club_season::110_2012,-0.07088760874042274,0.07669405728447728,-0.9242907632006352,0.35533759937779974,-0.2212073596737624,0.07943214219291692,net_pens,110,2012,Internazionale,Italy,Net penalties (for - against)
club_season::110_2013,-0.2140149730898251,0.0729890783184361,-2.932150645280414,0.003367139937069406,-0.35707299429979417,-0.07095695187985601,net_pens,110,2013,Internazionale,Italy,Net penalties (for - against)
club_season::110_2014,0.005378799531001995,0.0992142802620593,0.05421396513480439,0.9567648231012408,-0.18908041186140204,0.199838010923406,net_pens,110,2014,Internazionale,Italy,Net penalties (for - against)
club_season::110_2015,-0.12307817682415925,0.07403611973242043,-1.6624071773208193,0.09643488299764719,-0.2681883909958752,0.02203203734755671,net_pens,110,2015,Internazionale,Italy,Net penalties (for - against)
club_season::110_2016,-0.07940855277180218,0.088667024788951,-0.895581564406991,0.37047884571662615,-0.253195226136037,0.09437812059243263,net_pens,110,2016,Internazionale,Italy,Net penalties (for - against)
club_season::110_2017,0.08007593759314513,0.08301019592208275,0.9646518322677873,0.3347219991550653,-0.08262339554620024,0.2427752707324905,net_pens,110,2017,Internazionale,Italy,Net penalties (for - against)
club_season::110_2018,0.04608163315971113,0.09279298597441848,0.49660685746673877,0.6194676128802801,-0.1357918917771243,0.2279551580965466,net_pens,110,2018,Internazionale,Italy,Net penalties (for - against)
club_season::110_2019,0.11062910548764855,0.1031169946411824,1.0728503664464442,0.28334133314608134,-0.09147939548735896,0.3127376064626561,net_pens,110,2019,Internazionale,Italy,Net penalties (for - against)
club_season::110_2020,-0.019137430265144622,0.07539876963891534,-0.253816214200759,0.7996381661804143,-0.1669184275692991,0.12864356703900987,net_pens,110,2020,Internazionale,Italy,Net penalties (for - against)
club_season::110_2021,0.0979578447809081,0.09402120293501456,1.0418697243069148,0.29747507388822086,-0.08632297576846856,0.28223866533028474,net_pens,110,2021,Internazionale,Italy,Net penalties (for - against)
club_season::110_2022,-0.026129155825887398,0.054100209923582394,-0.4829769766659934,0.6291133395028445,-0.13216514308614494,0.07990683143437015,net_pens,110,2022,Internazionale,Italy,Net penalties (for - against)
club_season::110_2023,0.18185723184575897,0.09683169686942007,1.8780754414641512,0.06037429838578972,-0.007932134778477734,0.3716465984699957,net_pens,110,2023,Internazionale,Italy,Net penalties (for - against)
club_season::110_2024,0.051424146987289615,0.10442759524315791,0.49243829533323397,0.6224108167263684,-0.15325312089140752,0.25610141486598675,net_pens,110,2024,Internazionale,Italy,Net penalties (for - against)
club_season::110_2025,-0.034430455731915326,0.07934990026737247,-0.43390672976148187,0.6643572843175078,-0.18995563808774493,0.12109472662391427,net_pens,110,2025,Internazionale,Italy,Net penalties (for - against)
club_season::111_2001,0.06487687155680878,0.08324980813375552,0.7793035565027685,0.4358031104206198,-0.09829209963865916,0.22804584275227674,net_pens,111,2001,Juventus,Italy,Net penalties (for - against)
club_season::111_2002,0.1502219726863297,0.10364950357867855,1.4493265042248735,0.14725014702435843,-0.05293024163086396,0.35337418700352335,net_pens,111,2002,Juventus,Italy,Net penalties (for - against)
club_season::111_2003,-0.07667035633051654,0.07157044337700898,-1.0712572496811699,0.28405684682271726,-0.21694786417854856,0.06360715151751546,net_pens,111,2003,Juventus,Italy,Net penalties (for - against)
club_season::111_2004,0.04201463063478661,0.0709145033765612,0.5924687988250562,0.5535382991363136,-0.09697723995547469,0.1810065012250479,net_pens,111,2004,Juventus,Italy,Net penalties (for - against)
club_season::111_2005,-0.07182305810100878,0.06080266032567999,-1.1812486117597445,0.23750731145938445,-0.1909957955966759,0.04734967939465835,net_pens,111,2005,Juventus,Italy,Net penalties (for - against)
club_season::111_2007,-0.0736994080313728,0.10885912476772844,-0.6770163565858576,0.49839743650176194,-0.2870624390314065,0.13966362296866086,net_pens,111,2007,Juventus,Italy,Net penalties (for - against)
club_season::111_2008,0.07728815051120858,0.07151462017812951,1.0807321680335893,0.27981936492714166,-0.06287994430471927,0.21745624532713642,net_pens,111,2008,Juventus,Italy,Net penalties (for - against)
club_season::111_2009,-0.08080292717403587,0.07346522063323815,-1.0998800041373302,0.271387552634721,-0.2247941835876712,0.06318832923959947,net_pens,111,2009,Juventus,Italy,Net penalties (for - against)
club_season::111_2010,-0.018022459049334378,0.08062333767683523,-0.22353898472393072,0.8231165875276111,-0.17604356874291852,0.13999865064424974,net_pens,111,2010,Juventus,Italy,Net penalties (for - against)
club_season::111_2011,-0.07141771076451907,0.06555839712162989,-1.0893754865912668,0.2759914545842731,-0.1999116550913757,0.057076233562337556,net_pens,111,2011,Juventus,Italy,Net penalties (for - against)
club_season::111_2012,0.07703314220272854,0.08767711304380421,0.8786003499481346,0.37962051315706535,-0.09481331190273758,0.24887959630819467,net_pens,111,2012,Juventus,Italy,Net penalties (for - against)
club_season::111_2013,-0.08958962231831506,0.06102606886832352,-1.4680549473311704,0.14209303343767016,-0.20920023880585753,0.03002099416922739,net_pens,111,2013,Juventus,Italy,Net penalties (for - against)
club_season::111_2014,0.03126897088362171,0.09220033243619827,0.3391416284237319,0.734503885553115,-0.14944295776519137,0.2119808995324348,net_pens,111,2014,Juventus,Italy,Net penalties (for - against)
club_season::111_2015,0.04424455925090004,0.08539232206268102,0.5181327569289303,0.6043670082415069,-0.12312372244619757,0.21161284094799765,net_pens,111,2015,Juventus,Italy,Net penalties (for - against)
club_season::111_2016,-0.04389201634695801,0.05524426066033756,-0.7945081683113219,0.4269018948885922,-0.1521703340809607,0.0643863013870447,net_pens,111,2016,Juventus,Italy,Net penalties (for - against)
club_season::111_2017,0.01932648241242809,0.08536811036682856,0.22638995204862553,0.820898691731904,-0.14799434455063823,0.18664730937549442,net_pens,111,2017,Juventus,Italy,Net penalties (for - against)
club_season::111_2018,0.01556533523968773,0.08319557832195938,0.18709329935121416,0.8515879325239859,-0.14749734594986594,0.1786280164292414,net_pens,111,2018,Juventus,Italy,Net penalties (for - against)
club_season::111_2019,-0.05958880701809211,0.1198444503180623,-0.49721790921436776,0.619036691753938,-0.29448298996282884,0.1753053759266446,net_pens,111,2019,Juventus,Italy,Net penalties (for - against)
club_season::111_2020,-0.04574918275419628,0.11012518235941253,-0.4154288944093271,0.6778290167010561,-0.2615936767070021,0.17009531119860954,net_pens,111,2020,Juventus,Italy,Net penalties (for - against)
club_season::111_2021,-0.0957608374106783,0.0975492778256022,-0.9816662874929606,0.3262670996956428,-0.2869566570826094,0.09543498226125284,net_pens,111,2021,Juventus,Italy,Net penalties (for - against)
club_season::111_2022,-0.03494295665252842,0.07124822927094947,-0.49043965036161186,0.6238241028766103,-0.17458892737910633,0.1047030140740495,net_pens,111,2022,Juventus,Italy,Net penalties (for - against)
club_season::111_2023,-0.0023032664600245844,0.08653211571012555,-0.026617475386136524,0.9787648979345875,-0.17190553476919757,0.16729900184914842,net_pens,111,2023,Juventus,Italy,Net penalties (for - against)
club_season::111_2024,-0.014442286794038502,0.08565355185575979,-0.16861281851287674,0.8661016022212507,-0.18232257683731493,0.15343800324923793,net_pens,111,2024,Juventus,Italy,Net penalties (for - against)
club_season::111_2025,-0.020897005774283706,0.08269085184981938,-0.2527124259432738,0.8004910618813791,-0.182970427035912,0.14117641548734455,net_pens,111,2025,Juventus,Italy,Net penalties (for - against)
club_season::124_2001,0.06160365598786652,0.07914005679328118,0.7784130879357233,0.4363277129120151,-0.09351023480408888,0.2167175467798219,net_pens,124,2001,Borussia Dortmund,Germany,Net penalties (for - against)
club_season::124_2002,0.03772007097458569,0.07829610529467866,0.4817617789878663,0.6299764358632371,-0.1157396814973799,0.19117982344655127,net_pens,124,2002,Borussia Dortmund,Germany,Net penalties (for - against)
club_season::124_2003,-0.020155584451077974,0.0860053639028185,-0.2343526442589408,0.8147117892025237,-0.18872542334809483,0.14841425444593886,net_pens,124,2003,Borussia Dortmund,Germany,Net penalties (for - against)
club_season::124_2006,-0.0981041164279002,0.089355296793129,-1.0979104759175726,0.2722467226347863,-0.27323979752370753,0.07703156466790714,net_pens,124,2006,Borussia Dortmund,Germany,Net penalties (for - against)
club_season::124_2007,-0.06234311935368402,0.07305515518040578,-0.853370569123165,0.39345626465097405,-0.20553065069501697,0.08084441198764891,net_pens,124,2007,Borussia Dortmund,Germany,Net penalties (for - against)
club_season::124_2008,0.07783389070160177,0.06909117566582282,1.126538808343128,0.25994073411943697,-0.05758427187199519,0.21325205327519872,net_pens,124,2008,Borussia Dortmund,Germany,Net penalties (for - against)
club_season::124_2009,0.06608868930156886,0.06690337467259917,0.9878229554933949,0.3232422016062343,-0.06504140047946178,0.1972187790825995,net_pens,124,2009,Borussia Dortmund,Germany,Net penalties (for - against)
club_season::124_2010,0.035675861943382174,0.08886053773300343,0.4014814995895744,0.6880666752138267,-0.13849009527389539,0.20984181916065975,net_pens,124,2010,Borussia Dortmund,Germany,Net penalties (for - against)
club_season::124_2011,-0.10825154651939095,0.057345542510598785,-1.887706381003956,0.059068814881686964,-0.2206483602041346,0.004145267165352712,net_pens,124,2011,Borussia Dortmund,Germany,Net penalties (for - against)
club_season::124_2012,0.031231230782862877,0.10306738487190757,0.3030175920508426,0.7618772035738671,-0.1707800354333472,0.23324249699907296,net_pens,124,2012,Borussia Dortmund,Germany,Net penalties (for - against)
club_season::124_2013,0.127278155450267,0.09357212672024243,1.3602144133241438,0.1737657243162904,-0.05612247923928168,0.3106787901398157,net_pens,124,2013,Borussia Dortmund,Germany,Net penalties (for - against)
club_season::124_2014,-0.05042461744038809,0.06837719441192572,-0.7374478855715305,0.460852079164923,-0.18444338235454466,0.08359414747376848,net_pens,124,2014,Borussia Dortmund,Germany,Net penalties (for - against)
club_season::124_2015,-0.0316254905889471,0.10440868242371146,-0.30290096431448577,0.7619660847268264,-0.23626568948982118,0.173014708311927,net_pens,124,2015,Borussia Dortmund,Germany,Net penalties (for - against)
club_season::124_2016,0.06461517576894672,0.08462576619804445,0.7635402156091777,0.44514342738884227,-0.10125066244388915,0.2304810139817826,net_pens,124,2016,Borussia Dortmund,Germany,Net penalties (for - against)
club_season::124_2017,0.0353468780786191,0.07876450808914849,0.44876656931078956,0.6536012121452293,-0.11903094019784571,0.18972469635508393,net_pens,124,2017,Borussia Dortmund,Germany,Net penalties (for - against)
club_season::124_2018,-0.11010819995107986,0.09336273049329648,-1.1793592514840354,0.23825848605824534,-0.29309841967765243,0.0728820197754927,net_pens,124,2018,Borussia Dortmund,Germany,Net penalties (for - against)
club_season::124_2019,-0.10983729040645454,0.06959922013918522,-1.578139671490583,0.11453728263670777,-0.24625121616435697,0.026576635351447886,net_pens,124,2019,Borussia Dortmund,Germany,Net penalties (for - against)
club_season::124_2020,-0.06529390963047378,0.10411984692418763,-0.6271033963199732,0.5305931613594197,-0.2693679932169881,0.13878017395604053,net_pens,124,2020,Borussia Dortmund,Germany,Net penalties (for - against)
club_season::124_2021,0.08876534898295216,0.09805817504718668,0.9052315009966001,0.3653453468682224,-0.10342790525311346,0.2809586032190178,net_pens,124,2021,Borussia Dortmund,Germany,Net penalties (for - against)
club_season::124_2022,0.07974203366997812,0.06502929379445328,1.2262478802557712,0.22010883749008567,-0.047714872284215865,0.2071989396241721,net_pens,124,2022,Borussia Dortmund,Germany,Net penalties (for - against)
club_season::124_2023,-0.047762540251422694,0.10975768247558289,-0.4351635272733472,0.6634448497941232,-0.26288673731342255,0.1673616568105772,net_pens,124,2023,Borussia Dortmund,Germany,Net penalties (for - against)
club_season::124_2024,0.01855141385292306,0.08435834165429093,0.21991202635239848,0.8259402030255669,-0.1467902743509834,0.18389310205682952,net_pens,124,2024,Borussia Dortmund,Germany,Net penalties (for - against)
club_season::124_2025,0.07454683943372803,0.13365984603876946,0.5577354878300916,0.5770265036136941,-0.18742541079957487,0.3365190896670309,net_pens,124,2025,Borussia Dortmund,Germany,Net penalties (for - against)
club_season::132_2001,-0.04182379388169852,0.07672335181733551,-0.5451246966018044,0.5856692020796377,-0.19220096186974717,0.10855337410635013,net_pens,132,2001,Bayern Munich,Germany,Net penalties (for - against)
club_season::132_2002,-0.13576900530969396,0.05710466282242832,-2.377546746609448,0.017430453132823008,-0.2476936966943176,-0.023844313925070332,net_pens,132,2002,Bayern Munich,Germany,Net penalties (for - against)
club_season::132_2003,-0.2076626597849981,0.07916965103638957,-2.6230084011554875,0.00871728237338934,-0.36283455506140283,-0.05249076450859336,net_pens,132,2003,Bayern Munich,Germany,Net penalties (for - against)
club_season::132_2006,-0.022939176496785375,0.061130783159178276,-0.37524754814696415,0.7074773163189466,-0.14275503217335733,0.0968766791797866,net_pens,132,2006,Bayern Munich,Germany,Net penalties (for - against)
club_season::132_2007,0.03190231052074328,0.059619368551587476,0.5350997720336275,0.5925822806928334,-0.08495118437567936,0.14875580541716593,net_pens,132,2007,Bayern Munich,Germany,Net penalties (for - against)
club_season::132_2008,0.01675383427692223,0.09011247580392474,0.18592136246901939,0.8525068773115139,-0.15986591174314108,0.19337358029698554,net_pens,132,2008,Bayern Munich,Germany,Net penalties (for - against)
club_season::132_2009,-0.01221700913262886,0.06135359606732472,-0.1991245813729134,0.842165773895809,-0.13246957636213214,0.1080355580968744,net_pens,132,2009,Bayern Munich,Germany,Net penalties (for - against)
club_season::132_2010,0.011145813504999498,0.08719309778828338,0.12782908037128166,0.8982845413124567,-0.1597519744947219,0.18204360150472088,net_pens,132,2010,Bayern Munich,Germany,Net penalties (for - against)
club_season::132_2011,0.20821195956407465,0.1308016635743817,1.5918143078178268,0.11143018826171029,-0.048158275449520144,0.46458219457766947,net_pens,132,2011,Bayern Munich,Germany,Net penalties (for - against)
club_season::132_2012,-0.10521776399485577,0.0871075391897089,-1.2079065138748226,0.22708661639712685,-0.27594785781222064,0.06551232982250912,net_pens,132,2012,Bayern Munich,Germany,Net penalties (for - against)
club_season::132_2013,0.0684191353576743,0.09062215357165462,0.7549934829519972,0.4502550042655411,-0.10919957509084835,0.24603784580619695,net_pens,132,2013,Bayern Munich,Germany,Net penalties (for - against)
club_season::132_2014,-9.255683711313614e-4,0.08350055796037954,-0.011084577082353598,0.9911559944523063,-0.16458600726069836,0.16273487051843563,net_pens,132,2014,Bayern Munich,Germany,Net penalties (for - against)
club_season::132_2015,0.08641771375186925,0.09196451774770903,0.939685390282189,0.3473816568821235,-0.09383201995648523,0.26666744746022375,net_pens,132,2015,Bayern Munich,Germany,Net penalties (for - against)
club_season::132_2016,-0.05310629076599427,0.07542069914897553,-0.7041341616456711,0.48135117479802436,-0.20093026973792139,0.09471768820593285,net_pens,132,2016,Bayern Munich,Germany,Net penalties (for - against)
club_season::132_2017,0.00703529372808356,0.10896072068818294,0.06456724665227509,0.948518716935485,-0.20652686447944568,0.2205974519356128,net_pens,132,2017,Bayern Munich,Germany,Net penalties (for - against)
club_season::132_2018,-0.18756199844824553,0.09615592981257182,-1.9506025142062837,0.05110766078433398,-0.37602686693962695,9.028700431358838e-4,net_pens,132,2018,Bayern Munich,Germany,Net penalties (for - against)
club_season::132_2019,-0.05797873578096969,0.10299820543189316,-0.562910154966804,0.573497563676759,-0.259854410837175,0.1438969392752356,net_pens,132,2019,Bayern Munich,Germany,Net penalties (for - against)
club_season::132_2020,0.13289025986481431,0.09740886704303549,1.3642521866731399,0.17249185487656252,-0.05803035577422164,0.32381087550385024,net_pens,132,2020,Bayern Munich,Germany,Net penalties (for - against)
club_season::132_2021,-0.017154702268799893,0.08383758605386761,-0.2046182753613349,0.8378708704053703,-0.18147571357902714,0.14716630904142736,net_pens,132,2021,Bayern Munich,Germany,Net penalties (for - against)
club_season::132_2022,-0.26534977002624516,0.12118532619777495,-2.189619637555732,0.028554567973841885,-0.5028720591816533,-0.027827480870837,net_pens,132,2022,Bayern Munich,Germany,Net penalties (for - against)
club_season::132_2023,-0.07542154503326948,0.10230787398314738,-0.7372017626492098,0.4610017158824661,-0.27594417586269715,0.12510108579615817,net_pens,132,2023,Bayern Munich,Germany,Net penalties (for - against)
club_season::132_2024,0.13841350394184415,0.10350174187470977,1.3373060340317318,0.18112637468419585,-0.0644490985941435,0.3412761064778318,net_pens,132,2024,Bayern Munich,Germany,Net penalties (for - against)
club_season::132_2025,0.1659188167706061,0.12573515298677415,1.3195897315053873,0.18697562101702261,-0.08052109721687131,0.4123587307580835,net_pens,132,2025,Bayern Munich,Germany,Net penalties (for - against)
club_season::160_2001,0.0571958561837027,0.05062794464603759,1.129728978404798,0.25859366092999814,-0.042034518357971236,0.15642623072537665,net_pens,160,2001,Paris Saint-Germain,France,Net penalties (for - against)
club_season::160_2002,0.05306860491202864,0.046872913704687484,1.1321806288035718,0.25756172657425974,-0.03880193842711774,0.14493914825117502,net_pens,160,2002,Paris Saint-Germain,France,Net penalties (for - against)
club_season::160_2004,-0.07933215326818104,0.09134870151964844,-0.8684540879994586,0.3851482711943215,-0.2583748919980405,0.0997105854616784,net_pens,160,2004,Paris Saint-Germain,France,Net penalties (for - against)
club_season::160_2006,-0.01745007972522943,0.09240268890495443,-0.18884818106514858,0.850212263323573,-0.1985586254661641,0.16365846601570522,net_pens,160,2006,Paris Saint-Germain,France,Net penalties (for - against)
club_season::160_2007,0.06021034862534307,0.06339294710823212,0.9497957008142351,0.3422187969080519,-0.06403933065415593,0.1844600279048421,net_pens,160,2007,Paris Saint-Germain,France,Net penalties (for - against)
club_season::160_2008,-0.0712203565114455,0.07026924496167193,-1.0135352464693814,0.3108074818432206,-0.2089475256678784,0.06650681264498741,net_pens,160,2008,Paris Saint-Germain,France,Net penalties (for - against)
club_season::160_2009,-4.4904796021621595e-4,0.06233604306256949,-0.007203664816605159,0.994252373837893,-0.12262720359721,0.12172910767677755,net_pens,160,2009,Paris Saint-Germain,France,Net penalties (for - against)
club_season::160_2010,-0.07421506231122946,0.07326964647663768,-1.0129032400189515,0.31110929124394465,-0.21782299491138946,0.06939287028893054,net_pens,160,2010,Paris Saint-Germain,France,Net penalties (for - against)
club_season::160_2011,0.13156971072678147,0.08879599290685446,1.4817077485106331,0.13842181664597406,-0.04246973913732843,0.3056091605908914,net_pens,160,2011,Paris Saint-Germain,France,Net penalties (for - against)
club_season::160_2012,-0.033232671669621,0.06623269120770124,-0.5017563240093263,0.6158402512934767,-0.16304822711815947,0.09658288377891745,net_pens,160,2012,Paris Saint-Germain,France,Net penalties (for - against)
club_season::160_2013,0.08588853602959547,0.09832184757097134,0.8735447731248014,0.38236870452501515,-0.1068215142856795,0.27859858634487045,net_pens,160,2013,Paris Saint-Germain,France,Net penalties (for - against)
club_season::160_2014,0.19897650660111274,0.11988490524243325,1.6597294396549684,0.09697261807759562,-0.03599696767819127,0.43394998088041675,net_pens,160,2014,Paris Saint-Germain,France,Net penalties (for - against)
club_season::160_2015,0.024270854611275525,0.0790444655784418,0.3070531811893866,0.758803652666488,-0.1306556781491081,0.1791973873716592,net_pens,160,2015,Paris Saint-Germain,France,Net penalties (for - against)
club_season::160_2016,0.07243253077199899,0.09025059478529325,0.8025712289688112,0.4222248685468464,-0.10445792736858062,0.2493229889125786,net_pens,160,2016,Paris Saint-Germain,France,Net penalties (for - against)
club_season::160_2017,-0.045966505305033295,0.08967880117000412,-0.5125682402677817,0.6082547187356895,-0.22173625244297657,0.12980324183290998,net_pens,160,2017,Paris Saint-Germain,France,Net penalties (for - against)
club_season::160_2018,0.045607915966149805,0.1092086077931373,0.4176219886672323,0.6762245822945542,-0.16844009902345203,0.2596559309557516,net_pens,160,2018,Paris Saint-Germain,France,Net penalties (for - against)
club_season::160_2019,0.1872610159526935,0.09407190944110118,1.9906156584388077,0.04652638450088498,0.0028808110489676186,0.3716412208564194,net_pens,160,2019,Paris Saint-Germain,France,Net penalties (for - against)
club_season::160_2020,0.19335882882284292,0.0859486192965314,2.2497025595691706,0.024470404746071803,0.024900208909224564,0.36181744873646127,net_pens,160,2020,Paris Saint-Germain,France,Net penalties (for - against)
club_season::160_2021,0.025352805108057447,0.06793245603615142,0.3732060724341472,0.708996016519351,-0.10779427607669469,0.1584998862928096,net_pens,160,2021,Paris Saint-Germain,France,Net penalties (for - against)
club_season::160_2022,-0.05519578278475887,0.09283042041869287,-0.5945872326744771,0.5521210140275867,-0.2371426789388554,0.12675111336933767,net_pens,160,2022,Paris Saint-Germain,France,Net penalties (for - against)
club_season::160_2023,0.030550564081258055,0.09413682342023866,0.32453362001473623,0.7455348795089559,-0.1539568717125985,0.21505799987511462,net_pens,160,2023,Paris Saint-Germain,France,Net penalties (for - against)
club_season::160_2024,0.022397833920568464,0.09518796528774218,0.23530111031223758,0.8139756056408396,-0.16416983169178168,0.2089654995329186,net_pens,160,2024,Paris Saint-Germain,France,Net penalties (for - against)
club_season::160_2025,0.03915581268062636,0.09779032948022517,0.40040577517988946,0.6888586871342977,-0.15251246634432336,0.2308240917055761,net_pens,160,2025,Paris Saint-Germain,France,Net penalties (for - against)
club_season::359_2001,0.03137216520348077,0.0759383774215646,0.41312662014518964,0.6795148988854651,-0.11746645912369921,0.18021078953066075,net_pens,359,2001,Arsenal,England,Net penalties (for - against)
club_season::359_2003,0.00812468664188354,0.07769485605732843,0.10457174456811667,0.9167158853927606,-0.14415662203916213,0.1604059953229292,net_pens,359,2003,Arsenal,England,Net penalties (for - against)
club_season::359_2004,-0.050105376555868913,0.07135709485453186,-0.7021779215929885,0.48257015360941846,-0.18996472297267294,0.08975396986093512,net_pens,359,2004,Arsenal,England,Net penalties (for - against)
club_season::359_2005,0.06812882289437375,0.06407141447898095,1.0633263437117322,0.2876370319712102,-0.05745064711205297,0.19370829290080047,net_pens,359,2005,Arsenal,England,Net penalties (for - against)
club_season::359_2006,0.1833241912376051,0.10215439043220702,1.794579659885152,0.07272428192041311,-0.016897613035416204,0.3835459955106264,net_pens,359,2006,Arsenal,England,Net penalties (for - against)
club_season::359_2007,-0.018866036028707615,0.08344265579251788,-0.2260958241264331,0.8211274411679175,-0.18241298712326617,0.14468091506585093,net_pens,359,2007,Arsenal,England,Net penalties (for - against)
club_season::359_2008,-0.06263181123966738,0.07732366582772107,-0.8099953690660827,0.41794512642392856,-0.2141855899811181,0.08892196750178336,net_pens,359,2008,Arsenal,England,Net penalties (for - against)
club_season::359_2009,-0.15839490325366237,0.08309779597354676,-1.9061264068193289,0.056637208713685876,-0.321265931807021,0.004476125299696265,net_pens,359,2009,Arsenal,England,Net penalties (for - against)
club_season::359_2010,-0.12773741835309751,0.10860069341273122,-1.1762118117205584,0.23951357103853343,-0.3405939259236502,0.08511908921745515,net_pens,359,2010,Arsenal,England,Net penalties (for - against)
club_season::359_2011,-0.08511388222047407,0.061876964879249194,-1.3755342135247088,0.1689695454368185,-0.20639224821770907,0.036164483776760945,net_pens,359,2011,Arsenal,England,Net penalties (for - against)
club_season::359_2012,-0.04638122458978581,0.08875845769814936,-0.5225555489880135,0.6012849554701583,-0.2203471057391405,0.12758465655956888,net_pens,359,2012,Arsenal,England,Net penalties (for - against)
club_season::359_2013,-0.14270979952901297,0.09036352173591161,-1.5792854991429388,0.11427434281667,-0.3198215936073648,0.034401994549338843,net_pens,359,2013,Arsenal,England,Net penalties (for - against)
club_season::359_2014,0.05180694438812647,0.07565181227685995,0.6848077108652816,0.4934671539406795,-0.09647001450233786,0.2000839032785908,net_pens,359,2014,Arsenal,England,Net penalties (for - against)
club_season::359_2015,-0.04417782708863894,0.05055282811948563,-0.8738942751970499,0.38217832502253246,-0.14326097382724615,0.05490531964996826,net_pens,359,2015,Arsenal,England,Net penalties (for - against)
club_season::359_2016,-0.19403642290678236,0.09189364173146528,-2.1115326289255374,0.03472949461822969,-0.3741472401790251,-0.013925605634539595,net_pens,359,2016,Arsenal,England,Net penalties (for - against)
club_season::359_2017,-0.09398938137157191,0.09547088864882525,-0.9844821044590584,0.3248813549711512,-0.28111157455329394,0.09313281181015014,net_pens,359,2017,Arsenal,England,Net penalties (for - against)
club_season::359_2018,-0.09550431881868814,0.08123195605218857,-1.175698868525708,0.23971855521236404,-0.2547183157558982,0.06370967811852192,net_pens,359,2018,Arsenal,England,Net penalties (for - against)
club_season::359_2019,-0.14094039801923855,0.07620827290699274,-1.849410735121201,0.06440202871076645,-0.29030801538165596,0.00842721934317886,net_pens,359,2019,Arsenal,England,Net penalties (for - against)
club_season::359_2020,0.05523855874855107,0.07570079694039321,0.7296958682224428,0.4655781371561628,-0.09313440969835857,0.20361152719546072,net_pens,359,2020,Arsenal,England,Net penalties (for - against)
club_season::359_2021,0.028044400481842105,0.08905207492994449,0.3149213592597823,0.7528221441703529,-0.14649696813963142,0.2025857691033156,net_pens,359,2021,Arsenal,England,Net penalties (for - against)
club_season::359_2022,-0.09935459818899872,0.07435011396598579,-1.3363072749888745,0.18145247078200136,-0.24508023859653078,0.04637104221853333,net_pens,359,2022,Arsenal,England,Net penalties (for - against)
club_season::359_2023,0.12814178579768085,0.10025263558904662,1.278188698429404,0.2011864235184815,-0.06835259389406195,0.32463616548942364,net_pens,359,2023,Arsenal,England,Net penalties (for - against)
club_season::359_2024,-0.1051933878200482,0.07243700693615654,-1.4522050574613332,0.1464483230206554,-0.24716935344944124,0.03678257780934485,net_pens,359,2024,Arsenal,England,Net penalties (for - against)
club_season::359_2025,0.028828109010702894,0.05337595740875457,0.5400953989440683,0.5891326720057873,-0.07578834899922512,0.1334445670206309,net_pens,359,2025,Arsenal,England,Net penalties (for - against)
club_season::360_2001,0.015042244599007552,0.06277465814320349,0.23962288356382155,0.81062320629735,-0.10799559315692732,0.13808008235494243,net_pens,360,2001,Manchester United,England,Net penalties (for - against)
club_season::360_2003,-0.04801489104945458,0.06168936339029701,-0.7783333853791519,0.4363746858846125,-0.16892555959929267,0.0728957775003835,net_pens,360,2003,Manchester United,England,Net penalties (for - against)
club_season::360_2004,-0.020239631244648313,0.0709942867610954,-0.28508816931645764,0.7755772948325287,-0.15938787664302956,0.11890861415373294,net_pens,360,2004,Manchester United,England,Net penalties (for - against)
club_season::360_2005,-0.056337361143903746,0.060099242931209045,-0.9374055045649871,0.3485526992497725,-0.17413140606177643,0.061456683773968936,net_pens,360,2005,Manchester United,England,Net penalties (for - against)
club_season::360_2006,-0.04630539179837816,0.07400541158139169,-0.6257027804980335,0.531511605082919,-0.19135541823485486,0.09874463463809856,net_pens,360,2006,Manchester United,England,Net penalties (for - against)
club_season::360_2007,0.08791722497600675,0.07591229995836198,1.1581420273688123,0.24680936649822224,-0.060870287727764746,0.23670473767977823,net_pens,360,2007,Manchester United,England,Net penalties (for - against)
club_season::360_2008,-0.0662275889357978,0.06255447841725933,-1.0587185859665809,0.28973099798339624,-0.18883387615527153,0.056378698283675935,net_pens,360,2008,Manchester United,England,Net penalties (for - against)
club_season::360_2009,0.06228508936156052,0.08243991815187812,0.7555209995091626,0.4499385506252419,-0.09929650381962865,0.2238666825427497,net_pens,360,2009,Manchester United,England,Net penalties (for - against)
club_season::360_2010,-0.11488297647095287,0.08090938167309343,-1.419896853681647,0.15564141441696622,-0.27346473015438383,0.0436987772124781,net_pens,360,2010,Manchester United,England,Net penalties (for - against)
club_season::360_2011,0.11375779629564993,0.10253535798781623,1.1094494477618853,0.2672395095310864,-0.08721070139926769,0.31472629399056756,net_pens,360,2011,Manchester United,England,Net penalties (for - against)
club_season::360_2012,0.12073559973950311,0.06837904407299729,1.7656813045033675,0.07745295465097417,-0.013286790495850867,0.2547579899748571,net_pens,360,2012,Manchester United,England,Net penalties (for - against)
club_season::360_2013,-0.02867236983418624,0.10376007179730096,-0.27633336540281844,0.7822927095486496,-0.2320412969929344,0.1746965573245619,net_pens,360,2013,Manchester United,England,Net penalties (for - against)
club_season::360_2014,-0.02992703058258637,0.09004037065591194,-0.3323734716392063,0.7396080949662702,-0.206405451077908,0.14655138991273528,net_pens,360,2014,Manchester United,England,Net penalties (for - against)
club_season::360_2015,-0.012459097037495337,0.049787263458883596,-0.250246672982631,0.8023972039059298,-0.11004174304397664,0.08512354896898595,net_pens,360,2015,Manchester United,England,Net penalties (for - against)
club_season::360_2016,-0.11540618858768083,0.0709227245139669,-1.6272103106382179,0.10369618044308905,-0.25441417254279686,0.023601795367435188,net_pens,360,2016,Manchester United,England,Net penalties (for - against)
club_season::360_2017,-0.04625466096473702,0.054355688360617604,-0.8509626565275912,0.39479251724796016,-0.15279138395842334,0.060282062028949306,net_pens,360,2017,Manchester United,England,Net penalties (for - against)
club_season::360_2018,0.10455202679816249,0.09700504285292641,1.0777999135228298,0.28112614589954543,-0.08557709659457212,0.2946811501908971,net_pens,360,2018,Manchester United,England,Net penalties (for - against)
club_season::360_2019,0.23659834258295978,0.0996773115576051,2.373642897122339,0.017615806238997164,0.04123159348183067,0.4319650916840889,net_pens,360,2019,Manchester United,England,Net penalties (for - against)
club_season::360_2020,0.1300988427301086,0.08593299980740392,1.5139567223498624,0.13004056971682174,-0.038329163107289455,0.29852684856750666,net_pens,360,2020,Manchester United,England,Net penalties (for - against)
club_season::360_2021,-0.03546028408094223,0.07708570319601785,-0.46001116433707334,0.6455093947895434,-0.1865476579300766,0.11562708976819214,net_pens,360,2021,Manchester United,England,Net penalties (for - against)
club_season::360_2022,-0.05030513926150797,0.06914598637169331,-0.7275207412776409,0.4669090369729938,-0.18583073038885028,0.08522045186583434,net_pens,360,2022,Manchester United,England,Net penalties (for - against)
club_season::360_2023,0.006281098838275991,0.11262605448786603,0.05576950082143468,0.9555255642581231,-0.21446508487741253,0.2270272825539645,net_pens,360,2023,Manchester United,England,Net penalties (for - against)
club_season::360_2024,-0.011436028291904796,0.0781125485888897,-0.14640449580122128,0.8836024289091883,-0.16453601105975896,0.14166395447594937,net_pens,360,2024,Manchester United,England,Net penalties (for - against)
club_season::360_2025,0.022625460189035565,0.07624723792598213,0.29673809575895044,0.7666672019926195,-0.1268185283050834,0.17206944868315455,net_pens,360,2025,Manchester United,England,Net penalties (for - against)
club_season::363_2001,-0.015562977207962611,0.07351951672685053,-0.2116849770079998,0.8323533214649161,-0.15966065353935233,0.12853469912342713,net_pens,363,2001,Chelsea,England,Net penalties (for - against)
club_season::363_2003,-0.042975869829001624,0.0693697847288305,-0.6195185698931627,0.5355764686815936,-0.17894010398157034,0.09298836432356711,net_pens,363,2003,Chelsea,England,Net penalties (for - against)
club_season::363_2004,0.02457994226920555,0.0747885075728572,0.328659349770556,0.7424140004004102,-0.12200494617042947,0.17116483070884056,net_pens,363,2004,Chelsea,England,Net penalties (for - against)
club_season::363_2005,-0.06984804504365788,0.0633030341081071,-1.1033917414507084,0.26986023497634937,-0.19392149554790342,0.054225405460587656,net_pens,363,2005,Chelsea,England,Net penalties (for - against)
club_season::363_2006,-0.060251058047651886,0.07331749623494614,-0.8217828095844569,0.411202846035174,-0.20395277579891516,0.0834506597036114,net_pens,363,2006,Chelsea,England,Net penalties (for - against)
club_season::363_2007,0.021614989223851137,0.06573023098415141,0.3288439565816047,0.7422744543771398,-0.10721574812622942,0.15044572657393168,net_pens,363,2007,Chelsea,England,Net penalties (for - against)
club_season::363_2008,-0.05900739967734091,0.04851201376870042,-1.2163461191011622,0.2238565096497204,-0.1540905662900654,0.0360757669353836,net_pens,363,2008,Chelsea,England,Net penalties (for - against)
club_season::363_2009,0.07623932030582423,0.10605734686488309,0.7188499671121606,0.4722353616242444,-0.1316322479728665,0.28411088858451494,net_pens,363,2009,Chelsea,England,Net penalties (for - against)
club_season::363_2010,0.037946696112122535,0.0903568344117208,0.4199648688356463,0.6745121896751369,-0.13915199086324936,0.21504538308749443,net_pens,363,2010,Chelsea,England,Net penalties (for - against)
club_season::363_2011,-0.07898176152849094,0.09112341221692562,-0.8667559698101446,0.3860782014480243,-0.25758293499146634,0.09961941193448444,net_pens,363,2011,Chelsea,England,Net penalties (for - against)
club_season::363_2012,0.24216713456715677,0.08494387630573293,2.8509075062166986,0.004360524212043595,0.07567780303749533,0.4086564660968182,net_pens,363,2012,Chelsea,England,Net penalties (for - against)
club_season::363_2013,0.08882462219846148,0.07079896740671142,1.254603357252373,0.20962626661382358,-0.049940798796790906,0.22759004319371384,net_pens,363,2013,Chelsea,England,Net penalties (for - against)
club_season::363_2014,-0.03722021123189158,0.07508789684588973,-0.4956885569492281,0.6201154554989176,-0.1843919002992132,0.10995147783543006,net_pens,363,2014,Chelsea,England,Net penalties (for - against)
club_season::363_2015,-0.02897332193890899,0.07400751956813115,-0.3914915958267756,0.6954348902341949,-0.17402748001286666,0.1160808361350487,net_pens,363,2015,Chelsea,England,Net penalties (for - against)
club_season::363_2016,-0.05222142257092652,0.06901704355188305,-0.7566453137284771,0.4492645029067268,-0.18749428678245805,0.08305144164060502,net_pens,363,2016,Chelsea,England,Net penalties (for - against)
club_season::363_2017,-0.06744087534855157,0.06112826200727321,-1.1032683268588148,0.2699138100341689,-0.1872517895871575,0.05237003889005436,net_pens,363,2017,Chelsea,England,Net penalties (for - against)
club_season::363_2018,0.007040457213282317,0.0672571309728317,0.10467971368160629,0.9166302089813592,-0.12478299214246487,0.1388639065690295,net_pens,363,2018,Chelsea,England,Net penalties (for - against)
club_season::363_2019,0.09374851729241619,0.0774505960896273,1.2104299001640817,0.22611737215759944,-0.05805404376713351,0.24555107835196588,net_pens,363,2019,Chelsea,England,Net penalties (for - against)
club_season::363_2020,0.09654949690873707,0.09952061200296806,0.9701457312768296,0.3319766434631578,-0.09851012229395634,0.2916091161114305,net_pens,363,2020,Chelsea,England,Net penalties (for - against)
club_season::363_2021,0.011289118863913384,0.10232541010355997,0.11032566449025771,0.9121513671185,-0.18926788262402539,0.21184612035185213,net_pens,363,2021,Chelsea,England,Net penalties (for - against)
club_season::363_2022,0.012110614733280494,0.054539396852908886,0.22205259742681896,0.8242734769419683,-0.09478617546487167,0.11900740493143266,net_pens,363,2022,Chelsea,England,Net penalties (for - against)
club_season::363_2023,0.17928862289111605,0.09820591468596174,1.8256397638007527,0.06790808221872388,-0.01319419987854889,0.371771445660781,net_pens,363,2023,Chelsea,England,Net penalties (for - against)
club_season::363_2024,-0.08846193797684931,0.09609926621706703,-0.9205266747514317,0.3573002373743017,-0.27681574626533034,0.09989187031163174,net_pens,363,2024,Chelsea,England,Net penalties (for - against)
club_season::363_2025,0.09920805738317348,0.07953075708645606,1.2474174900073778,0.21224792620010957,-0.056671602919994346,0.2550877176863413,net_pens,363,2025,Chelsea,England,Net penalties (for - against)
club_season::364_2001,-0.0917402932852879,0.0636906615971848,-1.4404041500699836,0.1497568084357583,-0.21657349062880868,0.03309290405823287,net_pens,364,2001,Liverpool,England,Net penalties (for - against)
club_season::364_2003,0.14789517200107538,0.09294523967270191,1.5912076026903001,0.11156661653899422,-0.034276768990601864,0.3300671129927526,net_pens,364,2003,Liverpool,England,Net penalties (for - against)
club_season::364_2004,0.07472297097929348,0.07550694943410986,0.9896171351022397,0.3223641352234028,-0.07327005787522403,0.222715999833811,net_pens,364,2004,Liverpool,England,Net penalties (for - against)
club_season::364_2005,0.024599764951975616,0.07210360766123697,0.3411724565510263,0.7329746084738977,-0.11672274071269849,0.16592227061664971,net_pens,364,2005,Liverpool,England,Net penalties (for - against)
club_season::364_2006,0.11292918447655653,0.07989335482255965,1.4134990917250667,0.15751272512657982,-0.043661164546311027,0.2695195334994241,net_pens,364,2006,Liverpool,England,Net penalties (for - against)
club_season::364_2007,-0.06223773406176165,0.09228509766332647,-0.6744071972358603,0.5000543198065305,-0.24311580189111717,0.11864033376759389,net_pens,364,2007,Liverpool,England,Net penalties (for - against)
club_season::364_2008,0.03397207679585613,0.07485617603086366,0.45383131489176304,0.6499514124835212,-0.11274544129089542,0.18068959488260766,net_pens,364,2008,Liverpool,England,Net penalties (for - against)
club_season::364_2009,-0.09849035919612674,0.0733551894514377,-1.3426501919312597,0.17938888937001593,-0.24226595535616774,0.045285236963914274,net_pens,364,2009,Liverpool,England,Net penalties (for - against)
club_season::364_2010,-0.07420652528293151,0.10527010720701836,-0.7049154527505236,0.4808648028475643,-0.2805351100048112,0.13212205943894817,net_pens,364,2010,Liverpool,England,Net penalties (for - against)
club_season::364_2011,-0.05956841767242037,0.09282215410343207,-0.641747848321243,0.5210386631945434,-0.24149911191342044,0.12236227656857969,net_pens,364,2011,Liverpool,England,Net penalties (for - against)
club_season::364_2012,1.54579034284914e-4,0.10246653827744603,0.0015085806243045343,0.9987963308415475,-0.20067903256791003,0.20098819063647988,net_pens,364,2012,Liverpool,England,Net penalties (for - against)
club_season::364_2013,0.1436196438752831,0.1305865662880624,1.099804121952873,0.2714206203848413,-0.11232900214366481,0.399568289894231,net_pens,364,2013,Liverpool,England,Net penalties (for - against)
club_season::364_2014,0.03417218954631264,0.08955237947586456,0.38158885052878416,0.7027673184445034,-0.1413497720623667,0.20969415115499201,net_pens,364,2014,Liverpool,England,Net penalties (for - against)
club_season::364_2015,-0.06639048209675799,0.06247214623307532,-1.0627213262221515,0.2879113944892504,-0.18883539888078282,0.056054434687266855,net_pens,364,2015,Liverpool,England,Net penalties (for - against)
club_season::364_2016,-0.01779231061129715,0.11034823801444303,-0.16123783153627144,0.8719064725043773,-0.23407399189902373,0.1984893706764294,net_pens,364,2016,Liverpool,England,Net penalties (for - against)
club_season::364_2017,-0.1773194614753851,0.08784009861216813,-2.0186619126907694,0.043525534932703065,-0.3494853660169041,-0.005153556933866099,net_pens,364,2017,Liverpool,England,Net penalties (for - against)
club_season::364_2018,0.05643192547430756,0.08164367545623061,0.6911977585399235,0.4894431778772166,-0.10358903826660748,0.2164528892152226,net_pens,364,2018,Liverpool,England,Net penalties (for - against)
club_season::364_2019,0.023006303168816033,0.06548862132623719,0.35130229806195123,0.7253624500782305,-0.10535088114617029,0.15136348748380235,net_pens,364,2019,Liverpool,England,Net penalties (for - against)
club_season::364_2020,-0.1311343422825683,0.09999025497495051,-1.311471226025176,0.18970218489408466,-0.3271144580279617,0.06484577346282508,net_pens,364,2020,Liverpool,England,Net penalties (for - against)
club_season::364_2021,0.12957254000075585,0.08004992364353324,1.6186466407856874,0.10552705916710653,-0.027324682683592144,0.2864697626851038,net_pens,364,2021,Liverpool,England,Net penalties (for - against)
club_season::364_2022,-0.07926487390803705,0.07864103576183072,-1.0079327305415415,0.31348965383419203,-0.23340068739108324,0.07487093957500915,net_pens,364,2022,Liverpool,England,Net penalties (for - against)
club_season::364_2023,0.15849082842683312,0.08640409409046626,1.834297669516575,0.06661334658367993,-0.010860518511602024,0.3278421753652683,net_pens,364,2023,Liverpool,England,Net penalties (for - against)
club_season::364_2024,0.08554666798386706,0.0816617690503468,1.0475730440167799,0.29483836927940427,-0.07450975905964713,0.24560309502738126,net_pens,364,2024,Liverpool,England,Net penalties (for - against)
club_season::364_2025,-0.10524019982598354,0.062388452627969763,-1.6868538229909975,0.09163516740764947,-0.2275210778002279,0.017040678148260838,net_pens,364,2025,Liverpool,England,Net penalties (for - against)
club_season::382_2003,-0.020337475611363,0.09117286691091721,-0.2230650005909571,0.8234854586558417,-0.1990355798867966,0.15836062866407058,net_pens,382,2003,Manchester City,England,Net penalties (for - against)
club_season::382_2004,0.042478236670427216,0.07494393715530194,0.5668001746745978,0.5708514627667733,-0.10441129253210424,0.18936776587295867,net_pens,382,2004,Manchester City,England,Net penalties (for - against)
club_season::382_2005,0.0014095295627836275,0.05584989045947423,0.025237821438636655,0.9798653292177348,-0.1080558178288932,0.11087487695446047,net_pens,382,2005,Manchester City,England,Net penalties (for - against)
club_season::382_2006,0.06649542448730315,0.060578829094912634,1.0976677080225605,0.2723527543459902,-0.05223860555108016,0.18522945452568645,net_pens,382,2006,Manchester City,England,Net penalties (for - against)
club_season::382_2007,-0.05009138591204977,0.056961365164547195,-0.8793922998044066,0.37919111539909667,-0.1617352150107974,0.06155244318669788,net_pens,382,2007,Manchester City,England,Net penalties (for - against)
club_season::382_2008,0.06811386617718992,0.07914524392165662,0.860618564074598,0.3894506086369154,-0.08701019134571,0.22323792370008985,net_pens,382,2008,Manchester City,England,Net penalties (for - against)
club_season::382_2009,-0.1120935935126509,0.08540693980257172,-1.3124646986740018,0.18936696696740662,-0.27949052586531925,0.05530333884001744,net_pens,382,2009,Manchester City,England,Net penalties (for - against)
club_season::382_2010,0.07304827542619631,0.10785410269799274,0.6772878694354555,0.498225186735607,-0.13834492019735173,0.2844414710497443,net_pens,382,2010,Manchester City,England,Net penalties (for - against)
club_season::382_2011,0.038562724463987584,0.09277568106554834,0.41565552546838275,0.6776631490014535,-0.14327688298714705,0.22040233191512223,net_pens,382,2011,Manchester City,England,Net penalties (for - against)
club_season::382_2012,0.04374863967573447,0.08190209423472256,0.5341577658607312,0.5932337967640716,-0.11677882284480987,0.2042761021962788,net_pens,382,2012,Manchester City,England,Net penalties (for - against)
club_season::382_2013,0.07394170532344269,0.0734742225298227,1.0063625415489117,0.3142440976420128,-0.07006719473691611,0.21795060538380148,net_pens,382,2013,Manchester City,England,Net penalties (for - against)
club_season::382_2014,0.025432376098615705,0.09105109611725178,0.2793198235182689,0.7800000805468559,-0.1530270583760164,0.20389181057324782,net_pens,382,2014,Manchester City,England,Net penalties (for - against)
club_season::382_2015,0.07727381508833643,0.0795051991364827,0.9719341115753227,0.33108612033480256,-0.07855575183327886,0.23310338200995173,net_pens,382,2015,Manchester City,England,Net penalties (for - against)
club_season::382_2016,-0.011702182764584094,0.08962399084923846,-0.13056975764746956,0.8961159796960312,-0.1873645021035845,0.1639601365744163,net_pens,382,2016,Manchester City,England,Net penalties (for - against)
club_season::382_2017,-0.006847021189415685,0.07798035401733583,-0.08780443838320512,0.9300323188801549,-0.159687903633538,0.14599386125470662,net_pens,382,2017,Manchester City,England,Net penalties (for - against)
club_season::382_2018,-0.1252186123916954,0.07869127866808581,-1.5912641719784293,0.11155389037439442,-0.27945290157705605,0.029015676793665235,net_pens,382,2018,Manchester City,England,Net penalties (for - against)
club_season::382_2019,0.10915490688197563,0.09659259124037615,1.1300546499507134,0.2584564163585488,-0.080165814584119,0.2984756283480703,net_pens,382,2019,Manchester City,England,Net penalties (for - against)
club_season::382_2020,-0.13162868450396215,0.12896306292542847,-1.0206696515891147,0.3074139101537575,-0.38439527666174383,0.12113790765381954,net_pens,382,2020,Manchester City,England,Net penalties (for - against)
club_season::382_2021,0.10957565880657033,0.08590142872743374,1.2755976289318214,0.20210131182897023,-0.05879046796162932,0.27794178557477,net_pens,382,2021,Manchester City,England,Net penalties (for - against)
club_season::382_2022,0.0663617805450324,0.08382021443008932,0.7917157095843723,0.4285286904965535,-0.09792518251879716,0.23064874360886195,net_pens,382,2022,Manchester City,England,Net penalties (for - against)
club_season::382_2023,0.11223329289474279,0.09114999239646333,1.2313033708941648,0.21821286069887164,-0.06641997751171613,0.2908865633012017,net_pens,382,2023,Manchester City,England,Net penalties (for - against)
club_season::382_2024,-0.08233618773588468,0.07482055319000591,-1.100448796827162,0.27113977343749956,-0.22898388533386727,0.06431150986209792,net_pens,382,2024,Manchester City,England,Net penalties (for - against)
club_season::382_2025,-0.020941217102675956,0.07059037784686371,-0.2966582378706783,0.7667281754677435,-0.15929780419613987,0.11741536999078794,net_pens,382,2025,Manchester City,England,Net penalties (for - against)
club_season::83_2001,-0.05869196273118275,0.07623352761141541,-0.7698969806349885,0.44136316501073214,-0.208109079116251,0.09072515365388553,net_pens,83,2001,Barcelona,Spain,Net penalties (for - against)
club_season::83_2002,-0.07101740932748334,0.08803659447309407,-0.8066805599708633,0.41985282543292346,-0.2435684442157287,0.10153362556076202,net_pens,83,2002,Barcelona,Spain,Net penalties (for - against)
club_season::83_2003,-0.13081711140292182,0.0711606530052075,-1.8383348926456407,0.06601659275924299,-0.27029143333531513,0.008657210529471493,net_pens,83,2003,Barcelona,Spain,Net penalties (for - against)
club_season::83_2006,0.024334719404275867,0.09237455544162353,0.2634353073520802,0.7922157246667023,-0.15671868496911961,0.20538812377767135,net_pens,83,2006,Barcelona,Spain,Net penalties (for - against)
club_season::83_2007,-0.19322101915120798,0.10894290868693292,-1.7735988645801941,0.07613313930108229,-0.4067482659759479,0.020306227673531907,net_pens,83,2007,Barcelona,Spain,Net penalties (for - against)
club_season::83_2008,0.06755408367020342,0.090447787476252,0.7468848664533717,0.4551351472454709,-0.1097228705985031,0.24483103793890992,net_pens,83,2008,Barcelona,Spain,Net penalties (for - against)
club_season::83_2009,-0.06200352506840159,0.05756964325100453,-1.0770177052872338,0.28147544162341515,-0.17483957444720713,0.05083252431040395,net_pens,83,2009,Barcelona,Spain,Net penalties (for - against)
club_season::83_2010,-0.12399269808637955,0.08018767131873826,-1.5462813179038526,0.12204040009323867,-0.28115990513407474,0.03317450896131566,net_pens,83,2010,Barcelona,Spain,Net penalties (for - against)
club_season::83_2011,0.07180333954075355,0.10612658962478236,0.6765819932084791,0.4986730656990026,-0.1362039440044198,0.27981062308592686,net_pens,83,2011,Barcelona,Spain,Net penalties (for - against)
club_season::83_2012,-0.08072268543502038,0.08154461145473899,-0.9899205354583753,0.32221580592707466,-0.24054948450975477,0.079104113639714,net_pens,83,2012,Barcelona,Spain,Net penalties (for - against)
club_season::83_2013,0.12825725633412519,0.10457605979993718,1.2264495007699863,0.22003299754023892,-0.0767110009117756,0.33322551358002594,net_pens,83,2013,Barcelona,Spain,Net penalties (for - against)
club_season::83_2014,-0.06265768196898805,0.08442554818791752,-0.7421649407537426,0.4579894776378419,-0.22813109445184834,0.10281573051387224,net_pens,83,2014,Barcelona,Spain,Net penalties (for - against)
club_season::83_2015,0.381947385652421,0.11696478388235991,3.265490457679754,0.0010931832474552771,0.15269732634271713,0.6111974449621248,net_pens,83,2015,Barcelona,Spain,Net penalties (for - against)
club_season::83_2016,0.1312391742997692,0.08116600973048069,1.6169228318055935,0.10589868539775919,-0.027845568363966594,0.290323916963505,net_pens,83,2016,Barcelona,Spain,Net penalties (for - against)
club_season::83_2017,-0.03222633916076861,0.07539732101763971,-0.4274202150130645,0.6690743791360101,-0.18000449717858122,0.11555181885704399,net_pens,83,2017,Barcelona,Spain,Net penalties (for - against)
club_season::83_2018,0.08346383530955802,0.08237467050482307,1.0132220839010357,0.31095700585521113,-0.07798987299499825,0.24491754361411427,net_pens,83,2018,Barcelona,Spain,Net penalties (for - against)
club_season::83_2019,-0.1166085676865437,0.08775794383178914,-1.3287522769454838,0.18393331242519997,-0.2886134495026807,0.055396314129593296,net_pens,83,2019,Barcelona,Spain,Net penalties (for - against)
club_season::83_2020,-0.02922975125672288,0.08951359358807082,-0.32653980345414524,0.7440167909936753,-0.20467569282943968,0.1462161903159939,net_pens,83,2020,Barcelona,Spain,Net penalties (for - against)
club_season::83_2021,0.04028468422733577,0.10630629208860677,0.37894919892190676,0.7047265440757104,-0.16807481473791888,0.24864418319259043,net_pens,83,2021,Barcelona,Spain,Net penalties (for - against)
club_season::83_2022,-0.13139092322110732,0.061392161809286756,-2.14019052838162,0.032342236929964414,-0.25171907900246915,-0.011062767439745477,net_pens,83,2022,Barcelona,Spain,Net penalties (for - against)
club_season::83_2023,0.06476420298045778,0.08108263994404406,0.7987431468086411,0.42444161562802174,-0.09415713555554965,0.2236855415164652,net_pens,83,2023,Barcelona,Spain,Net penalties (for - against)
club_season::83_2024,0.018248340420783743,0.09269818727638404,0.19685757571909632,0.8439394687803492,-0.16343937981120366,0.19993606065277114,net_pens,83,2024,Barcelona,Spain,Net penalties (for - against)
club_season::83_2025,0.035532964393484336,0.09553432823094586,0.3719392290861826,0.7099390324688601,-0.15171356987177584,0.2227794986587445,net_pens,83,2025,Barcelona,Spain,Net penalties (for - against)
club_season::86_2001,0.05187862866180985,0.08391990450752404,0.618192179391226,0.5364503367654618,-0.11260372617213991,0.2163609834957596,net_pens,86,2001,Real Madrid,Spain,Net penalties (for - against)
club_season::86_2002,-0.05796369444989454,0.08172095318984295,-0.7092880367565123,0.47814771475009044,-0.21813612194276905,0.10220873304297995,net_pens,86,2002,Real Madrid,Spain,Net penalties (for - against)
club_season::86_2003,-0.06444865683328267,0.07218239436393305,-0.8928583957514903,0.3719355611952,-0.20592558381748882,0.07702827015092346,net_pens,86,2003,Real Madrid,Spain,Net penalties (for - against)
club_season::86_2006,-0.09581058524375582,0.09023168590115624,-1.0618286058481825,0.28831654641068255,-0.272663982119688,0.08104281163217639,net_pens,86,2006,Real Madrid,Spain,Net penalties (for - against)
club_season::86_2007,-0.029317095090551006,0.0845658901857912,-0.34667754370161974,0.7288344490207578,-0.1950655767888475,0.1364313866077455,net_pens,86,2007,Real Madrid,Spain,Net penalties (for - against)
club_season::86_2008,-0.12927944321417723,0.0794614437947461,-1.6269455605175531,0.10375240231761274,-0.2850232500090665,0.026464363580712053,net_pens,86,2008,Real Madrid,Spain,Net penalties (for - against)
club_season::86_2009,0.04984156232342146,0.08863391774185758,0.5623305794581126,0.5738923044194086,-0.12388022148809663,0.22356334613493956,net_pens,86,2009,Real Madrid,Spain,Net penalties (for - against)
club_season::86_2010,0.09779805110385764,0.10157677916129618,0.9627992924304264,0.3356510208539888,-0.10129163960712395,0.29688774181483923,net_pens,86,2010,Real Madrid,Spain,Net penalties (for - against)
club_season::86_2011,0.21206015322417904,0.1074985022139592,1.972680073273077,0.048535289863516254,0.0013639317611376656,0.4227563746872204,net_pens,86,2011,Real Madrid,Spain,Net penalties (for - against)
club_season::86_2012,0.0557419986144877,0.0962818459451662,0.5789460938070663,0.5626270956678534,-0.13296966450949307,0.24445366173846847,net_pens,86,2012,Real Madrid,Spain,Net penalties (for - against)
club_season::86_2013,-0.1100010355559482,0.08644474674489282,-1.272501102705204,0.2031986464077205,-0.27943206137830934,0.05942999026641291,net_pens,86,2013,Real Madrid,Spain,Net penalties (for - against)
club_season::86_2014,0.09758572755064582,0.09318978196208258,1.0471719698877704,0.2950232765434813,-0.08506551441080568,0.2802369695120973,net_pens,86,2014,Real Madrid,Spain,Net penalties (for - against)
club_season::86_2015,0.04495688733142672,0.09468254799907155,0.47481704159321486,0.6349186167492398,-0.14062016435801458,0.23053393902086802,net_pens,86,2015,Real Madrid,Spain,Net penalties (for - against)
club_season::86_2016,0.004453994145108984,0.086741328136013,0.05134800493399165,0.9590483379285892,-0.1655583288784066,0.1744663171686246,net_pens,86,2016,Real Madrid,Spain,Net penalties (for - against)
club_season::86_2017,0.04942952900869116,0.11886128238989958,0.41585895772643544,0.6775142734454596,-0.18353765250568857,0.2823967105230709,net_pens,86,2017,Real Madrid,Spain,Net penalties (for - against)
club_season::86_2018,-0.06051242447895127,0.11219242733798127,-0.5393628243433645,0.5896379534590351,-0.28040870238085774,0.1593838534229552,net_pens,86,2018,Real Madrid,Spain,Net penalties (for - against)
club_season::86_2019,0.15740326941719196,0.10545295276674509,1.4926397534392186,0.13553525821563883,-0.04928369116809311,0.36409023000247703,net_pens,86,2019,Real Madrid,Spain,Net penalties (for - against)
club_season::86_2020,-0.22272237198058845,0.11175080913855179,-1.9930269292676979,0.04626172006609896,-0.4417530816742616,-0.0036916622869153093,net_pens,86,2020,Real Madrid,Spain,Net penalties (for - against)
club_season::86_2021,0.10709634602319251,0.12418412427308864,0.8623996557537497,0.38847008607368283,-0.136303563846797,0.350496255893182,net_pens,86,2021,Real Madrid,Spain,Net penalties (for - against)
club_season::86_2022,0.04539789968069711,0.07280551889707662,0.6235502523493447,0.5329246792445455,-0.09730034650266364,0.18809614586405785,net_pens,86,2022,Real Madrid,Spain,Net penalties (for - against)
club_season::86_2023,0.023691672241267062,0.06630329521776258,0.3573226966089023,0.7208511361533467,-0.10626226651339835,0.15364561099593246,net_pens,86,2023,Real Madrid,Spain,Net penalties (for - against)
club_season::86_2024,0.2084614025209927,0.10741387372973768,1.9407307015618773,0.05229428356413972,-0.0020689477765311326,0.4189917528185165,net_pens,86,2024,Real Madrid,Spain,Net penalties (for - against)
club_season::86_2025,0.17224793359503562,0.10337247922136267,1.6662842459856506,0.0956605326286335,-0.030361315153916796,0.374857182343988,net_pens,86,2025,Real Madrid,Spain,Net penalties (for - against)
