outcome,outcome_label,spec,spec_label,sample,contrast,contrast_label,estimate,se,df,t_crit_95,p_value,ci95_low,ci95_high,ci90_low,ci90_high,se_match_cluster,se_team_season_cluster,se_hetero,estimate_per10,ci95_low_per10,ci95_high_per10,mde_per_match,mde_per10,mde_pct_baseline,equiv_margin_per10,equiv_margin_pct_baseline,n_rows,n_matches,n_seasons,season_first,season_last,season_first_rm,season_last_rm,n_rm_matches,n_rm_seasons,n_rm_knockout,n_rm_extra_time,n_barca_matches,n_other_elite_matches,n_nonelite_rows,baseline_nonelite,main_spec,run_id,input_md5,script_md5,inference_primary,unit,alpha,power,per_games,generated
net_yellow,Net yellow cards,raw,Raw,common,rm_vs_nonelite,Real Madrid vs non-elite clubs,0.263097002557801,0.13643359356469,18,2.10092204024104,0.069731708786001,-0.0235393411915436,0.549733346307145,0.0265124732372237,0.499681531878378,0.111593473298384,0.124507204723659,0.110271499819297,2.63097002557801,-0.235393411915436,5.49733346307145,0.404212463963943,4.04212463963943,20.4475753322449,4.99681531878378,25.2769933539855,4974,2487,20,2006,2025,2007,2025,218,19,100,8,201,1621,2934,1.97682344921609,0,20261003-175015,4237598ec443fe56d60744856219d211,6c49e2a4c6b741a70851cb47ef9815bc,"season-block cluster, CR1, t(G-1)",team-match (120-minute matches count once),0.05,0.8,10,2026-10-03 17:50:35
net_yellow,Net yellow cards,raw,Raw,common,rm_vs_other_elite,Real Madrid vs other elite clubs,-0.0333240248495376,0.113829362886119,18,2.10092204024104,0.773058038791617,-0.272470642163581,0.205822592464505,-0.230711380394818,0.164063330695743,0.117436874949259,0.126759417574614,0.113234670593461,-0.333240248495376,-2.72470642163581,2.05822592464505,0.337242800995547,3.37242800995547,17.0598341055334,2.30711380394818,11.6708136220413,4974,2487,20,2006,2025,2007,2025,218,19,100,8,201,1621,2934,1.97682344921609,0,20261003-175015,4237598ec443fe56d60744856219d211,6c49e2a4c6b741a70851cb47ef9815bc,"season-block cluster, CR1, t(G-1)",team-match (120-minute matches count once),0.05,0.8,10,2026-10-03 17:50:35
net_yellow,Net yellow cards,raw,Raw,common,rm_vs_barca,Real Madrid vs Barcelona,-0.62029354937971,0.228897264430155,18,2.10092204024104,0.0143460416830827,-1.1011888571719,-0.139398241587515,-1.01721596528235,-0.223371133477066,0.161890352098286,0.192292754522688,0.160190871660632,-6.2029354937971,-11.011888571719,-1.39398241587515,0.678155026430859,6.78155026430859,34.3052904749679,10.1721596528235,51.4570972782486,4974,2487,20,2006,2025,2007,2025,218,19,100,8,201,1621,2934,1.97682344921609,0,20261003-175015,4237598ec443fe56d60744856219d211,6c49e2a4c6b741a70851cb47ef9815bc,"season-block cluster, CR1, t(G-1)",team-match (120-minute matches count once),0.05,0.8,10,2026-10-03 17:50:35
net_yellow,Net yellow cards,raw,Raw,common,barca_vs_nonelite,Barcelona vs non-elite clubs,0.88339055193751,0.162261412244594,18,2.10092204024104,3.58639199455613e-05,0.542491974672205,1.22428912920282,0.602018942205794,1.16476216166923,0.126016198312109,0.154113238731977,0.123877370221462,8.8339055193751,5.42491974672205,12.2428912920282,0.480732666610867,4.80732666610867,24.3184421351083,11.6476216166923,58.9208996954742,4974,2487,20,2006,2025,2007,2025,218,19,100,8,201,1621,2934,1.97682344921609,0,20261003-175015,4237598ec443fe56d60744856219d211,6c49e2a4c6b741a70851cb47ef9815bc,"season-block cluster, CR1, t(G-1)",team-match (120-minute matches count once),0.05,0.8,10,2026-10-03 17:50:35
net_yellow,Net yellow cards,raw,Raw,common,other_elite_vs_nonelite,Other elite clubs vs non-elite clubs,0.296421027407338,0.0440048891125647,19,2.09302405440831,1.94916747132633e-06,0.20431773598317,0.388524318831507,0.220330729775443,0.372511325039233,0.0505552750294775,0.053300710829557,0.0500643536491062,2.96421027407338,2.0431773598317,3.88524318831507,0.129973603619116,1.29973603619116,6.57487160376701,3.72511325039233,18.8439349597433,4974,2487,20,2006,2025,2007,2025,218,19,100,8,201,1621,2934,1.97682344921609,0,20261003-175015,4237598ec443fe56d60744856219d211,6c49e2a4c6b741a70851cb47ef9815bc,"season-block cluster, CR1, t(G-1)",team-match (120-minute matches count once),0.05,0.8,10,2026-10-03 17:50:35
net_yellow,Net yellow cards,prematch,Pre-match adjusted,common,rm_vs_nonelite,Real Madrid vs non-elite clubs,-0.191130494397518,0.154909289059152,18,2.10092204024104,0.233137461135884,-0.516582834019961,0.134321845224925,-0.45975305488199,0.0774920660869546,0.133685260529569,0.142934202697733,0.131515065608782,-1.91130494397518,-5.16582834019961,1.34321845224925,0.458950495882183,4.58950495882183,23.2165647399711,4.5975305488199,23.257163155582,4974,2487,20,2006,2025,2007,2025,218,19,100,8,201,1621,2934,1.97682344921609,0,20261003-175015,4237598ec443fe56d60744856219d211,6c49e2a4c6b741a70851cb47ef9815bc,"season-block cluster, CR1, t(G-1)",team-match (120-minute matches count once),0.05,0.8,10,2026-10-03 17:50:35
net_yellow,Net yellow cards,prematch,Pre-match adjusted,common,rm_vs_other_elite,Real Madrid vs other elite clubs,-0.162911714178136,0.116334757982153,18,2.10092204024104,0.178404544148718,-0.407321971268948,0.0814985429126768,-0.364643584179646,0.0388201558233751,0.114144262317433,0.13043028341953,0.118368913225711,-1.62911714178136,-4.07321971268948,0.814985429126768,0.344665547098697,3.44665547098697,17.4353226756479,3.64643584179646,18.4459357928118,4974,2487,20,2006,2025,2007,2025,218,19,100,8,201,1621,2934,1.97682344921609,0,20261003-175015,4237598ec443fe56d60744856219d211,6c49e2a4c6b741a70851cb47ef9815bc,"season-block cluster, CR1, t(G-1)",team-match (120-minute matches count once),0.05,0.8,10,2026-10-03 17:50:35
net_yellow,Net yellow cards,prematch,Pre-match adjusted,common,rm_vs_barca,Real Madrid vs Barcelona,-0.623751396134244,0.222064857786525,18,2.10092204024104,0.0116137770983182,-1.09029235022095,-0.157210442047542,-1.00882598433056,-0.238676807937932,0.163606646142727,0.188344939245907,0.164189055251619,-6.23751396134244,-10.9029235022095,-1.57210442047542,0.657912622400682,6.57912622400682,33.2813040366138,10.0882598433056,51.0326799659629,4974,2487,20,2006,2025,2007,2025,218,19,100,8,201,1621,2934,1.97682344921609,0,20261003-175015,4237598ec443fe56d60744856219d211,6c49e2a4c6b741a70851cb47ef9815bc,"season-block cluster, CR1, t(G-1)",team-match (120-minute matches count once),0.05,0.8,10,2026-10-03 17:50:35
net_yellow,Net yellow cards,prematch,Pre-match adjusted,common,barca_vs_nonelite,Barcelona vs non-elite clubs,0.432620901736726,0.175403739226787,18,2.10092204024104,0.0239169087423598,0.0641113200544779,0.801130483418975,0.128459661078922,0.736782142394531,0.150560072771967,0.162847449698741,0.145694892412238,4.32620901736726,0.641113200544779,8.01130483418975,0.519669501981792,5.19669501981792,26.2881089450789,7.36782142394531,37.2710138928543,4974,2487,20,2006,2025,2007,2025,218,19,100,8,201,1621,2934,1.97682344921609,0,20261003-175015,4237598ec443fe56d60744856219d211,6c49e2a4c6b741a70851cb47ef9815bc,"season-block cluster, CR1, t(G-1)",team-match (120-minute matches count once),0.05,0.8,10,2026-10-03 17:50:35
net_yellow,Net yellow cards,prematch,Pre-match adjusted,common,other_elite_vs_nonelite,Other elite clubs vs non-elite clubs,-0.0282187802193822,0.0788463519056855,19,2.09302405440831,0.72436646581031,-0.193246091360324,0.13680853092156,-0.164554594368263,0.108117033929499,0.0744379943359801,0.0706308811671477,0.0692361247766493,-0.282187802193822,-1.93246091360324,1.3680853092156,0.232881952348264,2.32881952348264,11.7806146239621,1.64554594368263,8.32419275649111,4974,2487,20,2006,2025,2007,2025,218,19,100,8,201,1621,2934,1.97682344921609,0,20261003-175015,4237598ec443fe56d60744856219d211,6c49e2a4c6b741a70851cb47ef9815bc,"season-block cluster, CR1, t(G-1)",team-match (120-minute matches count once),0.05,0.8,10,2026-10-03 17:50:35
net_yellow,Net yellow cards,style,Style adjusted,common,rm_vs_nonelite,Real Madrid vs non-elite clubs,-0.2393592460304,0.155275105852711,18,2.10092204024104,0.140587711997738,-0.565580138217121,0.0868616461563202,-0.508616156103272,0.0298976640424715,0.134362141097546,0.141923483912343,0.132341608137144,-2.393592460304,-5.65580138217121,0.868616461563202,0.46003430305621,4.6003430305621,23.2713904339124,5.08616156103272,25.7289621035689,4974,2487,20,2006,2025,2007,2025,218,19,100,8,201,1621,2934,1.97682344921609,1,20261003-175015,4237598ec443fe56d60744856219d211,6c49e2a4c6b741a70851cb47ef9815bc,"season-block cluster, CR1, t(G-1)",team-match (120-minute matches count once),0.05,0.8,10,2026-10-03 17:50:35
net_yellow,Net yellow cards,style,Style adjusted,common,rm_vs_other_elite,Real Madrid vs other elite clubs,-0.195131872292414,0.114138370412377,18,2.10092204024104,0.104521180238384,-0.434927690328971,0.0446639457441439,-0.393055066543148,0.00279132195832058,0.114215910973786,0.128539811273978,0.11867620653887,-1.95131872292414,-4.34927690328971,0.446639457441439,0.338158299080062,3.38158299080062,17.10614568105,3.93055066543148,19.8831649178896,4974,2487,20,2006,2025,2007,2025,218,19,100,8,201,1621,2934,1.97682344921609,1,20261003-175015,4237598ec443fe56d60744856219d211,6c49e2a4c6b741a70851cb47ef9815bc,"season-block cluster, CR1, t(G-1)",team-match (120-minute matches count once),0.05,0.8,10,2026-10-03 17:50:35
net_yellow,Net yellow cards,style,Style adjusted,common,rm_vs_barca,Real Madrid vs Barcelona,-0.643710864164236,0.229860292683702,18,2.10092204024104,0.0118254687021422,-1.12662941923968,-0.160792309088791,-1.0423032323135,-0.245118496014973,0.168387084133528,0.191597018063667,0.168839485076993,-6.43710864164236,-11.2662941923968,-1.60792309088791,0.681008194870261,6.81008194870261,34.4496214439542,10.423032323135,52.7261669587552,4974,2487,20,2006,2025,2007,2025,218,19,100,8,201,1621,2934,1.97682344921609,1,20261003-175015,4237598ec443fe56d60744856219d211,6c49e2a4c6b741a70851cb47ef9815bc,"season-block cluster, CR1, t(G-1)",team-match (120-minute matches count once),0.05,0.8,10,2026-10-03 17:50:35
net_yellow,Net yellow cards,style,Style adjusted,common,barca_vs_nonelite,Barcelona vs non-elite clubs,0.404351618133835,0.191225758600667,18,2.10092204024104,0.0486833776689611,0.00260120722788182,0.806102029039789,0.072753989496588,0.735949246771083,0.155777521100753,0.169397078480313,0.150691340953311,4.04351618133835,0.0260120722788182,8.06102029039789,0.56654547489215,5.6654547489215,28.6593866091994,7.35949246771083,37.2288808625234,4974,2487,20,2006,2025,2007,2025,218,19,100,8,201,1621,2934,1.97682344921609,1,20261003-175015,4237598ec443fe56d60744856219d211,6c49e2a4c6b741a70851cb47ef9815bc,"season-block cluster, CR1, t(G-1)",team-match (120-minute matches count once),0.05,0.8,10,2026-10-03 17:50:35
net_yellow,Net yellow cards,style,Style adjusted,common,other_elite_vs_nonelite,Other elite clubs vs non-elite clubs,-0.0442273737379864,0.0798465536196998,19,2.09302405440831,0.586104704637461,-0.211348131125621,0.122893383649648,-0.18229266948871,0.0938379220127368,0.0747331394629934,0.0709259750347947,0.0695011969749426,-0.442273737379864,-2.11348131125621,1.22893383649648,0.235836165476353,2.35836165476353,11.9300570604762,1.8229266948871,9.22149469448058,4974,2487,20,2006,2025,2007,2025,218,19,100,8,201,1621,2934,1.97682344921609,1,20261003-175015,4237598ec443fe56d60744856219d211,6c49e2a4c6b741a70851cb47ef9815bc,"season-block cluster, CR1, t(G-1)",team-match (120-minute matches count once),0.05,0.8,10,2026-10-03 17:50:35
net_yellow,Net yellow cards,raw,Raw,no_extra_time,rm_vs_nonelite,Real Madrid vs non-elite clubs,0.265452432981716,0.141697553396825,18,2.10092204024104,0.0773480195551129,-0.0322430799979055,0.563147945961337,0.019739862489536,0.511165003473896,0.112901376524473,0.129408870217328,0.111442618460131,2.65452432981716,-0.322430799979055,5.63147945961337,0.419808023080736,4.19808023080736,21.3231178418991,5.11165003473896,25.9633713661362,4914,2457,20,2006,2025,2007,2025,210,19,92,0,200,1588,2916,1.96879286694101,0,20261003-175015,4237598ec443fe56d60744856219d211,6c49e2a4c6b741a70851cb47ef9815bc,"season-block cluster, CR1, t(G-1)",team-match (120-minute matches count once),0.05,0.8,10,2026-10-03 17:50:35
net_yellow,Net yellow cards,raw,Raw,no_extra_time,rm_vs_other_elite,Real Madrid vs other elite clubs,-0.0328276567543389,0.120400455952474,18,2.10092204024104,0.788222540002333,-0.285779628319963,0.220124314811285,-0.241609705641683,0.175954392133005,0.118275662143229,0.131502706950381,0.114464061370025,-0.328276567543389,-2.85779628319963,2.20124314811285,0.35671101003329,3.5671101003329,18.1182599766082,2.41609705641683,12.2719718106801,4914,2457,20,2006,2025,2007,2025,210,19,92,0,200,1588,2916,1.96879286694101,0,20261003-175015,4237598ec443fe56d60744856219d211,6c49e2a4c6b741a70851cb47ef9815bc,"season-block cluster, CR1, t(G-1)",team-match (120-minute matches count once),0.05,0.8,10,2026-10-03 17:50:35
net_yellow,Net yellow cards,raw,Raw,no_extra_time,rm_vs_barca,Real Madrid vs Barcelona,-0.604244138525749,0.222495848465745,18,2.10092204024104,0.0141691960787613,-1.07169057042956,-0.136797706621935,-0.990066091973688,-0.21842218507781,0.162715014163677,0.19239359753301,0.16094091474897,-6.04244138525749,-10.7169057042956,-1.36797706621935,0.659189520559275,6.59189520559275,33.4819132895114,9.90066091973688,50.2879763838229,4914,2457,20,2006,2025,2007,2025,210,19,92,0,200,1588,2916,1.96879286694101,0,20261003-175015,4237598ec443fe56d60744856219d211,6c49e2a4c6b741a70851cb47ef9815bc,"season-block cluster, CR1, t(G-1)",team-match (120-minute matches count once),0.05,0.8,10,2026-10-03 17:50:35
net_yellow,Net yellow cards,raw,Raw,no_extra_time,barca_vs_nonelite,Barcelona vs non-elite clubs,0.869696571507465,0.15844879659456,18,2.10092204024104,3.26388183271698e-05,0.536808002492284,1.20258514052265,0.594936279820493,1.14445686319444,0.126028516443032,0.150145756619395,0.123839048098407,8.69696571507465,5.36808002492284,12.0258514052265,0.469437011884035,4.69437011884035,23.8439004816904,11.4445686319444,58.1298765559132,4914,2457,20,2006,2025,2007,2025,210,19,92,0,200,1588,2916,1.96879286694101,0,20261003-175015,4237598ec443fe56d60744856219d211,6c49e2a4c6b741a70851cb47ef9815bc,"season-block cluster, CR1, t(G-1)",team-match (120-minute matches count once),0.05,0.8,10,2026-10-03 17:50:35
net_yellow,Net yellow cards,raw,Raw,no_extra_time,other_elite_vs_nonelite,Other elite clubs vs non-elite clubs,0.298280089736055,0.040510274615755,19,2.09302405440831,5.61779647590846e-07,0.213491110514593,0.383069068957516,0.228232444694212,0.368327734777898,0.0509482897046955,0.053084768512677,0.0503573295108729,2.98280089736055,2.13491110514593,3.83069068957516,0.11965184963746,1.1965184963746,6.07742193943273,3.68327734777898,18.7083029892414,4914,2457,20,2006,2025,2007,2025,210,19,92,0,200,1588,2916,1.96879286694101,0,20261003-175015,4237598ec443fe56d60744856219d211,6c49e2a4c6b741a70851cb47ef9815bc,"season-block cluster, CR1, t(G-1)",team-match (120-minute matches count once),0.05,0.8,10,2026-10-03 17:50:35
net_yellow,Net yellow cards,prematch,Pre-match adjusted,no_extra_time,rm_vs_nonelite,Real Madrid vs non-elite clubs,-0.184197848743061,0.162091957060862,18,2.10092204024104,0.270701659357755,-0.524740413878029,0.156344716391907,-0.465275612407713,0.096879914921592,0.135075360640521,0.147386733047251,0.132922593978073,-1.84197848743061,-5.24740413878029,1.56344716391907,0.480230620922863,4.80230620922863,24.3921353529188,4.65275612407713,23.6325324121389,4914,2457,20,2006,2025,2007,2025,210,19,92,0,200,1588,2916,1.96879286694101,0,20261003-175015,4237598ec443fe56d60744856219d211,6c49e2a4c6b741a70851cb47ef9815bc,"season-block cluster, CR1, t(G-1)",team-match (120-minute matches count once),0.05,0.8,10,2026-10-03 17:50:35
net_yellow,Net yellow cards,prematch,Pre-match adjusted,no_extra_time,rm_vs_other_elite,Real Madrid vs other elite clubs,-0.158183145057812,0.122509020756151,18,2.10092204024104,0.212972352980195,-0.415565046892756,0.0991987567771313,-0.370621579433406,0.054255289317781,0.115528500521839,0.134787306236343,0.119700210474969,-1.58183145057812,-4.15565046892756,0.991987567771313,0.362958065120331,3.62958065120331,18.4355638023147,3.70621579433406,18.8248131967917,4914,2457,20,2006,2025,2007,2025,210,19,92,0,200,1588,2916,1.96879286694101,0,20261003-175015,4237598ec443fe56d60744856219d211,6c49e2a4c6b741a70851cb47ef9815bc,"season-block cluster, CR1, t(G-1)",team-match (120-minute matches count once),0.05,0.8,10,2026-10-03 17:50:35
net_yellow,Net yellow cards,prematch,Pre-match adjusted,no_extra_time,rm_vs_barca,Real Madrid vs Barcelona,-0.60949406827331,0.214574994170919,18,2.10092204024104,0.0108518847670924,-1.06029940281158,-0.158688733735035,-0.98158075655527,-0.237407379991349,0.164486814633412,0.187916397497197,0.165032476978675,-6.0949406827331,-10.6029940281158,-1.58688733735035,0.635722367436954,6.35722367436954,32.289956861978,9.8158075655527,49.8569846039918,4914,2457,20,2006,2025,2007,2025,210,19,92,0,200,1588,2916,1.96879286694101,0,20261003-175015,4237598ec443fe56d60744856219d211,6c49e2a4c6b741a70851cb47ef9815bc,"season-block cluster, CR1, t(G-1)",team-match (120-minute matches count once),0.05,0.8,10,2026-10-03 17:50:35
net_yellow,Net yellow cards,prematch,Pre-match adjusted,no_extra_time,barca_vs_nonelite,Barcelona vs non-elite clubs,0.425296219530249,0.171929765765535,18,2.10092204024104,0.0235612874691322,0.0640851852599564,0.786507253800541,0.127159069821956,0.723433369238542,0.150831703985243,0.158572510447604,0.146045277064917,4.25296219530249,0.640851852599564,7.86507253800541,0.509377144096693,5.09377144096693,25.8725614385291,7.23433369238542,36.7450218550703,4914,2457,20,2006,2025,2007,2025,210,19,92,0,200,1588,2916,1.96879286694101,0,20261003-175015,4237598ec443fe56d60744856219d211,6c49e2a4c6b741a70851cb47ef9815bc,"season-block cluster, CR1, t(G-1)",team-match (120-minute matches count once),0.05,0.8,10,2026-10-03 17:50:35
net_yellow,Net yellow cards,prematch,Pre-match adjusted,no_extra_time,other_elite_vs_nonelite,Other elite clubs vs non-elite clubs,-0.0260147036852483,0.0787892604031843,19,2.09302405440831,0.744876179942839,-0.190922520938153,0.138893113567657,-0.162251799043896,0.110222391673399,0.0751225634281153,0.0711331053069061,0.0699055105962957,-0.260147036852483,-1.90922520938153,1.38893113567657,0.232713325896391,2.32713325896391,11.8201020434397,1.62251799043896,8.24118178038669,4914,2457,20,2006,2025,2007,2025,210,19,92,0,200,1588,2916,1.96879286694101,0,20261003-175015,4237598ec443fe56d60744856219d211,6c49e2a4c6b741a70851cb47ef9815bc,"season-block cluster, CR1, t(G-1)",team-match (120-minute matches count once),0.05,0.8,10,2026-10-03 17:50:35
net_yellow,Net yellow cards,style,Style adjusted,no_extra_time,rm_vs_nonelite,Real Madrid vs non-elite clubs,-0.233539362392259,0.161474299467392,18,2.10092204024104,0.165283644030778,-0.572784277075786,0.105705552291267,-0.513546068502726,0.0464673437182074,0.135769479627682,0.145767042095526,0.133879358660494,-2.33539362392259,-5.72784277075786,1.05705552291267,0.478400683799468,4.78400683799468,24.2991881895009,5.13546068502726,26.0843117184105,4914,2457,20,2006,2025,2007,2025,210,19,92,0,200,1588,2916,1.96879286694101,1,20261003-175015,4237598ec443fe56d60744856219d211,6c49e2a4c6b741a70851cb47ef9815bc,"season-block cluster, CR1, t(G-1)",team-match (120-minute matches count once),0.05,0.8,10,2026-10-03 17:50:35
net_yellow,Net yellow cards,style,Style adjusted,no_extra_time,rm_vs_other_elite,Real Madrid vs other elite clubs,-0.192869633636923,0.118175674726504,18,2.10092204024104,0.120038163080395,-0.441147513290192,0.0554082460163455,-0.397793770367626,0.01205450309378,0.115708242978309,0.132122181991268,0.12018782860214,-1.92869633636923,-4.41147513290192,0.554082460163455,0.350119639992863,3.50119639992863,17.7834675181883,3.97793770367626,20.2049579235673,4914,2457,20,2006,2025,2007,2025,210,19,92,0,200,1588,2916,1.96879286694101,1,20261003-175015,4237598ec443fe56d60744856219d211,6c49e2a4c6b741a70851cb47ef9815bc,"season-block cluster, CR1, t(G-1)",team-match (120-minute matches count once),0.05,0.8,10,2026-10-03 17:50:35
net_yellow,Net yellow cards,style,Style adjusted,no_extra_time,rm_vs_barca,Real Madrid vs Barcelona,-0.639735653065042,0.221897522882713,18,2.10092204024104,0.0099016576793274,-1.10592504956422,-0.17354625656586,-1.02452007189454,-0.254951234235547,0.169592224909705,0.190453230876935,0.169916959427258,-6.39735653065042,-11.0592504956422,-1.7354625656586,0.657416858476198,6.57416858476198,33.3918752711478,10.2452007189454,52.0379817043106,4914,2457,20,2006,2025,2007,2025,210,19,92,0,200,1588,2916,1.96879286694101,1,20261003-175015,4237598ec443fe56d60744856219d211,6c49e2a4c6b741a70851cb47ef9815bc,"season-block cluster, CR1, t(G-1)",team-match (120-minute matches count once),0.05,0.8,10,2026-10-03 17:50:35
net_yellow,Net yellow cards,style,Style adjusted,no_extra_time,barca_vs_nonelite,Barcelona vs non-elite clubs,0.406196290672782,0.188889897820233,18,2.10092204024104,0.04535751877875,0.00935334116337805,0.803039240182187,0.0786491932050115,0.733743388140553,0.156209195373256,0.165352396956045,0.151094435951679,4.06196290672782,0.0935334116337805,8.03039240182187,0.559625008921367,5.59625008921367,28.4247783663945,7.33743388140553,37.2686939525841,4914,2457,20,2006,2025,2007,2025,210,19,92,0,200,1588,2916,1.96879286694101,1,20261003-175015,4237598ec443fe56d60744856219d211,6c49e2a4c6b741a70851cb47ef9815bc,"season-block cluster, CR1, t(G-1)",team-match (120-minute matches count once),0.05,0.8,10,2026-10-03 17:50:35
net_yellow,Net yellow cards,style,Style adjusted,no_extra_time,other_elite_vs_nonelite,Other elite clubs vs non-elite clubs,-0.0406697287553363,0.0798093989101457,19,2.09302405440831,0.616209656976271,-0.207712720442139,0.126373262931467,-0.178670779078667,0.0973313215679944,0.0753772135482945,0.0714640842315363,0.0701680808397729,-0.406697287553363,-2.07712720442139,1.26373262931467,0.235726424681874,2.35726424681874,11.9731449986474,1.78670779078667,9.07514356024025,4914,2457,20,2006,2025,2007,2025,210,19,92,0,200,1588,2916,1.96879286694101,1,20261003-175015,4237598ec443fe56d60744856219d211,6c49e2a4c6b741a70851cb47ef9815bc,"season-block cluster, CR1, t(G-1)",team-match (120-minute matches count once),0.05,0.8,10,2026-10-03 17:50:35
net_yellow,Net yellow cards,raw,Raw,all_outcome_rows,rm_vs_nonelite,Real Madrid vs non-elite clubs,0.236827557812934,0.133589630049966,20,2.08596344726586,0.091494114615012,-0.0418355274050634,0.515490643030932,0.00642308580071976,0.467232029825149,0.110451296165836,0.121045533785827,0.10885130303374,2.36827557812934,-0.418355274050634,5.15490643030932,0.393488153232052,3.93488153232052,20.0907809229784,4.67232029825149,23.8560075425695,5490,2745,21,2005,2025,2005,2025,234,21,104,8,224,1775,3257,1.95855081363218,0,20261003-175015,4237598ec443fe56d60744856219d211,6c49e2a4c6b741a70851cb47ef9815bc,"season-block cluster, CR1, t(G-1)",team-match (120-minute matches count once),0.05,0.8,10,2026-10-03 17:50:35
net_yellow,Net yellow cards,raw,Raw,all_outcome_rows,rm_vs_other_elite,Real Madrid vs other elite clubs,-0.0278102804863368,0.111996963731066,20,2.08596344726586,0.806424220177415,-0.261431853034101,0.205811292061427,-0.220973486985044,0.16535292601237,0.115436529349229,0.123565604607521,0.11156467871314,-0.278102804863368,-2.61431853034101,2.05811292061427,0.329886971089381,3.29886971089381,16.8434216152706,2.20973486985044,11.2824995627886,5490,2745,21,2005,2025,2005,2025,234,21,104,8,224,1775,3257,1.95855081363218,0,20261003-175015,4237598ec443fe56d60744856219d211,6c49e2a4c6b741a70851cb47ef9815bc,"season-block cluster, CR1, t(G-1)",team-match (120-minute matches count once),0.05,0.8,10,2026-10-03 17:50:35
net_yellow,Net yellow cards,raw,Raw,all_outcome_rows,rm_vs_barca,Real Madrid vs Barcelona,-0.60466806426347,0.213802289148213,20,2.08596344726586,0.0103885230836029,-1.05065182436841,-0.15868430415853,-0.973416772735619,-0.235919355791322,0.156199055797679,0.194944632577061,0.154729287374114,-6.0466806426347,-10.5065182436841,-1.5868430415853,0.629754479312874,6.29754479312874,32.1541047048445,9.73416772735619,49.7008689261625,5490,2745,21,2005,2025,2005,2025,234,21,104,8,224,1775,3257,1.95855081363218,0,20261003-175015,4237598ec443fe56d60744856219d211,6c49e2a4c6b741a70851cb47ef9815bc,"season-block cluster, CR1, t(G-1)",team-match (120-minute matches count once),0.05,0.8,10,2026-10-03 17:50:35
net_yellow,Net yellow cards,raw,Raw,all_outcome_rows,barca_vs_nonelite,Barcelona vs non-elite clubs,0.841495622076405,0.170309973849017,20,2.08596344726586,7.87297068173404e-05,0.486235241922549,1.19675600223026,0.547758903227642,1.13523234092517,0.119212117498859,0.159346851550781,0.117251291518761,8.41495622076405,4.86235241922549,11.9675600223026,0.501647897832967,5.01647897832967,25.6132184236082,11.3523234092517,57.9628740303067,5490,2745,21,2005,2025,2005,2025,234,21,104,8,224,1775,3257,1.95855081363218,0,20261003-175015,4237598ec443fe56d60744856219d211,6c49e2a4c6b741a70851cb47ef9815bc,"season-block cluster, CR1, t(G-1)",team-match (120-minute matches count once),0.05,0.8,10,2026-10-03 17:50:35
net_yellow,Net yellow cards,raw,Raw,all_outcome_rows,other_elite_vs_nonelite,Other elite clubs vs non-elite clubs,0.264637838299271,0.0456315408111364,20,2.08596344726586,1.12762704674133e-05,0.16945211212482,0.359823564473722,0.18593628740972,0.343339389188822,0.0477890591267713,0.0515538532030881,0.0474718005976195,2.64637838299271,1.6945211212482,3.59823564473722,0.134407668590678,1.34407668590678,6.86260819250412,3.43339389188822,17.5302773254114,5490,2745,21,2005,2025,2005,2025,234,21,104,8,224,1775,3257,1.95855081363218,0,20261003-175015,4237598ec443fe56d60744856219d211,6c49e2a4c6b741a70851cb47ef9815bc,"season-block cluster, CR1, t(G-1)",team-match (120-minute matches count once),0.05,0.8,10,2026-10-03 17:50:35
net_yellow,Net yellow cards,prematch,Pre-match adjusted,all_outcome_rows,rm_vs_nonelite,Real Madrid vs non-elite clubs,-0.22496780247197,0.140409868317767,20,2.08596344726586,0.12478348320579,-0.517857655418244,0.0679220504743048,-0.467135263845727,0.0171996589017878,0.129491742075256,0.133523429531872,0.127194289034084,-2.2496780247197,-5.17857655418244,0.679220504743048,0.413577159838297,4.13577159838297,21.1164886282071,4.67135263845727,23.8510668497497,5490,2745,21,2005,2025,2005,2025,234,21,104,8,224,1775,3257,1.95855081363218,0,20261003-175015,4237598ec443fe56d60744856219d211,6c49e2a4c6b741a70851cb47ef9815bc,"season-block cluster, CR1, t(G-1)",team-match (120-minute matches count once),0.05,0.8,10,2026-10-03 17:50:35
net_yellow,Net yellow cards,prematch,Pre-match adjusted,all_outcome_rows,rm_vs_other_elite,Real Madrid vs other elite clubs,-0.160855719629534,0.109200145460378,20,2.08596344726586,0.156305898022844,-0.388643231495997,0.0669317922369292,-0.349195202634651,0.0274837633755829,0.11119120942493,0.123384596830726,0.114946041809095,-1.60855719629534,-3.88643231495997,0.669317922369292,0.321648945010208,3.21648945010208,16.4228031650454,3.49195202634651,17.8292643828352,5490,2745,21,2005,2025,2005,2025,234,21,104,8,224,1775,3257,1.95855081363218,0,20261003-175015,4237598ec443fe56d60744856219d211,6c49e2a4c6b741a70851cb47ef9815bc,"season-block cluster, CR1, t(G-1)",team-match (120-minute matches count once),0.05,0.8,10,2026-10-03 17:50:35
net_yellow,Net yellow cards,prematch,Pre-match adjusted,all_outcome_rows,rm_vs_barca,Real Madrid vs Barcelona,-0.610202463283222,0.211285287871064,20,2.08596344726586,0.00909325555735997,-1.05093585072731,-0.169469075839137,-0.974610053735215,-0.245794872831228,0.157395380656275,0.19136845453407,0.158016514298875,-6.10202463283222,-10.5093585072731,-1.69469075839137,0.622340653974352,6.22340653974352,31.7755684275664,9.74610053735215,49.761795657871,5490,2745,21,2005,2025,2005,2025,234,21,104,8,224,1775,3257,1.95855081363218,0,20261003-175015,4237598ec443fe56d60744856219d211,6c49e2a4c6b741a70851cb47ef9815bc,"season-block cluster, CR1, t(G-1)",team-match (120-minute matches count once),0.05,0.8,10,2026-10-03 17:50:35
net_yellow,Net yellow cards,prematch,Pre-match adjusted,all_outcome_rows,barca_vs_nonelite,Barcelona vs non-elite clubs,0.385234660811252,0.173814975226256,20,2.08596344726586,0.0384250201836803,0.0226629759018593,0.747806345720645,0.085452802145703,0.685016519476801,0.142406939872694,0.171062088110183,0.137799699870563,3.85234660811252,0.226629759018593,7.47806345720645,0.51197187671134,5.1197187671134,26.1403417847442,6.85016519476801,34.97568277059,5490,2745,21,2005,2025,2005,2025,234,21,104,8,224,1775,3257,1.95855081363218,0,20261003-175015,4237598ec443fe56d60744856219d211,6c49e2a4c6b741a70851cb47ef9815bc,"season-block cluster, CR1, t(G-1)",team-match (120-minute matches count once),0.05,0.8,10,2026-10-03 17:50:35
net_yellow,Net yellow cards,prematch,Pre-match adjusted,all_outcome_rows,other_elite_vs_nonelite,Other elite clubs vs non-elite clubs,-0.0641120828424356,0.0763996697011661,20,2.08596344726586,0.411294224512167,-0.223479001222253,0.0952548355373822,-0.195879986929159,0.067655821244288,0.0717386697595231,0.0685379991239747,0.0666120794323486,-0.641120828424356,-2.23479001222253,0.952548355373822,0.225035168725346,2.25035168725346,11.4898815572731,1.95879986929159,10.0012716323604,5490,2745,21,2005,2025,2005,2025,234,21,104,8,224,1775,3257,1.95855081363218,0,20261003-175015,4237598ec443fe56d60744856219d211,6c49e2a4c6b741a70851cb47ef9815bc,"season-block cluster, CR1, t(G-1)",team-match (120-minute matches count once),0.05,0.8,10,2026-10-03 17:50:35
net_fouls,Net fouls,raw,Raw,common,rm_vs_nonelite,Real Madrid vs non-elite clubs,2.28974753444276,0.432153751219608,18,2.10092204024104,4.88870427748758e-05,1.38182619373264,3.19766887515287,1.54036544198958,3.03912962689593,0.353875879492512,0.422817230723427,0.352133786581606,22.8974753444276,13.8182619373264,31.9766887515287,1.28034399760139,12.8034399760139,9.68527120343031,30.3912962689593,22.9897548736983,4974,2487,20,2006,2025,2007,2025,218,19,100,8,201,1621,2934,13.2194955691888,0,20261003-175015,4237598ec443fe56d60744856219d211,6c49e2a4c6b741a70851cb47ef9815bc,"season-block cluster, CR1, t(G-1)",team-match (120-minute matches count once),0.05,0.8,10,2026-10-03 17:50:35
net_fouls,Net fouls,raw,Raw,common,rm_vs_other_elite,Real Madrid vs other elite clubs,2.03336070354163,0.459000908869605,18,2.10092204024104,0.000323314658241847,1.06903557760681,2.99768582947645,1.23742393206648,2.82929747501679,0.376581028259425,0.435357598830579,0.36217875944883,20.3336070354163,10.6903557760681,29.9768582947645,1.35988420071851,13.5988420071851,10.2869598435211,28.2929747501679,21.4024616915878,4974,2487,20,2006,2025,2007,2025,218,19,100,8,201,1621,2934,13.2194955691888,0,20261003-175015,4237598ec443fe56d60744856219d211,6c49e2a4c6b741a70851cb47ef9815bc,"season-block cluster, CR1, t(G-1)",team-match (120-minute matches count once),0.05,0.8,10,2026-10-03 17:50:35
net_fouls,Net fouls,raw,Raw,common,rm_vs_barca,Real Madrid vs Barcelona,-2.03206304934354,0.544583217119224,18,2.10092204024104,0.00152793238886401,-3.17618993293469,-0.887936165752394,-2.97640498692469,-1.0877211117624,0.512346097325179,0.579025273957432,0.496466011708127,-20.3206304934354,-31.7618993293469,-8.87936165752394,1.61343931706086,16.1343931706086,12.2049991137435,29.7640498692469,22.515268993031,4974,2487,20,2006,2025,2007,2025,218,19,100,8,201,1621,2934,13.2194955691888,0,20261003-175015,4237598ec443fe56d60744856219d211,6c49e2a4c6b741a70851cb47ef9815bc,"season-block cluster, CR1, t(G-1)",team-match (120-minute matches count once),0.05,0.8,10,2026-10-03 17:50:35
net_fouls,Net fouls,raw,Raw,common,barca_vs_nonelite,Barcelona vs non-elite clubs,4.3218105837863,0.461649053158091,18,2.10092204024104,2.44024836560768e-08,3.35192191315006,5.29169925442254,3.52128176167541,5.12233940589719,0.385150064894801,0.443747680956569,0.378367149056142,43.218105837863,33.5192191315006,52.9169925442254,1.36772987054083,13.6772987054083,10.3463090810261,51.2233940589719,38.7483726522517,4974,2487,20,2006,2025,2007,2025,218,19,100,8,201,1621,2934,13.2194955691888,0,20261003-175015,4237598ec443fe56d60744856219d211,6c49e2a4c6b741a70851cb47ef9815bc,"season-block cluster, CR1, t(G-1)",team-match (120-minute matches count once),0.05,0.8,10,2026-10-03 17:50:35
net_fouls,Net fouls,raw,Raw,common,other_elite_vs_nonelite,Other elite clubs vs non-elite clubs,0.256386830901123,0.181955631131374,19,2.09302405440831,0.174973335150412,-0.124450681891888,0.637224343694133,-0.0582386211292149,0.57101228293146,0.171267905530389,0.226224530934097,0.166870248076394,2.56386830901123,-1.24450681891888,6.37224343694133,0.537427307598479,5.37427307598479,4.06541463541983,5.7101228293146,4.31947104140902,4974,2487,20,2006,2025,2007,2025,218,19,100,8,201,1621,2934,13.2194955691888,0,20261003-175015,4237598ec443fe56d60744856219d211,6c49e2a4c6b741a70851cb47ef9815bc,"season-block cluster, CR1, t(G-1)",team-match (120-minute matches count once),0.05,0.8,10,2026-10-03 17:50:35
net_fouls,Net fouls,prematch,Pre-match adjusted,common,rm_vs_nonelite,Real Madrid vs non-elite clubs,0.663501674991485,0.607023207627952,18,2.10092204024104,0.288788799722433,-0.611806760851892,1.93881011083486,-0.389115177728389,1.71611852771136,0.434983561186891,0.565554348931619,0.422505756683952,6.63501674991485,-6.11806760851892,19.3881011083486,1.79843057730683,17.9843057730683,13.6043812556547,17.1611852771136,12.9817247468291,4974,2487,20,2006,2025,2007,2025,218,19,100,8,201,1621,2934,13.2194955691888,0,20261003-175015,4237598ec443fe56d60744856219d211,6c49e2a4c6b741a70851cb47ef9815bc,"season-block cluster, CR1, t(G-1)",team-match (120-minute matches count once),0.05,0.8,10,2026-10-03 17:50:35
net_fouls,Net fouls,prematch,Pre-match adjusted,common,rm_vs_other_elite,Real Madrid vs other elite clubs,1.27108712132746,0.497596555848673,18,2.10092204024104,0.0199134457534724,0.225675549996953,2.31649869265797,0.408223043052046,2.13395119960288,0.357515993971052,0.50158589008103,0.370863689835896,12.7108712132746,2.25675549996953,23.1649869265797,1.47423170968663,14.7423170968663,11.1519513128979,21.3395119960288,16.142455575813,4974,2487,20,2006,2025,2007,2025,218,19,100,8,201,1621,2934,13.2194955691888,0,20261003-175015,4237598ec443fe56d60744856219d211,6c49e2a4c6b741a70851cb47ef9815bc,"season-block cluster, CR1, t(G-1)",team-match (120-minute matches count once),0.05,0.8,10,2026-10-03 17:50:35
net_fouls,Net fouls,prematch,Pre-match adjusted,common,rm_vs_barca,Real Madrid vs Barcelona,-2.05688311492806,0.625710234895412,18,2.10092204024104,0.00409467275841805,-3.37145153822423,-0.742314691631894,-3.14190446154831,-0.971861768307817,0.524065786658884,0.612303099454711,0.513428959279235,-20.5688311492806,-33.7145153822423,-7.42314691631894,1.85379472288554,18.5379472288554,14.023188049673,31.4190446154831,23.7672038626894,4974,2487,20,2006,2025,2007,2025,218,19,100,8,201,1621,2934,13.2194955691888,0,20261003-175015,4237598ec443fe56d60744856219d211,6c49e2a4c6b741a70851cb47ef9815bc,"season-block cluster, CR1, t(G-1)",team-match (120-minute matches count once),0.05,0.8,10,2026-10-03 17:50:35
net_fouls,Net fouls,prematch,Pre-match adjusted,common,barca_vs_nonelite,Barcelona vs non-elite clubs,2.72038478991955,0.470304373053784,18,2.10092204024104,1.75817935286283e-05,1.73231196694911,3.70845761288999,1.9048470925739,3.53592248726519,0.497777449990863,0.513478081657136,0.471312540166626,27.2038478991955,17.3231196694911,37.0845761288999,1.39337302843196,13.9337302843196,10.5402889326545,35.3592248726519,26.7477867726398,4974,2487,20,2006,2025,2007,2025,218,19,100,8,201,1621,2934,13.2194955691888,0,20261003-175015,4237598ec443fe56d60744856219d211,6c49e2a4c6b741a70851cb47ef9815bc,"season-block cluster, CR1, t(G-1)",team-match (120-minute matches count once),0.05,0.8,10,2026-10-03 17:50:35
net_fouls,Net fouls,prematch,Pre-match adjusted,common,other_elite_vs_nonelite,Other elite clubs vs non-elite clubs,-0.607585446335976,0.283032721955995,19,2.09302405440831,0.04494028018603,-1.19997974157453,-0.0151911510974195,-1.09698661260429,-0.118184280067661,0.246092698674829,0.278938779169401,0.225409845498443,-6.07585446335976,-11.9997974157453,-0.151911510974195,0.835970355944933,8.35970355944933,6.32376894844127,10.9698661260429,8.29824864997935,4974,2487,20,2006,2025,2007,2025,218,19,100,8,201,1621,2934,13.2194955691888,0,20261003-175015,4237598ec443fe56d60744856219d211,6c49e2a4c6b741a70851cb47ef9815bc,"season-block cluster, CR1, t(G-1)",team-match (120-minute matches count once),0.05,0.8,10,2026-10-03 17:50:35
net_fouls,Net fouls,style,Style adjusted,common,rm_vs_nonelite,Real Madrid vs non-elite clubs,0.639948325021914,0.623303708570346,18,2.10092204024104,0.318160312621356,-0.669564174077502,1.94946082412133,-0.440899951879666,1.72079660192349,0.439095812274131,0.580764471359981,0.42891497687476,6.39948325021914,-6.69564174077502,19.4946082412133,1.84666489576574,18.4666489576574,13.9692538652521,17.207966019235,13.0171124375897,4974,2487,20,2006,2025,2007,2025,218,19,100,8,201,1621,2934,13.2194955691888,1,20261003-175015,4237598ec443fe56d60744856219d211,6c49e2a4c6b741a70851cb47ef9815bc,"season-block cluster, CR1, t(G-1)",team-match (120-minute matches count once),0.05,0.8,10,2026-10-03 17:50:35
net_fouls,Net fouls,style,Style adjusted,common,rm_vs_other_elite,Real Madrid vs other elite clubs,1.28920041655853,0.50667653434199,18,2.10092204024104,0.0203353511581822,0.224712518286496,2.35368831483056,0.410591078028981,2.16780975508807,0.363706969597983,0.519074059907626,0.378610782902141,12.8920041655853,2.24712518286496,23.5368831483056,1.50113300564776,15.0113300564776,11.3554484570993,21.6780975508808,16.3985815021616,4974,2487,20,2006,2025,2007,2025,218,19,100,8,201,1621,2934,13.2194955691888,1,20261003-175015,4237598ec443fe56d60744856219d211,6c49e2a4c6b741a70851cb47ef9815bc,"season-block cluster, CR1, t(G-1)",team-match (120-minute matches count once),0.05,0.8,10,2026-10-03 17:50:35
net_fouls,Net fouls,style,Style adjusted,common,rm_vs_barca,Real Madrid vs Barcelona,-1.66454696478083,0.634117499988571,18,2.10092204024104,0.0171721135225224,-2.99677839660936,-0.332315532952294,-2.76414704383031,-0.564946885731351,0.551425544773312,0.639551483053857,0.541061622585015,-16.6454696478083,-29.9677839660936,-3.32315532952294,1.87870296761994,18.7870296761994,14.2116085881424,27.6414704383031,20.9096257066934,4974,2487,20,2006,2025,2007,2025,218,19,100,8,201,1621,2934,13.2194955691888,1,20261003-175015,4237598ec443fe56d60744856219d211,6c49e2a4c6b741a70851cb47ef9815bc,"season-block cluster, CR1, t(G-1)",team-match (120-minute matches count once),0.05,0.8,10,2026-10-03 17:50:35
net_fouls,Net fouls,style,Style adjusted,common,barca_vs_nonelite,Barcelona vs non-elite clubs,2.30449528980274,0.467844314965922,18,2.10092204024104,0.000109049525765437,1.32159085708937,3.28739972251612,1.49322348965743,3.11576708994806,0.516615824406165,0.524267736147563,0.490219198301646,23.0449528980274,13.2159085708937,32.8739972251612,1.38608460250102,13.8608460250102,10.4851550140205,31.1576708994806,23.5694854893714,4974,2487,20,2006,2025,2007,2025,218,19,100,8,201,1621,2934,13.2194955691888,1,20261003-175015,4237598ec443fe56d60744856219d211,6c49e2a4c6b741a70851cb47ef9815bc,"season-block cluster, CR1, t(G-1)",team-match (120-minute matches count once),0.05,0.8,10,2026-10-03 17:50:35
net_fouls,Net fouls,style,Style adjusted,common,other_elite_vs_nonelite,Other elite clubs vs non-elite clubs,-0.649252091536614,0.274984581556373,19,2.09302405440831,0.0290604784089672,-1.22480143532551,-0.0737027477477222,-1.12473695416821,-0.173767228905016,0.24485760554718,0.280353706688302,0.22574449341879,-6.49252091536614,-12.2480143532551,-0.737027477477222,0.812199228889126,8.12199228889126,6.14395023348809,11.2473695416821,8.50816847194743,4974,2487,20,2006,2025,2007,2025,218,19,100,8,201,1621,2934,13.2194955691888,1,20261003-175015,4237598ec443fe56d60744856219d211,6c49e2a4c6b741a70851cb47ef9815bc,"season-block cluster, CR1, t(G-1)",team-match (120-minute matches count once),0.05,0.8,10,2026-10-03 17:50:35
net_fouls,Net fouls,raw,Raw,no_extra_time,rm_vs_nonelite,Real Madrid vs non-elite clubs,2.16574924145241,0.390221421234425,18,2.10092204024104,2.86867616237201e-05,1.34592445700683,2.985574025898,1.48908047636722,2.8424180065376,0.352886076926498,0.388551445666183,0.350708080570025,21.6574924145241,13.4592445700683,29.85574025898,1.15611088184004,11.5611088184004,8.77967428367504,28.424180065376,21.5857359942279,4914,2457,20,2006,2025,2007,2025,210,19,92,0,200,1588,2916,13.1680384087792,0,20261003-175015,4237598ec443fe56d60744856219d211,6c49e2a4c6b741a70851cb47ef9815bc,"season-block cluster, CR1, t(G-1)",team-match (120-minute matches count once),0.05,0.8,10,2026-10-03 17:50:35
net_fouls,Net fouls,raw,Raw,no_extra_time,rm_vs_other_elite,Real Madrid vs other elite clubs,1.8898217734009,0.426431684247797,18,2.10092204024104,0.000322074152022442,0.993922049307597,2.78572149749421,1.15036210903818,2.62928143776363,0.372983527356615,0.402355716954768,0.360850590061724,18.898217734009,9.93922049307597,27.8572149749421,1.26339120225817,12.6339120225817,9.59437664926514,26.2928143776363,19.9671458735318,4914,2457,20,2006,2025,2007,2025,210,19,92,0,200,1588,2916,13.1680384087792,0,20261003-175015,4237598ec443fe56d60744856219d211,6c49e2a4c6b741a70851cb47ef9815bc,"season-block cluster, CR1, t(G-1)",team-match (120-minute matches count once),0.05,0.8,10,2026-10-03 17:50:35
net_fouls,Net fouls,raw,Raw,no_extra_time,rm_vs_barca,Real Madrid vs Barcelona,-2.15308578670437,0.514698863272248,18,2.10092204024104,0.000558693607276762,-3.23442797264004,-1.07174360076869,-3.04560635387219,-1.26056521953655,0.513257777554597,0.556342617179495,0.496793339247186,-21.5308578670437,-32.3442797264004,-10.7174360076869,1.52490079816061,15.2490079816061,11.5803185776247,30.4560635387219,23.1287778735645,4914,2457,20,2006,2025,2007,2025,210,19,92,0,200,1588,2916,13.1680384087792,0,20261003-175015,4237598ec443fe56d60744856219d211,6c49e2a4c6b741a70851cb47ef9815bc,"season-block cluster, CR1, t(G-1)",team-match (120-minute matches count once),0.05,0.8,10,2026-10-03 17:50:35
net_fouls,Net fouls,raw,Raw,no_extra_time,barca_vs_nonelite,Barcelona vs non-elite clubs,4.31883502815678,0.462931045687481,18,2.10092204024104,2.57098407624234e-08,3.34625299116012,5.29141706515344,3.51608314945672,5.12158690685684,0.387129607834118,0.445928882671047,0.380270438224768,43.1883502815678,33.4625299116012,52.9141706515344,1.37152803597464,13.7152803597464,10.4155835014898,51.2158690685684,38.8940763070851,4914,2457,20,2006,2025,2007,2025,210,19,92,0,200,1588,2916,13.1680384087792,0,20261003-175015,4237598ec443fe56d60744856219d211,6c49e2a4c6b741a70851cb47ef9815bc,"season-block cluster, CR1, t(G-1)",team-match (120-minute matches count once),0.05,0.8,10,2026-10-03 17:50:35
net_fouls,Net fouls,raw,Raw,no_extra_time,other_elite_vs_nonelite,Other elite clubs vs non-elite clubs,0.275927468051509,0.181381274989689,19,2.09302405440831,0.144664031814352,-0.103707903521158,0.655562839624176,-0.0377048459287419,0.58955978203176,0.172147268910109,0.226174897987562,0.167212773772111,2.75927468051509,-1.03707903521158,6.55562839624176,0.535730879337869,5.35730879337869,4.06841826175641,5.8955978203176,4.47720278244859,4914,2457,20,2006,2025,2007,2025,210,19,92,0,200,1588,2916,13.1680384087792,0,20261003-175015,4237598ec443fe56d60744856219d211,6c49e2a4c6b741a70851cb47ef9815bc,"season-block cluster, CR1, t(G-1)",team-match (120-minute matches count once),0.05,0.8,10,2026-10-03 17:50:35
net_fouls,Net fouls,prematch,Pre-match adjusted,no_extra_time,rm_vs_nonelite,Real Madrid vs non-elite clubs,0.603052839076241,0.583809540908165,18,2.10092204024104,0.315301866609718,-0.623485492720724,1.82959117087321,-0.4093100390087,1.61541571716118,0.43705649466759,0.542608222364227,0.424347832283181,6.03052839076241,-6.23485492720724,18.2959117087321,1.72965533524745,17.2965533524745,13.135254329865,16.1541571716118,12.2677020450076,4914,2457,20,2006,2025,2007,2025,210,19,92,0,200,1588,2916,13.1680384087792,0,20261003-175015,4237598ec443fe56d60744856219d211,6c49e2a4c6b741a70851cb47ef9815bc,"season-block cluster, CR1, t(G-1)",team-match (120-minute matches count once),0.05,0.8,10,2026-10-03 17:50:35
net_fouls,Net fouls,prematch,Pre-match adjusted,no_extra_time,rm_vs_other_elite,Real Madrid vs other elite clubs,1.1670083322453,0.473327183926171,18,2.10092204024104,0.0239608428480651,0.17258481928958,2.16143184520101,0.346228888576158,1.98778777591444,0.357119005454622,0.473558437739322,0.371177851097523,11.670083322453,1.7258481928958,21.6143184520101,1.40232872474473,14.0232872474473,10.6494884143852,19.8778777591444,15.0955496498945,4914,2457,20,2006,2025,2007,2025,210,19,92,0,200,1588,2916,13.1680384087792,0,20261003-175015,4237598ec443fe56d60744856219d211,6c49e2a4c6b741a70851cb47ef9815bc,"season-block cluster, CR1, t(G-1)",team-match (120-minute matches count once),0.05,0.8,10,2026-10-03 17:50:35
net_fouls,Net fouls,prematch,Pre-match adjusted,no_extra_time,rm_vs_barca,Real Madrid vs Barcelona,-2.15925858769363,0.58813808128151,18,2.10092204024104,0.00174662603173956,-3.39489084536303,-0.92362633002423,-3.17912743010976,-1.1393897452775,0.524731537139045,0.590028154564658,0.513670194867184,-21.5925858769363,-33.9489084536303,-9.2362633002423,1.74247952263388,17.4247952263388,13.2326430751612,31.7912743010976,24.142756357623,4914,2457,20,2006,2025,2007,2025,210,19,92,0,200,1588,2916,13.1680384087792,0,20261003-175015,4237598ec443fe56d60744856219d211,6c49e2a4c6b741a70851cb47ef9815bc,"season-block cluster, CR1, t(G-1)",team-match (120-minute matches count once),0.05,0.8,10,2026-10-03 17:50:35
net_fouls,Net fouls,prematch,Pre-match adjusted,no_extra_time,barca_vs_nonelite,Barcelona vs non-elite clubs,2.76231142676987,0.471366656122467,18,2.10092204024104,1.502437246287e-05,1.77200682988746,3.75261602365228,1.9449316630149,3.57969119052484,0.500301179852564,0.517814454747329,0.473873890360512,27.6231142676987,17.7200682988746,37.5261602365228,1.39652025958963,13.9652025958963,10.6053780847007,35.7969119052484,27.1846958476234,4914,2457,20,2006,2025,2007,2025,210,19,92,0,200,1588,2916,13.1680384087792,0,20261003-175015,4237598ec443fe56d60744856219d211,6c49e2a4c6b741a70851cb47ef9815bc,"season-block cluster, CR1, t(G-1)",team-match (120-minute matches count once),0.05,0.8,10,2026-10-03 17:50:35
net_fouls,Net fouls,prematch,Pre-match adjusted,no_extra_time,other_elite_vs_nonelite,Other elite clubs vs non-elite clubs,-0.563955493169055,0.294245397098618,19,2.09302405440831,0.0704525650166172,-1.17981818719539,0.0519072008572776,-1.07274486393141,-0.0551661224066998,0.246971584656736,0.279320007748886,0.226694563594064,-5.63955493169055,-11.7981818719539,0.519072008572776,0.869088307697277,8.69088307697277,6.59998308569524,10.7274486393141,8.14658061155265,4914,2457,20,2006,2025,2007,2025,210,19,92,0,200,1588,2916,13.1680384087792,0,20261003-175015,4237598ec443fe56d60744856219d211,6c49e2a4c6b741a70851cb47ef9815bc,"season-block cluster, CR1, t(G-1)",team-match (120-minute matches count once),0.05,0.8,10,2026-10-03 17:50:35
net_fouls,Net fouls,style,Style adjusted,no_extra_time,rm_vs_nonelite,Real Madrid vs non-elite clubs,0.580939076496464,0.604333610094452,18,2.10092204024104,0.349143548663175,-0.688718724609404,1.85059687760233,-0.467013843024118,1.62889199601705,0.441044437127458,0.557336104607819,0.430857857755042,5.80939076496464,-6.88718724609404,18.5059687760233,1.7904620937561,17.904620937561,13.5970297030907,16.2889199601705,12.3700428678205,4914,2457,20,2006,2025,2007,2025,210,19,92,0,200,1588,2916,13.1680384087792,1,20261003-175015,4237598ec443fe56d60744856219d211,6c49e2a4c6b741a70851cb47ef9815bc,"season-block cluster, CR1, t(G-1)",team-match (120-minute matches count once),0.05,0.8,10,2026-10-03 17:50:35
net_fouls,Net fouls,style,Style adjusted,no_extra_time,rm_vs_other_elite,Real Madrid vs other elite clubs,1.18450486228208,0.478385339349826,18,2.10092204024104,0.0234451227672634,0.179454559113842,2.18955516545032,0.354954255376165,2.014055469188,0.362843879131098,0.490672396141807,0.37894192879188,11.8450486228208,1.79454559113842,21.8955516545032,1.4173145461505,14.173145461505,10.7632929230034,20.14055469188,15.2950303353096,4914,2457,20,2006,2025,2007,2025,210,19,92,0,200,1588,2916,13.1680384087792,1,20261003-175015,4237598ec443fe56d60744856219d211,6c49e2a4c6b741a70851cb47ef9815bc,"season-block cluster, CR1, t(G-1)",team-match (120-minute matches count once),0.05,0.8,10,2026-10-03 17:50:35
net_fouls,Net fouls,style,Style adjusted,no_extra_time,rm_vs_barca,Real Madrid vs Barcelona,-1.77792711776127,0.598534827907581,18,2.10092204024104,0.00819470413219397,-3.03540212956418,-0.520452105958355,-2.8158245801289,-0.740029655393641,0.552244873328771,0.617971718020723,0.542102375444523,-17.7792711776127,-30.3540212956418,-5.20452105958355,1.77328201387618,17.7328201387618,13.4665616762929,28.158245801289,21.3837816439811,4914,2457,20,2006,2025,2007,2025,210,19,92,0,200,1588,2916,13.1680384087792,1,20261003-175015,4237598ec443fe56d60744856219d211,6c49e2a4c6b741a70851cb47ef9815bc,"season-block cluster, CR1, t(G-1)",team-match (120-minute matches count once),0.05,0.8,10,2026-10-03 17:50:35
net_fouls,Net fouls,style,Style adjusted,no_extra_time,barca_vs_nonelite,Barcelona vs non-elite clubs,2.35886619425773,0.466257325911185,18,2.10092204024104,8.16994796141e-05,1.37929590182707,3.33843648668839,1.55034633407633,3.16738605443913,0.519766334778172,0.528188039192386,0.493287003972627,23.5886619425773,13.7929590182707,33.3843648668839,1.38138282239438,13.8138282239438,10.4904221837127,31.6738605443913,24.0535906420764,4914,2457,20,2006,2025,2007,2025,210,19,92,0,200,1588,2916,13.1680384087792,1,20261003-175015,4237598ec443fe56d60744856219d211,6c49e2a4c6b741a70851cb47ef9815bc,"season-block cluster, CR1, t(G-1)",team-match (120-minute matches count once),0.05,0.8,10,2026-10-03 17:50:35
net_fouls,Net fouls,style,Style adjusted,no_extra_time,other_elite_vs_nonelite,Other elite clubs vs non-elite clubs,-0.603565785785617,0.286001512638714,19,2.09302405440831,0.0483120405095832,-1.20217383133561,-0.00495774023562645,-1.09810038543396,-0.109031186137273,0.245663550600608,0.280215877913897,0.226932079671359,-6.03565785785617,-12.0217383133561,-0.0495774023562645,0.844739027590413,8.44739027590413,6.41507110905162,10.9810038543396,8.33913413179183,4914,2457,20,2006,2025,2007,2025,210,19,92,0,200,1588,2916,13.1680384087792,1,20261003-175015,4237598ec443fe56d60744856219d211,6c49e2a4c6b741a70851cb47ef9815bc,"season-block cluster, CR1, t(G-1)",team-match (120-minute matches count once),0.05,0.8,10,2026-10-03 17:50:35
net_fouls,Net fouls,raw,Raw,all_outcome_rows,rm_vs_nonelite,Real Madrid vs non-elite clubs,2.19248775027013,0.4082834660705,20,2.08596344726586,2.95377054436371e-05,1.34082336392406,3.04415213661621,1.48831380805541,2.89666169248486,0.359411749117963,0.403897763489195,0.355986361907122,21.9248775027013,13.4082336392406,30.4415213661621,1.20259863732816,12.0259863732816,8.90661321038433,28.9666169248486,21.4530804339002,5470,2735,21,2005,2025,2005,2025,234,21,104,8,222,1769,3245,13.502311248074,0,20261003-175015,4237598ec443fe56d60744856219d211,6c49e2a4c6b741a70851cb47ef9815bc,"season-block cluster, CR1, t(G-1)",team-match (120-minute matches count once),0.05,0.8,10,2026-10-03 17:50:35
net_fouls,Net fouls,raw,Raw,all_outcome_rows,rm_vs_other_elite,Real Madrid vs other elite clubs,1.92326427402308,0.437286808803303,20,2.08596344726586,0.000277396362135331,1.01109997488785,2.83542857315831,1.16906773749141,2.67746081055475,0.378203440395153,0.417706046593199,0.365451814848432,19.2326427402308,10.1109997488785,28.3542857315831,1.28802796118525,12.8802796118525,9.53931469598571,26.7746081055475,19.8296481347716,5470,2735,21,2005,2025,2005,2025,234,21,104,8,222,1769,3245,13.502311248074,0,20261003-175015,4237598ec443fe56d60744856219d211,6c49e2a4c6b741a70851cb47ef9815bc,"season-block cluster, CR1, t(G-1)",team-match (120-minute matches count once),0.05,0.8,10,2026-10-03 17:50:35
net_fouls,Net fouls,raw,Raw,all_outcome_rows,rm_vs_barca,Real Madrid vs Barcelona,-2.20064827495532,0.512482589771569,20,2.08596344726586,0.000353711875435139,-3.26966822457896,-1.13162832533168,-3.08453634671363,-1.316760203197,0.501144061583067,0.541685490146229,0.487693093110514,-22.0064827495532,-32.6966822457896,-11.3162832533168,1.50951707656777,15.0951707656777,11.1796939711569,30.8453634671363,22.8445063222315,5470,2735,21,2005,2025,2005,2025,234,21,104,8,222,1769,3245,13.502311248074,0,20261003-175015,4237598ec443fe56d60744856219d211,6c49e2a4c6b741a70851cb47ef9815bc,"season-block cluster, CR1, t(G-1)",team-match (120-minute matches count once),0.05,0.8,10,2026-10-03 17:50:35
net_fouls,Net fouls,raw,Raw,all_outcome_rows,barca_vs_nonelite,Barcelona vs non-elite clubs,4.39313602522545,0.422131694994808,20,2.08596344726586,1.61079422046313e-09,3.5125847395339,5.273687310917,3.66507778995283,5.12119426049807,0.367167407029558,0.411280181334344,0.36164423611525,43.9313602522545,35.125847395339,52.73687310917,1.24338858504284,12.4338858504284,9.20870925131578,51.2119426049807,37.9282788435838,5470,2735,21,2005,2025,2005,2025,234,21,104,8,222,1769,3245,13.502311248074,0,20261003-175015,4237598ec443fe56d60744856219d211,6c49e2a4c6b741a70851cb47ef9815bc,"season-block cluster, CR1, t(G-1)",team-match (120-minute matches count once),0.05,0.8,10,2026-10-03 17:50:35
net_fouls,Net fouls,raw,Raw,all_outcome_rows,other_elite_vs_nonelite,Other elite clubs vs non-elite clubs,0.269223476247056,0.168782456536035,20,2.08596344726586,0.126372990184654,-0.0828505586268525,0.621297511120964,-0.0218787056256284,0.56032565811974,0.165835002868466,0.224045041401574,0.162731718779322,2.69223476247056,-0.828505586268525,6.21297511120964,0.497148596754801,4.97148596754801,3.68195183491802,5.6032565811974,4.14984996142544,5470,2735,21,2005,2025,2005,2025,234,21,104,8,222,1769,3245,13.502311248074,0,20261003-175015,4237598ec443fe56d60744856219d211,6c49e2a4c6b741a70851cb47ef9815bc,"season-block cluster, CR1, t(G-1)",team-match (120-minute matches count once),0.05,0.8,10,2026-10-03 17:50:35
net_fouls,Net fouls,prematch,Pre-match adjusted,all_outcome_rows,rm_vs_nonelite,Real Madrid vs non-elite clubs,0.62864109839878,0.547793186596022,20,2.08596344726586,0.264681241613926,-0.514035465501812,1.77131766229937,-0.31614780387109,1.57343000066865,0.42646773115168,0.526462176577498,0.41668190221527,6.2864109839878,-5.14035465501812,17.7131766229937,1.61352441253224,16.1352441253224,11.9499868051286,15.7343000066865,11.6530419997028,5470,2735,21,2005,2025,2005,2025,234,21,104,8,222,1769,3245,13.502311248074,0,20261003-175015,4237598ec443fe56d60744856219d211,6c49e2a4c6b741a70851cb47ef9815bc,"season-block cluster, CR1, t(G-1)",team-match (120-minute matches count once),0.05,0.8,10,2026-10-03 17:50:35
net_fouls,Net fouls,prematch,Pre-match adjusted,all_outcome_rows,rm_vs_other_elite,Real Madrid vs other elite clubs,1.15340473344966,0.462826594818253,20,2.08596344726586,0.0215951053799864,0.187965374236256,2.11884409266307,0.355159262057713,1.95165020484161,0.357753563413168,0.475263581597933,0.372044541024308,11.5340473344966,1.87965374236256,21.1884409266307,1.36325538137652,13.6325538137652,10.096459460383,19.5165020484161,14.4541935746001,5470,2735,21,2005,2025,2005,2025,234,21,104,8,222,1769,3245,13.502311248074,0,20261003-175015,4237598ec443fe56d60744856219d211,6c49e2a4c6b741a70851cb47ef9815bc,"season-block cluster, CR1, t(G-1)",team-match (120-minute matches count once),0.05,0.8,10,2026-10-03 17:50:35
net_fouls,Net fouls,prematch,Pre-match adjusted,all_outcome_rows,rm_vs_barca,Real Madrid vs Barcelona,-2.31026597084641,0.597968192622523,20,2.08596344726586,0.000967812505189314,-3.55760576328463,-1.06292617840819,-3.34159262134885,-1.27893932034397,0.50865426520396,0.573812267836444,0.500200654819663,-23.1026597084641,-35.5760576328463,-10.6292617840819,1.76131485444296,17.6131485444296,13.0445434272907,33.4159262134885,24.7483009386672,5470,2735,21,2005,2025,2005,2025,234,21,104,8,222,1769,3245,13.502311248074,0,20261003-175015,4237598ec443fe56d60744856219d211,6c49e2a4c6b741a70851cb47ef9815bc,"season-block cluster, CR1, t(G-1)",team-match (120-minute matches count once),0.05,0.8,10,2026-10-03 17:50:35
net_fouls,Net fouls,prematch,Pre-match adjusted,all_outcome_rows,barca_vs_nonelite,Barcelona vs non-elite clubs,2.93890706924519,0.439244757041796,20,2.08596344726586,1.63873348710534e-06,2.02265856165283,3.85515557683755,2.1813336236679,3.69648051482249,0.466732533272918,0.471710488644723,0.443706849688139,29.3890706924519,20.2265856165283,38.5515557683755,1.2937950962256,12.937950962256,9.5820269023213,36.9648051482249,27.3766501668355,5470,2735,21,2005,2025,2005,2025,234,21,104,8,222,1769,3245,13.502311248074,0,20261003-175015,4237598ec443fe56d60744856219d211,6c49e2a4c6b741a70851cb47ef9815bc,"season-block cluster, CR1, t(G-1)",team-match (120-minute matches count once),0.05,0.8,10,2026-10-03 17:50:35
net_fouls,Net fouls,prematch,Pre-match adjusted,all_outcome_rows,other_elite_vs_nonelite,Other elite clubs vs non-elite clubs,-0.524763635050881,0.268676464456045,20,2.08596344726586,0.0649372533489508,-1.08521291904682,0.0356856489450543,-0.98815483474168,-0.0613724353600826,0.235494863374124,0.273616512005565,0.217294688856826,-5.24763635050881,-10.8521291904682,0.356856489450543,0.791386320750974,7.91386320750974,5.86111745027254,9.8815483474168,7.31841250424912,5470,2735,21,2005,2025,2005,2025,234,21,104,8,222,1769,3245,13.502311248074,0,20261003-175015,4237598ec443fe56d60744856219d211,6c49e2a4c6b741a70851cb47ef9815bc,"season-block cluster, CR1, t(G-1)",team-match (120-minute matches count once),0.05,0.8,10,2026-10-03 17:50:35
net_pens,Net penalties,raw,Raw,common,rm_vs_nonelite,Real Madrid vs non-elite clubs,0.0766001670340159,0.0481107946237515,18,2.10092204024104,0.128757130067961,-0.0244768617645338,0.177677195832566,-0.00682701100848238,0.160027345076514,0.0393156658345852,0.0451526916790135,0.0386175560979134,0.766001670340159,-0.244768617645338,1.77677195832566,0.142538082667368,1.42538082667368,103.864408367593,1.60027345076514,116.608454442288,4956,2478,20,2006,2025,2007,2025,218,19,100,8,200,1616,2922,0.137234770704997,0,20261003-175015,4237598ec443fe56d60744856219d211,6c49e2a4c6b741a70851cb47ef9815bc,"season-block cluster, CR1, t(G-1)",team-match (120-minute matches count once),0.05,0.8,10,2026-10-03 17:50:35
net_pens,Net penalties,raw,Raw,common,rm_vs_other_elite,Real Madrid vs other elite clubs,-0.0341027795440094,0.0472817587858351,18,2.10092204024104,0.480009598771921,-0.133438068678531,0.0652325095905119,-0.116092356711395,0.0478867976233763,0.040957690631631,0.0460655735487514,0.0395584206414781,-0.341027795440094,-1.33438068678531,0.65232509590512,0.14008189420232,1.4008189420232,102.07463712199,1.16092356711395,84.5939816236151,4956,2478,20,2006,2025,2007,2025,218,19,100,8,200,1616,2922,0.137234770704997,0,20261003-175015,4237598ec443fe56d60744856219d211,6c49e2a4c6b741a70851cb47ef9815bc,"season-block cluster, CR1, t(G-1)",team-match (120-minute matches count once),0.05,0.8,10,2026-10-03 17:50:35
net_pens,Net penalties,raw,Raw,common,rm_vs_barca,Real Madrid vs Barcelona,-0.0478899082568807,0.0635407438053538,18,2.10092204024104,0.460782435079671,-0.181384057370858,0.0856042408570963,-0.158073599627154,0.0622937831133921,0.0519341442138817,0.0606486975177888,0.0519275496150805,-0.478899082568807,-1.81384057370858,0.856042408570963,0.188252467333023,1.88252467333023,137.175488665111,1.58073599627154,115.184802521332,4956,2478,20,2006,2025,2007,2025,218,19,100,8,200,1616,2922,0.137234770704997,0,20261003-175015,4237598ec443fe56d60744856219d211,6c49e2a4c6b741a70851cb47ef9815bc,"season-block cluster, CR1, t(G-1)",team-match (120-minute matches count once),0.05,0.8,10,2026-10-03 17:50:35
net_pens,Net penalties,raw,Raw,common,barca_vs_nonelite,Barcelona vs non-elite clubs,0.124490075290897,0.0449310466362761,18,2.10092204024104,0.0126029607484933,0.0300934491216462,0.218886701460147,0.0465767825116948,0.202403368070098,0.0379483104944961,0.0432473063763347,0.0378849458224448,1.24490075290897,0.300934491216462,2.18886701460147,0.133117428008789,1.33117428008789,96.9997817061551,2.02403368070098,147.486943017663,4956,2478,20,2006,2025,2007,2025,218,19,100,8,200,1616,2922,0.137234770704997,0,20261003-175015,4237598ec443fe56d60744856219d211,6c49e2a4c6b741a70851cb47ef9815bc,"season-block cluster, CR1, t(G-1)",team-match (120-minute matches count once),0.05,0.8,10,2026-10-03 17:50:35
net_pens,Net penalties,raw,Raw,common,other_elite_vs_nonelite,Other elite clubs vs non-elite clubs,0.110702946578025,0.0115869028410833,19,2.09302405440831,1.09163069552586e-08,0.0864512802155461,0.134954612940505,0.0906676526915981,0.130738240464453,0.0185035517856099,0.0177229248314084,0.0174260539018748,1.10702946578025,0.864512802155461,1.34954612940505,0.0342018986236877,0.342018986236877,24.9221814908767,1.30738240464453,95.2661193608804,4956,2478,20,2006,2025,2007,2025,218,19,100,8,200,1616,2922,0.137234770704997,0,20261003-175015,4237598ec443fe56d60744856219d211,6c49e2a4c6b741a70851cb47ef9815bc,"season-block cluster, CR1, t(G-1)",team-match (120-minute matches count once),0.05,0.8,10,2026-10-03 17:50:35
net_pens,Net penalties,prematch,Pre-match adjusted,common,rm_vs_nonelite,Real Madrid vs non-elite clubs,-0.00134427131062856,0.0575142710201009,18,2.10092204024104,0.981610036847407,-0.122177270925155,0.119488728303898,-0.101077675547723,0.0983891329264662,0.0480238773717823,0.0516310737426929,0.0464572672646411,-0.0134427131062856,-1.22177270925155,1.19488728303898,0.170397807421982,1.70397807421982,124.165185358362,1.01077675547723,73.6531092145754,4956,2478,20,2006,2025,2007,2025,218,19,100,8,200,1616,2922,0.137234770704997,0,20261003-175015,4237598ec443fe56d60744856219d211,6c49e2a4c6b741a70851cb47ef9815bc,"season-block cluster, CR1, t(G-1)",team-match (120-minute matches count once),0.05,0.8,10,2026-10-03 17:50:35
net_pens,Net penalties,prematch,Pre-match adjusted,common,rm_vs_other_elite,Real Madrid vs other elite clubs,-0.050918123019064,0.0448367666780473,18,2.10092204024104,0.271005508964013,-0.145116674346118,0.0432804283079905,-0.128667928353868,0.0268316823157398,0.0397217649813624,0.0465683644391452,0.0411211264006232,-0.50918123019064,-1.45116674346118,0.432804283079905,0.132838104323014,1.32838104323014,96.7962445964702,1.28667928353868,93.7575278428931,4956,2478,20,2006,2025,2007,2025,218,19,100,8,200,1616,2922,0.137234770704997,0,20261003-175015,4237598ec443fe56d60744856219d211,6c49e2a4c6b741a70851cb47ef9815bc,"season-block cluster, CR1, t(G-1)",team-match (120-minute matches count once),0.05,0.8,10,2026-10-03 17:50:35
net_pens,Net penalties,prematch,Pre-match adjusted,common,rm_vs_barca,Real Madrid vs Barcelona,-0.0349089357814437,0.0607641662981502,18,2.10092204024104,0.572741055454782,-0.162569712014099,0.0927518404512117,-0.140277865145522,0.0704599935826345,0.052195018435473,0.0572006285698333,0.0528945252260213,-0.349089357814437,-1.62569712014099,0.927518404512117,0.180026287795786,1.80026287795786,131.181250109547,1.40277865145522,102.217436896562,4956,2478,20,2006,2025,2007,2025,218,19,100,8,200,1616,2922,0.137234770704997,0,20261003-175015,4237598ec443fe56d60744856219d211,6c49e2a4c6b741a70851cb47ef9815bc,"season-block cluster, CR1, t(G-1)",team-match (120-minute matches count once),0.05,0.8,10,2026-10-03 17:50:35
net_pens,Net penalties,prematch,Pre-match adjusted,common,barca_vs_nonelite,Barcelona vs non-elite clubs,0.0335646644708151,0.0569772039959678,18,2.10092204024104,0.563122292446286,-0.0861399991956233,0.153269328137254,-0.0652374313854159,0.132366760327046,0.0472594396776053,0.0464522898099166,0.0463169115899041,0.335646644708151,-0.861399991956233,1.53269328137254,0.168806636366038,1.68806636366038,123.005733531561,1.32366760327046,96.4527864527753,4956,2478,20,2006,2025,2007,2025,218,19,100,8,200,1616,2922,0.137234770704997,0,20261003-175015,4237598ec443fe56d60744856219d211,6c49e2a4c6b741a70851cb47ef9815bc,"season-block cluster, CR1, t(G-1)",team-match (120-minute matches count once),0.05,0.8,10,2026-10-03 17:50:35
net_pens,Net penalties,prematch,Pre-match adjusted,common,other_elite_vs_nonelite,Other elite clubs vs non-elite clubs,0.0495738517084354,0.0235416450921533,19,2.09302405440831,0.0487514587923791,0.000300622250215155,0.0988470811666557,0.00886722074240208,0.0902804826744687,0.026301797993217,0.0256368779969459,0.0242332723321899,0.495738517084354,0.00300622250215155,0.988470811666556,0.0695506105777168,0.695506105777168,50.6800209745856,0.902804826744687,65.7854290211465,4956,2478,20,2006,2025,2007,2025,218,19,100,8,200,1616,2922,0.137234770704997,0,20261003-175015,4237598ec443fe56d60744856219d211,6c49e2a4c6b741a70851cb47ef9815bc,"season-block cluster, CR1, t(G-1)",team-match (120-minute matches count once),0.05,0.8,10,2026-10-03 17:50:35
net_pens,Net penalties,style,Style adjusted,common,rm_vs_nonelite,Real Madrid vs non-elite clubs,-0.0228955200580759,0.0576041521079305,18,2.10092204024104,0.69569988177072,-0.143917352831024,0.0981263127148725,-0.122784783818499,0.0769937437023474,0.0480122849608434,0.0534617732364785,0.0468343666611682,-0.228955200580759,-1.43917352831024,0.981263127148725,0.170664098553265,1.70664098553265,124.359225928339,1.22784783818499,89.4706080592654,4956,2478,20,2006,2025,2007,2025,218,19,100,8,200,1616,2922,0.137234770704997,1,20261003-175015,4237598ec443fe56d60744856219d211,6c49e2a4c6b741a70851cb47ef9815bc,"season-block cluster, CR1, t(G-1)",team-match (120-minute matches count once),0.05,0.8,10,2026-10-03 17:50:35
net_pens,Net penalties,style,Style adjusted,common,rm_vs_other_elite,Real Madrid vs other elite clubs,-0.0643007461749319,0.0460824835094394,18,2.10092204024104,0.179891387632491,-0.161116451448957,0.0325149590990935,-0.144210703731204,0.0156092113813398,0.0398635464082994,0.0480066192305783,0.0413515851947639,-0.643007461749319,-1.61116451448957,0.325149590990935,0.136528795571864,1.36528795571864,99.4855712371535,1.44210703731204,105.083211048024,4956,2478,20,2006,2025,2007,2025,218,19,100,8,200,1616,2922,0.137234770704997,1,20261003-175015,4237598ec443fe56d60744856219d211,6c49e2a4c6b741a70851cb47ef9815bc,"season-block cluster, CR1, t(G-1)",team-match (120-minute matches count once),0.05,0.8,10,2026-10-03 17:50:35
net_pens,Net penalties,style,Style adjusted,common,rm_vs_barca,Real Madrid vs Barcelona,-0.046213691047669,0.0640220506619644,18,2.10092204024104,0.479665666699859,-0.180719028344818,0.0882916462494804,-0.157231999121606,0.0648046170262678,0.0545005057755645,0.0602714435533588,0.0553869195841709,-0.46213691047669,-1.80719028344818,0.882916462494804,0.189678437472416,1.89678437472416,138.214562168179,1.57231999121606,114.571546492103,4956,2478,20,2006,2025,2007,2025,218,19,100,8,200,1616,2922,0.137234770704997,1,20261003-175015,4237598ec443fe56d60744856219d211,6c49e2a4c6b741a70851cb47ef9815bc,"season-block cluster, CR1, t(G-1)",team-match (120-minute matches count once),0.05,0.8,10,2026-10-03 17:50:35
net_pens,Net penalties,style,Style adjusted,common,barca_vs_nonelite,Barcelona vs non-elite clubs,0.0233181709895931,0.0595929629535905,18,2.10092204024104,0.700175608278424,-0.101881998322873,0.148518340302059,-0.0800198172787354,0.126656159257922,0.049224602365577,0.0489227518452015,0.0486424864038137,0.233181709895931,-1.01881998322873,1.48518340302059,0.176556358012819,1.76556358012819,128.652787559465,1.26656159257922,92.2915953495378,4956,2478,20,2006,2025,2007,2025,218,19,100,8,200,1616,2922,0.137234770704997,1,20261003-175015,4237598ec443fe56d60744856219d211,6c49e2a4c6b741a70851cb47ef9815bc,"season-block cluster, CR1, t(G-1)",team-match (120-minute matches count once),0.05,0.8,10,2026-10-03 17:50:35
net_pens,Net penalties,style,Style adjusted,common,other_elite_vs_nonelite,Other elite clubs vs non-elite clubs,0.041405226116856,0.0240818503183361,19,2.09302405440831,0.1017995175081,-0.00899866587408174,0.0918091181077938,-0.000235491430725168,0.0830459436644372,0.0261489454248648,0.0257862975705277,0.0242348935894078,0.41405226116856,-0.0899866587408174,0.918091181077938,0.071145173390169,0.71145173390169,51.8419443007665,0.830459436644372,60.513777403363,4956,2478,20,2006,2025,2007,2025,218,19,100,8,200,1616,2922,0.137234770704997,1,20261003-175015,4237598ec443fe56d60744856219d211,6c49e2a4c6b741a70851cb47ef9815bc,"season-block cluster, CR1, t(G-1)",team-match (120-minute matches count once),0.05,0.8,10,2026-10-03 17:50:35
net_pens,Net penalties,raw,Raw,no_extra_time,rm_vs_nonelite,Real Madrid vs non-elite clubs,0.0689190074913914,0.0467036469053162,18,2.10092204024104,0.157312442957259,-0.0292017136516225,0.167039728634405,-0.0120680869034332,0.149906101886216,0.0395796660269267,0.0442059284861591,0.0388238056057752,0.689190074913914,-0.292017136516225,1.67039728634405,0.138369119352916,1.38369119352916,101.215093854123,1.49906101886216,109.65423674498,4896,2448,20,2006,2025,2007,2025,210,19,92,0,199,1583,2904,0.136707988980716,0,20261003-175015,4237598ec443fe56d60744856219d211,6c49e2a4c6b741a70851cb47ef9815bc,"season-block cluster, CR1, t(G-1)",team-match (120-minute matches count once),0.05,0.8,10,2026-10-03 17:50:35
net_pens,Net penalties,raw,Raw,no_extra_time,rm_vs_other_elite,Real Madrid vs other elite clubs,-0.0433021940485778,0.0467225260979456,18,2.10092204024104,0.366293916215121,-0.141462578903489,0.0548581908063332,-0.124322026164263,0.0377176380671078,0.0409805315479759,0.0450918924887111,0.0397694871197872,-0.433021940485778,-1.41462578903489,0.548581908063332,0.138425052827737,1.38425052827737,101.256008416058,1.24322026164263,90.939839793708,4896,2448,20,2006,2025,2007,2025,210,19,92,0,199,1583,2904,0.136707988980716,0,20261003-175015,4237598ec443fe56d60744856219d211,6c49e2a4c6b741a70851cb47ef9815bc,"season-block cluster, CR1, t(G-1)",team-match (120-minute matches count once),0.05,0.8,10,2026-10-03 17:50:35
net_pens,Net penalties,raw,Raw,no_extra_time,rm_vs_barca,Real Madrid vs Barcelona,-0.0606994017658687,0.0614585231915804,18,2.10092204024104,0.336416131986646,-0.189818967699725,0.0684201641679876,-0.167272390148848,0.0458735866171108,0.0519464915362025,0.0593342824156272,0.0519424762290077,-0.606994017658687,-1.89818967699725,0.684201641679876,0.182083462304135,1.82083462304135,133.191530108617,1.67272390148848,122.3574360182,4896,2448,20,2006,2025,2007,2025,210,19,92,0,199,1583,2904,0.136707988980716,0,20261003-175015,4237598ec443fe56d60744856219d211,6c49e2a4c6b741a70851cb47ef9815bc,"season-block cluster, CR1, t(G-1)",team-match (120-minute matches count once),0.05,0.8,10,2026-10-03 17:50:35
net_pens,Net penalties,raw,Raw,no_extra_time,barca_vs_nonelite,Barcelona vs non-elite clubs,0.12961840925726,0.0441887678052359,18,2.10092204024104,0.00888244327563557,0.0367812530441464,0.222455565470374,0.0529922751849278,0.206244543329592,0.037783486184262,0.0424295576452343,0.0377203328243633,1.2961840925726,0.367812530441464,2.22455565470374,0.130918274945356,1.30918274945356,95.7649043932779,2.06244543329592,150.865026153435,4896,2448,20,2006,2025,2007,2025,210,19,92,0,199,1583,2904,0.136707988980716,0,20261003-175015,4237598ec443fe56d60744856219d211,6c49e2a4c6b741a70851cb47ef9815bc,"season-block cluster, CR1, t(G-1)",team-match (120-minute matches count once),0.05,0.8,10,2026-10-03 17:50:35
net_pens,Net penalties,raw,Raw,no_extra_time,other_elite_vs_nonelite,Other elite clubs vs non-elite clubs,0.112221201539969,0.0125425915258841,19,2.09302405440831,3.06014349239218e-08,0.085969255771676,0.138473147308262,0.0905333949910532,0.133909008088885,0.0186684047247644,0.0176917959977136,0.0175009040022815,1.12221201539969,0.85969255771676,1.38473147308262,0.0370228739923141,0.370228739923141,27.0817194140252,1.33909008088885,97.952584254439,4896,2448,20,2006,2025,2007,2025,210,19,92,0,199,1583,2904,0.136707988980716,0,20261003-175015,4237598ec443fe56d60744856219d211,6c49e2a4c6b741a70851cb47ef9815bc,"season-block cluster, CR1, t(G-1)",team-match (120-minute matches count once),0.05,0.8,10,2026-10-03 17:50:35
net_pens,Net penalties,prematch,Pre-match adjusted,no_extra_time,rm_vs_nonelite,Real Madrid vs non-elite clubs,-0.0124173505966013,0.0572102606602593,18,2.10092204024104,0.830612382175978,-0.132611648145675,0.107776946952472,-0.11162358153266,0.0867888803394575,0.0481103671402145,0.0512939324046366,0.0465563791636767,-0.124173505966013,-1.32611648145675,1.07776946952472,0.169497114466447,1.69497114466447,123.984791035406,1.1162358153266,81.6511034687268,4896,2448,20,2006,2025,2007,2025,210,19,92,0,199,1583,2904,0.136707988980716,0,20261003-175015,4237598ec443fe56d60744856219d211,6c49e2a4c6b741a70851cb47ef9815bc,"season-block cluster, CR1, t(G-1)",team-match (120-minute matches count once),0.05,0.8,10,2026-10-03 17:50:35
net_pens,Net penalties,prematch,Pre-match adjusted,no_extra_time,rm_vs_other_elite,Real Madrid vs other elite clubs,-0.0622785852898805,0.0434695086000277,18,2.10092204024104,0.169084243973089,-0.153604633986126,0.0290474634063651,-0.137657478150737,0.0131003075709757,0.0397237662653804,0.04593274407173,0.0411590400060404,-0.622785852898805,-1.53604633986126,0.290474634063651,0.12878732223811,1.2878732223811,94.2061420099424,1.37657478150737,100.694538173738,4896,2448,20,2006,2025,2007,2025,210,19,92,0,199,1583,2904,0.136707988980716,0,20261003-175015,4237598ec443fe56d60744856219d211,6c49e2a4c6b741a70851cb47ef9815bc,"season-block cluster, CR1, t(G-1)",team-match (120-minute matches count once),0.05,0.8,10,2026-10-03 17:50:35
net_pens,Net penalties,prematch,Pre-match adjusted,no_extra_time,rm_vs_barca,Real Madrid vs Barcelona,-0.0496581225350458,0.0588129365453568,18,2.10092204024104,0.409561509806034,-0.173219517174483,0.0739032721043919,-0.151643495396656,0.0523272503265641,0.0520949660891039,0.0561418148358119,0.0527773615849809,-0.496581225350458,-1.73219517174483,0.739032721043919,0.17424537002085,1.7424537002085,127.458074191574,1.51643495396656,110.925116028183,4896,2448,20,2006,2025,2007,2025,210,19,92,0,199,1583,2904,0.136707988980716,0,20261003-175015,4237598ec443fe56d60744856219d211,6c49e2a4c6b741a70851cb47ef9815bc,"season-block cluster, CR1, t(G-1)",team-match (120-minute matches count once),0.05,0.8,10,2026-10-03 17:50:35
net_pens,Net penalties,prematch,Pre-match adjusted,no_extra_time,barca_vs_nonelite,Barcelona vs non-elite clubs,0.0372407719384444,0.056672293129007,18,2.10092204024104,0.519415308986427,-0.0818232977672871,0.156304841644176,-0.0610325890801278,0.135514132957017,0.0471669197049781,0.0461954860580674,0.0462862891452871,0.372407719384444,-0.818232977672871,1.56304841644176,0.167903275473728,1.67903275473728,122.818919893125,1.35514132957017,99.1267108582308,4896,2448,20,2006,2025,2007,2025,210,19,92,0,199,1583,2904,0.136707988980716,0,20261003-175015,4237598ec443fe56d60744856219d211,6c49e2a4c6b741a70851cb47ef9815bc,"season-block cluster, CR1, t(G-1)",team-match (120-minute matches count once),0.05,0.8,10,2026-10-03 17:50:35
net_pens,Net penalties,prematch,Pre-match adjusted,no_extra_time,other_elite_vs_nonelite,Other elite clubs vs non-elite clubs,0.0498612346932792,0.0251058183862514,19,2.09302405440831,0.0616484981806766,-0.00268584709475139,0.10240831648131,0.00644994036151544,0.0932725290250429,0.0264519264793326,0.0257948338395159,0.0243980317056226,0.498612346932792,-0.0268584709475139,1.0240831648131,0.0741676939492055,0.741676939492055,54.2526406117111,0.932725290250429,68.2275627931296,4896,2448,20,2006,2025,2007,2025,210,19,92,0,199,1583,2904,0.136707988980716,0,20261003-175015,4237598ec443fe56d60744856219d211,6c49e2a4c6b741a70851cb47ef9815bc,"season-block cluster, CR1, t(G-1)",team-match (120-minute matches count once),0.05,0.8,10,2026-10-03 17:50:35
net_pens,Net penalties,style,Style adjusted,no_extra_time,rm_vs_nonelite,Real Madrid vs non-elite clubs,-0.035279368833893,0.057094569347499,18,2.10092204024104,0.544373449064036,-0.155230607954124,0.0846718702863381,-0.134284983674892,0.0637262460071063,0.0481604420276905,0.0527240331159806,0.0469970038777247,-0.35279368833893,-1.55230607954124,0.846718702863381,0.169154355257602,1.69154355257602,123.734067422689,1.34284983674892,98.2276051868734,4896,2448,20,2006,2025,2007,2025,210,19,92,0,199,1583,2904,0.136707988980716,1,20261003-175015,4237598ec443fe56d60744856219d211,6c49e2a4c6b741a70851cb47ef9815bc,"season-block cluster, CR1, t(G-1)",team-match (120-minute matches count once),0.05,0.8,10,2026-10-03 17:50:35
net_pens,Net penalties,style,Style adjusted,no_extra_time,rm_vs_other_elite,Real Madrid vs other elite clubs,-0.0770731678988212,0.0445866809495547,18,2.10092204024104,0.100992555626844,-0.170746308606936,0.0165999728092935,-0.154389308673312,0.000242972875669101,0.0398987576673062,0.0470691287622139,0.0414337578691404,-0.770731678988212,-1.70746308606936,0.165999728092935,0.132097174132179,1.32097174132179,96.6272528160823,1.54389308673312,112.933640399823,4896,2448,20,2006,2025,2007,2025,210,19,92,0,199,1583,2904,0.136707988980716,1,20261003-175015,4237598ec443fe56d60744856219d211,6c49e2a4c6b741a70851cb47ef9815bc,"season-block cluster, CR1, t(G-1)",team-match (120-minute matches count once),0.05,0.8,10,2026-10-03 17:50:35
net_pens,Net penalties,style,Style adjusted,no_extra_time,rm_vs_barca,Real Madrid vs Barcelona,-0.063276768732823,0.0627374244273518,18,2.10092204024104,0.326534884670249,-0.195083206460203,0.0685296689945568,-0.172067453205212,0.0455139157395659,0.0544417435195804,0.0591908375218725,0.055300225471136,-0.63276768732823,-1.95083206460203,0.685296689945568,0.185872469147472,1.85872469147472,135.96313612198,1.72067453205212,125.864958213586,4896,2448,20,2006,2025,2007,2025,210,19,92,0,199,1583,2904,0.136707988980716,1,20261003-175015,4237598ec443fe56d60744856219d211,6c49e2a4c6b741a70851cb47ef9815bc,"season-block cluster, CR1, t(G-1)",team-match (120-minute matches count once),0.05,0.8,10,2026-10-03 17:50:35
net_pens,Net penalties,style,Style adjusted,no_extra_time,barca_vs_nonelite,Barcelona vs non-elite clubs,0.0279973998989301,0.0596729252300411,18,2.10092204024104,0.64457322688862,-0.0973707639225189,0.153365563720379,-0.0754792480428938,0.131474047840754,0.0492677325931227,0.0485076570967498,0.0486676503899536,0.279973998989301,-0.973707639225189,1.53365563720379,0.176793262633915,1.76793262633915,129.321822339771,1.31474047840754,96.1714445666371,4896,2448,20,2006,2025,2007,2025,210,19,92,0,199,1583,2904,0.136707988980716,1,20261003-175015,4237598ec443fe56d60744856219d211,6c49e2a4c6b741a70851cb47ef9815bc,"season-block cluster, CR1, t(G-1)",team-match (120-minute matches count once),0.05,0.8,10,2026-10-03 17:50:35
net_pens,Net penalties,style,Style adjusted,no_extra_time,other_elite_vs_nonelite,Other elite clubs vs non-elite clubs,0.0417937990649282,0.0255292098173101,19,2.09302405440831,0.118066362221774,-0.0116394511727387,0.0952270493025951,-0.00234959528239618,0.0859371934122527,0.0262808489971513,0.0258651809920336,0.0243863388567158,0.417937990649282,-0.116394511727387,0.952270493025951,0.0754174490392254,0.754174490392254,55.1668191460732,0.859371934122527,62.861866415411,4896,2448,20,2006,2025,2007,2025,210,19,92,0,199,1583,2904,0.136707988980716,1,20261003-175015,4237598ec443fe56d60744856219d211,6c49e2a4c6b741a70851cb47ef9815bc,"season-block cluster, CR1, t(G-1)",team-match (120-minute matches count once),0.05,0.8,10,2026-10-03 17:50:35
net_pens,Net penalties,raw,Raw,all_outcome_rows,rm_vs_nonelite,Real Madrid vs non-elite clubs,0.0956614992938613,0.0495766481644604,20,2.08596344726586,0.0679692360716994,-0.0077535766151634,0.199076575202886,0.0101557497817511,0.181167248805971,0.0378084033771937,0.0464599837685326,0.0370690502634781,0.956614992938613,-0.077535766151634,1.99076575202886,0.146027979285311,1.46027979285311,115.468953376336,1.81167248805971,143.254687958283,5468,2734,21,2005,2025,2005,2025,234,21,104,8,224,1768,3242,0.126465144972239,0,20261003-175015,4237598ec443fe56d60744856219d211,6c49e2a4c6b741a70851cb47ef9815bc,"season-block cluster, CR1, t(G-1)",team-match (120-minute matches count once),0.05,0.8,10,2026-10-03 17:50:35
net_pens,Net penalties,raw,Raw,all_outcome_rows,rm_vs_other_elite,Real Madrid vs other elite clubs,-0.0136598354155914,0.0482561024411019,20,2.08596344726586,0.78003264365552,-0.114320301215247,0.0870006303840642,-0.0968880156280141,0.0695683447968313,0.0392549242386486,0.047283119464257,0.0379535500531082,-0.136598354155914,-1.14320301215247,0.870006303840641,0.14213831286623,1.4213831286623,112.393270807882,0.968880156280141,76.6124260161031,5468,2734,21,2005,2025,2005,2025,234,21,104,8,224,1768,3242,0.126465144972239,0,20261003-175015,4237598ec443fe56d60744856219d211,6c49e2a4c6b741a70851cb47ef9815bc,"season-block cluster, CR1, t(G-1)",team-match (120-minute matches count once),0.05,0.8,10,2026-10-03 17:50:35
net_pens,Net penalties,raw,Raw,all_outcome_rows,rm_vs_barca,Real Madrid vs Barcelona,-0.0248827468110556,0.0626726116945069,20,2.08596344726586,0.695552217366207,-0.155615523950484,0.105850030328373,-0.132975343532062,0.0832098499099511,0.0489264002813186,0.0590184875003089,0.0489212944796373,-0.248827468110556,-1.55615523950484,1.05850030328373,0.184602129856017,1.84602129856017,145.970757315417,1.32975343532062,105.147820422182,5468,2734,21,2005,2025,2005,2025,234,21,104,8,224,1768,3242,0.126465144972239,0,20261003-175015,4237598ec443fe56d60744856219d211,6c49e2a4c6b741a70851cb47ef9815bc,"season-block cluster, CR1, t(G-1)",team-match (120-minute matches count once),0.05,0.8,10,2026-10-03 17:50:35
net_pens,Net penalties,raw,Raw,all_outcome_rows,barca_vs_nonelite,Barcelona vs non-elite clubs,0.120544246104917,0.0404000191611304,20,2.08596344726586,0.00733905996441487,0.0362712828659583,0.204817209343875,0.0508655960433659,0.190222896166468,0.0349097326727307,0.038944284171122,0.0348041598212547,1.20544246104917,0.362712828659583,2.04817209343875,0.118998225568159,1.18998225568159,94.0956700712127,1.90222896166468,150.41527545651,5468,2734,21,2005,2025,2005,2025,234,21,104,8,224,1768,3242,0.126465144972239,0,20261003-175015,4237598ec443fe56d60744856219d211,6c49e2a4c6b741a70851cb47ef9815bc,"season-block cluster, CR1, t(G-1)",team-match (120-minute matches count once),0.05,0.8,10,2026-10-03 17:50:35
net_pens,Net penalties,raw,Raw,all_outcome_rows,other_elite_vs_nonelite,Other elite clubs vs non-elite clubs,0.109321334709453,0.0114971996262884,20,2.08596344726586,7.33266930420096e-09,0.0853385965430963,0.133304072875809,0.089491904771491,0.129150764647414,0.0170801587561814,0.0164071125159773,0.0160785726503321,1.09321334709453,0.853385965430963,1.33304072875809,0.0338437754291192,0.338437754291192,26.7613463271231,1.29150764647414,102.123604630956,5468,2734,21,2005,2025,2005,2025,234,21,104,8,224,1768,3242,0.126465144972239,0,20261003-175015,4237598ec443fe56d60744856219d211,6c49e2a4c6b741a70851cb47ef9815bc,"season-block cluster, CR1, t(G-1)",team-match (120-minute matches count once),0.05,0.8,10,2026-10-03 17:50:35
net_pens,Net penalties,prematch,Pre-match adjusted,all_outcome_rows,rm_vs_nonelite,Real Madrid vs non-elite clubs,0.0220382658060324,0.0574071122461189,20,2.08596344726586,0.705107607765425,-0.0977108719524602,0.141787403564525,-0.0769728279582502,0.121049359570315,0.0450057901655263,0.0528989858235994,0.0435586109885472,0.220382658060324,-0.977108719524603,1.41787403564525,0.169092605254327,1.69092605254327,133.706884447446,1.21049359570315,95.7175667626737,5468,2734,21,2005,2025,2005,2025,234,21,104,8,224,1768,3242,0.126465144972239,0,20261003-175015,4237598ec443fe56d60744856219d211,6c49e2a4c6b741a70851cb47ef9815bc,"season-block cluster, CR1, t(G-1)",team-match (120-minute matches count once),0.05,0.8,10,2026-10-03 17:50:35
net_pens,Net penalties,prematch,Pre-match adjusted,all_outcome_rows,rm_vs_other_elite,Real Madrid vs other elite clubs,-0.029144041180748,0.0458297243994223,20,2.08596344726586,0.532038774006163,-0.124743171076212,0.0664550887147156,-0.108187402920464,0.0498993205589676,0.0378198629061018,0.0479312134726492,0.0390776730653785,-0.29144041180748,-1.24743171076212,0.664550887147156,0.134991418198536,1.34991418198536,106.741994585282,1.08187402920464,85.5472098214985,5468,2734,21,2005,2025,2005,2025,234,21,104,8,224,1768,3242,0.126465144972239,0,20261003-175015,4237598ec443fe56d60744856219d211,6c49e2a4c6b741a70851cb47ef9815bc,"season-block cluster, CR1, t(G-1)",team-match (120-minute matches count once),0.05,0.8,10,2026-10-03 17:50:35
net_pens,Net penalties,prematch,Pre-match adjusted,all_outcome_rows,rm_vs_barca,Real Madrid vs Barcelona,-0.0168663191353883,0.0600064002480147,20,2.08596344726586,0.781539910203338,-0.142037476654752,0.108304838383976,-0.120360452335146,0.0866278140643692,0.0491525896115457,0.0565244513182689,0.04975287301162,-0.168663191353883,-1.42037476654752,1.08304838383976,0.176748806077712,1.76748806077712,139.760885196084,1.20360452335146,95.1728259684252,5468,2734,21,2005,2025,2005,2025,234,21,104,8,224,1768,3242,0.126465144972239,0,20261003-175015,4237598ec443fe56d60744856219d211,6c49e2a4c6b741a70851cb47ef9815bc,"season-block cluster, CR1, t(G-1)",team-match (120-minute matches count once),0.05,0.8,10,2026-10-03 17:50:35
net_pens,Net penalties,prematch,Pre-match adjusted,all_outcome_rows,barca_vs_nonelite,Barcelona vs non-elite clubs,0.0389045849414207,0.0506468331285408,20,2.08596344726586,0.451370726555888,-0.0667428576844893,0.144552027567331,-0.0484469321015385,0.12625610198438,0.0430006687024176,0.0421055979323469,0.0419545523411018,0.389045849414207,-0.667428576844893,1.44552027567331,0.149180208279247,1.49180208279247,117.961520790566,1.2625610198438,99.8347030813074,5468,2734,21,2005,2025,2005,2025,234,21,104,8,224,1768,3242,0.126465144972239,0,20261003-175015,4237598ec443fe56d60744856219d211,6c49e2a4c6b741a70851cb47ef9815bc,"season-block cluster, CR1, t(G-1)",team-match (120-minute matches count once),0.05,0.8,10,2026-10-03 17:50:35
net_pens,Net penalties,prematch,Pre-match adjusted,all_outcome_rows,other_elite_vs_nonelite,Other elite clubs vs non-elite clubs,0.0511823069867804,0.0219335906496134,20,2.08596344726586,0.0301711696516373,0.00542963862439449,0.0969349753491663,0.0133530430606354,0.0890115709129254,0.0245240558288845,0.0239034082494664,0.0224271174324173,0.511823069867804,0.0542963862439449,0.969349753491663,0.0646259327337812,0.646259327337812,51.1017741275412,0.890115709129254,70.3842714389524,5468,2734,21,2005,2025,2005,2025,234,21,104,8,224,1768,3242,0.126465144972239,0,20261003-175015,4237598ec443fe56d60744856219d211,6c49e2a4c6b741a70851cb47ef9815bc,"season-block cluster, CR1, t(G-1)",team-match (120-minute matches count once),0.05,0.8,10,2026-10-03 17:50:35
net_red,Net red cards,raw,Raw,common,rm_vs_nonelite,Real Madrid vs non-elite clubs,0.0460560464781774,0.0384966870639736,18,2.10092204024104,0.247076013333937,-0.0348224918507868,0.126934584807142,-0.0206996575348034,0.112811750491158,0.0321347811249351,0.0357205125632952,0.03159313110981,0.460560464781774,-0.348224918507868,1.26934584807142,0.114054319951629,1.14054319951629,117.005375782544,1.12811750491158,115.730655923446,4974,2487,20,2006,2025,2007,2025,218,19,100,8,201,1621,2934,0.0974778459441042,0,20261003-175015,4237598ec443fe56d60744856219d211,6c49e2a4c6b741a70851cb47ef9815bc,"season-block cluster, CR1, t(G-1)",team-match (120-minute matches count once),0.05,0.8,10,2026-10-03 17:50:35
net_red,Net red cards,raw,Raw,common,rm_vs_other_elite,Real Madrid vs other elite clubs,0.0394136414844798,0.0370892092188593,18,2.10092204024104,0.301980911297804,-0.0385078956185327,0.117335178587492,-0.0249014064201678,0.103728689389127,0.0333377499681529,0.0358493806641073,0.0319987486868837,0.394136414844798,-0.385078956185327,1.17335178587492,0.109884378569277,1.09884378569277,112.727540811978,1.03728689389127,106.412578555139,4974,2487,20,2006,2025,2007,2025,218,19,100,8,201,1621,2934,0.0974778459441042,0,20261003-175015,4237598ec443fe56d60744856219d211,6c49e2a4c6b741a70851cb47ef9815bc,"season-block cluster, CR1, t(G-1)",team-match (120-minute matches count once),0.05,0.8,10,2026-10-03 17:50:35
net_red,Net red cards,raw,Raw,common,rm_vs_barca,Real Madrid vs Barcelona,0.0314958738303321,0.0453891418477788,18,2.10092204024104,0.496598546879869,-0.0638631746652932,0.126854922325957,-0.0472117851835022,0.110203532844166,0.041575335003214,0.0483809462300666,0.0415704075224306,0.314958738303321,-0.638631746652932,1.26854922325957,0.134474628895562,1.34474628895562,137.954042370481,1.10203532844166,113.054952924749,4974,2487,20,2006,2025,2007,2025,218,19,100,8,201,1621,2934,0.0974778459441042,0,20261003-175015,4237598ec443fe56d60744856219d211,6c49e2a4c6b741a70851cb47ef9815bc,"season-block cluster, CR1, t(G-1)",team-match (120-minute matches count once),0.05,0.8,10,2026-10-03 17:50:35
net_red,Net red cards,raw,Raw,common,barca_vs_nonelite,Barcelona vs non-elite clubs,0.0145601726478453,0.03597461264501,18,2.10092204024104,0.690441750875482,-0.0610196839471901,0.0901400292428808,-0.0478220939020296,0.0769424391977202,0.0295664726183624,0.034721690707912,0.029304475282499,0.145601726478453,-0.610196839471901,0.901400292428808,0.1065821579382,1.065821579382,109.339878108628,0.769424391977203,78.9332575545839,4974,2487,20,2006,2025,2007,2025,218,19,100,8,201,1621,2934,0.0974778459441042,0,20261003-175015,4237598ec443fe56d60744856219d211,6c49e2a4c6b741a70851cb47ef9815bc,"season-block cluster, CR1, t(G-1)",team-match (120-minute matches count once),0.05,0.8,10,2026-10-03 17:50:35
net_red,Net red cards,raw,Raw,common,other_elite_vs_nonelite,Other elite clubs vs non-elite clubs,0.00664240499369758,0.0111587450262763,19,2.09302405440831,0.558690713039504,-0.0167131167633078,0.0299979267507029,-0.0126525471666376,0.0259373571540328,0.012096298913029,0.0122421343169157,0.012428794365545,0.0664240499369758,-0.167131167633078,0.299979267507029,0.0329380742542414,0.329380742542414,33.7903181335467,0.259373571540328,26.6084635978782,4974,2487,20,2006,2025,2007,2025,218,19,100,8,201,1621,2934,0.0974778459441042,0,20261003-175015,4237598ec443fe56d60744856219d211,6c49e2a4c6b741a70851cb47ef9815bc,"season-block cluster, CR1, t(G-1)",team-match (120-minute matches count once),0.05,0.8,10,2026-10-03 17:50:35
net_red,Net red cards,prematch,Pre-match adjusted,common,rm_vs_nonelite,Real Madrid vs non-elite clubs,0.0427376306789713,0.0503229385018262,18,2.10092204024104,0.406886383410875,-0.0629869399492096,0.148462201307152,-0.0445255455550979,0.130000806913041,0.0397536987007139,0.0429879194436761,0.0381653680477997,0.427376306789713,-0.629869399492096,1.48462201307152,0.149092011976393,1.49092011976393,152.949637461096,1.30000806913041,133.364464154846,4974,2487,20,2006,2025,2007,2025,218,19,100,8,201,1621,2934,0.0974778459441042,0,20261003-175015,4237598ec443fe56d60744856219d211,6c49e2a4c6b741a70851cb47ef9815bc,"season-block cluster, CR1, t(G-1)",team-match (120-minute matches count once),0.05,0.8,10,2026-10-03 17:50:35
net_red,Net red cards,prematch,Pre-match adjusted,common,rm_vs_other_elite,Real Madrid vs other elite clubs,0.0462571351813766,0.0405463606878955,18,2.10092204024104,0.268886277243469,-0.0389276076393858,0.131441878002139,-0.0240528332682911,0.116567103631044,0.0333174084177665,0.0394501311112169,0.0340566654333657,0.462571351813766,-0.389276076393859,1.31441878002139,0.120126897857118,1.20126897857118,123.23507633314,1.16567103631044,119.583175543175,4974,2487,20,2006,2025,2007,2025,218,19,100,8,201,1621,2934,0.0974778459441042,0,20261003-175015,4237598ec443fe56d60744856219d211,6c49e2a4c6b741a70851cb47ef9815bc,"season-block cluster, CR1, t(G-1)",team-match (120-minute matches count once),0.05,0.8,10,2026-10-03 17:50:35
net_red,Net red cards,prematch,Pre-match adjusted,common,rm_vs_barca,Real Madrid vs Barcelona,0.0358044932435635,0.0486689805702564,18,2.10092204024104,0.471407675074577,-0.066445240712551,0.138054227199678,-0.0485906147344942,0.120199601221621,0.0429567143467486,0.0532559779522544,0.0436560144939533,0.358044932435635,-0.66445240712551,1.38054227199678,0.144191822856215,1.44191822856215,147.922660230816,1.20199601221621,123.309660833648,4974,2487,20,2006,2025,2007,2025,218,19,100,8,201,1621,2934,0.0974778459441042,0,20261003-175015,4237598ec443fe56d60744856219d211,6c49e2a4c6b741a70851cb47ef9815bc,"season-block cluster, CR1, t(G-1)",team-match (120-minute matches count once),0.05,0.8,10,2026-10-03 17:50:35
net_red,Net red cards,prematch,Pre-match adjusted,common,barca_vs_nonelite,Barcelona vs non-elite clubs,0.00693313743540786,0.0473505389116887,18,2.10092204024104,0.885216045632182,-0.0925466533814499,0.106412928252266,-0.0751757088450792,0.0890419837158949,0.037580879897982,0.0415631269866711,0.0362561816964293,0.0693313743540786,-0.925466533814499,1.06412928252266,0.140285669412051,1.40285669412051,143.915438480754,0.890419837158949,91.3458672106413,4974,2487,20,2006,2025,2007,2025,218,19,100,8,201,1621,2934,0.0974778459441042,0,20261003-175015,4237598ec443fe56d60744856219d211,6c49e2a4c6b741a70851cb47ef9815bc,"season-block cluster, CR1, t(G-1)",team-match (120-minute matches count once),0.05,0.8,10,2026-10-03 17:50:35
net_red,Net red cards,prematch,Pre-match adjusted,common,other_elite_vs_nonelite,Other elite clubs vs non-elite clubs,-0.00351950450240525,0.0208194157159998,19,2.09302405440831,0.867544733578964,-0.0470950423947193,0.0400560333899088,-0.0395190393336442,0.0324800303288337,0.0189332590921291,0.0169856110048314,0.017512432095971,-0.0351950450240525,-0.470950423947193,0.400560333899088,0.0615152093638992,0.615152093638992,63.1068616341535,0.395190393336442,40.5415599317872,4974,2487,20,2006,2025,2007,2025,218,19,100,8,201,1621,2934,0.0974778459441042,0,20261003-175015,4237598ec443fe56d60744856219d211,6c49e2a4c6b741a70851cb47ef9815bc,"season-block cluster, CR1, t(G-1)",team-match (120-minute matches count once),0.05,0.8,10,2026-10-03 17:50:35
net_red,Net red cards,style,Style adjusted,common,rm_vs_nonelite,Real Madrid vs non-elite clubs,0.0220624378013412,0.0487434785422658,18,2.10092204024104,0.656227837396864,-0.0803438105861212,0.124468686188804,-0.0624618543987449,0.106586730001427,0.0383446651042382,0.0419497934227395,0.0368755494663577,0.220624378013412,-0.803438105861212,1.24468686188804,0.144412538356258,1.44412538356258,148.149086551489,1.06586730001427,109.344568469995,4974,2487,20,2006,2025,2007,2025,218,19,100,8,201,1621,2934,0.0974778459441042,1,20261003-175015,4237598ec443fe56d60744856219d211,6c49e2a4c6b741a70851cb47ef9815bc,"season-block cluster, CR1, t(G-1)",team-match (120-minute matches count once),0.05,0.8,10,2026-10-03 17:50:35
net_red,Net red cards,style,Style adjusted,common,rm_vs_other_elite,Real Madrid vs other elite clubs,0.0395282952318671,0.0388479190974353,18,2.10092204024104,0.322391490785014,-0.0420881542174356,0.12114474468117,-0.027836467467818,0.106893057931552,0.0322231373849375,0.0383618084201267,0.0329044319539621,0.395282952318671,-0.420881542174356,1.2114474468117,0.115094916786757,1.15094916786757,118.072897151169,1.06893057931552,109.658822367543,4974,2487,20,2006,2025,2007,2025,218,19,100,8,201,1621,2934,0.0974778459441042,1,20261003-175015,4237598ec443fe56d60744856219d211,6c49e2a4c6b741a70851cb47ef9815bc,"season-block cluster, CR1, t(G-1)",team-match (120-minute matches count once),0.05,0.8,10,2026-10-03 17:50:35
net_red,Net red cards,style,Style adjusted,common,rm_vs_barca,Real Madrid vs Barcelona,0.0793475627902179,0.0433997375410732,18,2.10092204024104,0.0841271767985531,-0.0118319023504991,0.170527027930935,0.00408965738349004,0.154605468196946,0.0435618742265077,0.0502648508413968,0.0440974957324837,0.793475627902179,-0.118319023504991,1.70527027930935,0.128580611186114,1.28580611186114,131.907522104914,1.54605468196946,158.605749541901,4974,2487,20,2006,2025,2007,2025,218,19,100,8,201,1621,2934,0.0974778459441042,1,20261003-175015,4237598ec443fe56d60744856219d211,6c49e2a4c6b741a70851cb47ef9815bc,"season-block cluster, CR1, t(G-1)",team-match (120-minute matches count once),0.05,0.8,10,2026-10-03 17:50:35
net_red,Net red cards,style,Style adjusted,common,barca_vs_nonelite,Barcelona vs non-elite clubs,-0.0572851249888767,0.0455977608016785,18,2.10092204024104,0.22506313350982,-0.153082465642762,0.0385122156650084,-0.136354542538319,0.0217842925605656,0.0385717553869892,0.0398841136536691,0.037183066976057,-0.572851249888767,-1.53082465642762,0.385122156650084,0.135092705273836,1.35092705273836,138.588110934766,1.36354542538319,139.882597135464,4974,2487,20,2006,2025,2007,2025,218,19,100,8,201,1621,2934,0.0974778459441042,1,20261003-175015,4237598ec443fe56d60744856219d211,6c49e2a4c6b741a70851cb47ef9815bc,"season-block cluster, CR1, t(G-1)",team-match (120-minute matches count once),0.05,0.8,10,2026-10-03 17:50:35
net_red,Net red cards,style,Style adjusted,common,other_elite_vs_nonelite,Other elite clubs vs non-elite clubs,-0.0174658574305258,0.0214705541369711,19,2.09302405440831,0.426020540207628,-0.0624042437006821,0.0274725288396304,-0.0545912970703084,0.0196595822092567,0.0186316888418995,0.0172926885606017,0.0172221494977145,-0.174658574305258,-0.624042437006821,0.274725288396304,0.0634372217057205,0.634372217057205,65.0786043652388,0.545912970703084,56.003799162337,4974,2487,20,2006,2025,2007,2025,218,19,100,8,201,1621,2934,0.0974778459441042,1,20261003-175015,4237598ec443fe56d60744856219d211,6c49e2a4c6b741a70851cb47ef9815bc,"season-block cluster, CR1, t(G-1)",team-match (120-minute matches count once),0.05,0.8,10,2026-10-03 17:50:35
net_red,Net red cards,raw,Raw,no_extra_time,rm_vs_nonelite,Real Madrid vs non-elite clubs,0.0432543484323722,0.0376765507423518,18,2.10092204024104,0.265979732363562,-0.0359011474224946,0.122409844287239,-0.0220791870328191,0.108587883897563,0.0329887303135135,0.0352333267254661,0.0324116826825486,0.432543484323722,-0.359011474224946,1.22409844287239,0.111624498126318,1.11624498126318,115.016620684221,1.08587883897563,111.887727719186,4914,2457,20,2006,2025,2007,2025,210,19,92,0,200,1588,2916,0.0970507544581616,0,20261003-175015,4237598ec443fe56d60744856219d211,6c49e2a4c6b741a70851cb47ef9815bc,"season-block cluster, CR1, t(G-1)",team-match (120-minute matches count once),0.05,0.8,10,2026-10-03 17:50:35
net_red,Net red cards,raw,Raw,no_extra_time,rm_vs_other_elite,Real Madrid vs other elite clubs,0.0358065184389583,0.0370430297036313,18,2.10092204024104,0.346543141025432,-0.0420179991027043,0.113631035980621,-0.0284284512489613,0.100041488126878,0.0341559747468839,0.0353627441384461,0.0328237505905204,0.358065184389583,-0.420179991027043,1.13631035980621,0.109747562297366,1.09747562297366,113.082647229372,1.00041488126878,103.081618154762,4914,2457,20,2006,2025,2007,2025,210,19,92,0,200,1588,2916,0.0970507544581616,0,20261003-175015,4237598ec443fe56d60744856219d211,6c49e2a4c6b741a70851cb47ef9815bc,"season-block cluster, CR1, t(G-1)",team-match (120-minute matches count once),0.05,0.8,10,2026-10-03 17:50:35
net_red,Net red cards,raw,Raw,no_extra_time,rm_vs_barca,Real Madrid vs Barcelona,0.028736763806665,0.0447116158537487,18,2.10092204024104,0.528512590344252,-0.0651988553952662,0.122672383008596,-0.0487960220383844,0.106269549651714,0.0422975918175001,0.0481552828473779,0.0422927828089775,0.28736763806665,-0.651988553952663,1.22672383008596,0.13246731937383,1.3246731937383,136.492828019113,1.06269549651714,109.498942326643,4914,2457,20,2006,2025,2007,2025,210,19,92,0,200,1588,2916,0.0970507544581616,0,20261003-175015,4237598ec443fe56d60744856219d211,6c49e2a4c6b741a70851cb47ef9815bc,"season-block cluster, CR1, t(G-1)",team-match (120-minute matches count once),0.05,0.8,10,2026-10-03 17:50:35
net_red,Net red cards,raw,Raw,no_extra_time,barca_vs_nonelite,Barcelona vs non-elite clubs,0.0145175846257072,0.0360699053951624,18,2.10092204024104,0.692066991800852,-0.0612624746083987,0.0902976438598131,-0.0480299256141816,0.077065094865596,0.0297162832248897,0.0349146217788405,0.0294435274012927,0.145175846257072,-0.612624746083987,0.902976438598131,0.106864482227479,1.06864482227479,110.111954125559,0.77065094865596,79.4070023420772,4914,2457,20,2006,2025,2007,2025,210,19,92,0,200,1588,2916,0.0970507544581616,0,20261003-175015,4237598ec443fe56d60744856219d211,6c49e2a4c6b741a70851cb47ef9815bc,"season-block cluster, CR1, t(G-1)",team-match (120-minute matches count once),0.05,0.8,10,2026-10-03 17:50:35
net_red,Net red cards,raw,Raw,no_extra_time,other_elite_vs_nonelite,Other elite clubs vs non-elite clubs,0.00744782999341392,0.0116323328917827,19,2.09302405440831,0.529643748544231,-0.0168989225579723,0.0317945825448001,-0.0126660184843068,0.0275616784711347,0.0121937914858285,0.0122747604255748,0.0124743125836239,0.0744782999341393,-0.168989225579723,0.317945825448001,0.0343359977880462,0.343359977880461,35.3794238692378,0.275616784711347,28.3992418451692,4914,2457,20,2006,2025,2007,2025,210,19,92,0,200,1588,2916,0.0970507544581616,0,20261003-175015,4237598ec443fe56d60744856219d211,6c49e2a4c6b741a70851cb47ef9815bc,"season-block cluster, CR1, t(G-1)",team-match (120-minute matches count once),0.05,0.8,10,2026-10-03 17:50:35
net_red,Net red cards,prematch,Pre-match adjusted,no_extra_time,rm_vs_nonelite,Real Madrid vs non-elite clubs,0.0415677661759226,0.0489649310881679,18,2.10092204024104,0.407069562186353,-0.061303736746093,0.144439269097938,-0.0433405388246051,0.12647607117645,0.0406058494577253,0.0427002395812865,0.0389951979814036,0.415677661759226,-0.61303736746093,1.44439269097938,0.145068636879293,1.45068636879293,149.477083088346,1.2647607117645,130.319513622096,4914,2457,20,2006,2025,2007,2025,210,19,92,0,200,1588,2916,0.0970507544581616,0,20261003-175015,4237598ec443fe56d60744856219d211,6c49e2a4c6b741a70851cb47ef9815bc,"season-block cluster, CR1, t(G-1)",team-match (120-minute matches count once),0.05,0.8,10,2026-10-03 17:50:35
net_red,Net red cards,prematch,Pre-match adjusted,no_extra_time,rm_vs_other_elite,Real Madrid vs other elite clubs,0.0436655876072947,0.0403032795728808,18,2.10092204024104,0.292919677215557,-0.0410084607413669,0.128339635955956,-0.0262228627273698,0.113554037941959,0.0343804230816615,0.0390982790553407,0.0349750244318583,0.436655876072947,-0.410084607413669,1.28339635955956,0.119406720268329,1.19406720268329,123.035334382491,1.13554037941959,117.004796692139,4914,2457,20,2006,2025,2007,2025,210,19,92,0,200,1588,2916,0.0970507544581616,0,20261003-175015,4237598ec443fe56d60744856219d211,6c49e2a4c6b741a70851cb47ef9815bc,"season-block cluster, CR1, t(G-1)",team-match (120-minute matches count once),0.05,0.8,10,2026-10-03 17:50:35
net_red,Net red cards,prematch,Pre-match adjusted,no_extra_time,rm_vs_barca,Real Madrid vs Barcelona,0.0325409659819247,0.0475527945504929,18,2.10092204024104,0.502494225414043,-0.0673637481642597,0.132445680128109,-0.0499186044410458,0.115000536404895,0.0436633043914225,0.0529866698836999,0.044338325848499,0.325409659819247,-0.673637481642597,1.32445680128109,0.140884893166081,1.40884893166081,145.166200873602,1.15000536404895,118.495252352182,4914,2457,20,2006,2025,2007,2025,210,19,92,0,200,1588,2916,0.0970507544581616,0,20261003-175015,4237598ec443fe56d60744856219d211,6c49e2a4c6b741a70851cb47ef9815bc,"season-block cluster, CR1, t(G-1)",team-match (120-minute matches count once),0.05,0.8,10,2026-10-03 17:50:35
net_red,Net red cards,prematch,Pre-match adjusted,no_extra_time,barca_vs_nonelite,Barcelona vs non-elite clubs,0.00902680019399791,0.0463394462946325,18,2.10092204024104,0.847733413780192,-0.0883287638589614,0.106382364246957,-0.0713287471763323,0.0893823475643281,0.0377046792867461,0.0417435574261299,0.0363951849894616,0.0902680019399791,-0.883287638589614,1.06382364246957,0.137290100451667,1.37290100451667,141.462167108503,0.893823475643281,92.0985602464952,4914,2457,20,2006,2025,2007,2025,210,19,92,0,200,1588,2916,0.0970507544581616,0,20261003-175015,4237598ec443fe56d60744856219d211,6c49e2a4c6b741a70851cb47ef9815bc,"season-block cluster, CR1, t(G-1)",team-match (120-minute matches count once),0.05,0.8,10,2026-10-03 17:50:35
net_red,Net red cards,prematch,Pre-match adjusted,no_extra_time,other_elite_vs_nonelite,Other elite clubs vs non-elite clubs,-0.00209782143137214,0.0203277389139408,19,2.09302405440831,0.918885776734666,-0.044644267949982,0.0404486250872377,-0.0372471817715069,0.0330515389087626,0.0190155467074171,0.0169325133011816,0.0175663534165352,-0.0209782143137214,-0.44644267949982,0.404486250872377,0.0600638914085938,0.600638914085938,61.8891545397386,0.372471817715069,38.3790749278142,4914,2457,20,2006,2025,2007,2025,210,19,92,0,200,1588,2916,0.0970507544581616,0,20261003-175015,4237598ec443fe56d60744856219d211,6c49e2a4c6b741a70851cb47ef9815bc,"season-block cluster, CR1, t(G-1)",team-match (120-minute matches count once),0.05,0.8,10,2026-10-03 17:50:35
net_red,Net red cards,style,Style adjusted,no_extra_time,rm_vs_nonelite,Real Madrid vs non-elite clubs,0.017981788165648,0.0474495681595777,18,2.10092204024104,0.709146077281591,-0.0817060553807282,0.117669631712024,-0.064298781129594,0.10026235746089,0.0391685572743206,0.0417165514519985,0.0376474686938104,0.17981788165648,-0.817060553807282,1.17669631712024,0.140579063841149,1.40579063841149,144.851077795333,1.0026235746089,103.309199419066,4914,2457,20,2006,2025,2007,2025,210,19,92,0,200,1588,2916,0.0970507544581616,1,20261003-175015,4237598ec443fe56d60744856219d211,6c49e2a4c6b741a70851cb47ef9815bc,"season-block cluster, CR1, t(G-1)",team-match (120-minute matches count once),0.05,0.8,10,2026-10-03 17:50:35
net_red,Net red cards,style,Style adjusted,no_extra_time,rm_vs_other_elite,Real Madrid vs other elite clubs,0.0340294055170988,0.038326745916827,18,2.10092204024104,0.386318085440225,-0.0464920997102812,0.114550910744479,-0.0324316097373482,0.100490420771546,0.0332291644558151,0.0379715697347095,0.0337474230676367,0.340294055170988,-0.464920997102812,1.14550910744479,0.113550834497481,1.13550834497481,117.001495899171,1.00490420771546,103.544193275558,4914,2457,20,2006,2025,2007,2025,210,19,92,0,200,1588,2916,0.0970507544581616,1,20261003-175015,4237598ec443fe56d60744856219d211,6c49e2a4c6b741a70851cb47ef9815bc,"season-block cluster, CR1, t(G-1)",team-match (120-minute matches count once),0.05,0.8,10,2026-10-03 17:50:35
net_red,Net red cards,style,Style adjusted,no_extra_time,rm_vs_barca,Real Madrid vs Barcelona,0.0743232469052896,0.0412069594772247,18,2.10092204024104,0.0880487290205529,-0.0122493624717311,0.16089585628231,0.00286775813647058,0.145778735674109,0.0442278165842752,0.0499840670367777,0.0447119640046482,0.743232469052896,-0.122493624717311,1.6089585628231,0.122084057068055,1.22084057068055,125.794031947155,1.45778735674109,150.208760857139,4914,2457,20,2006,2025,2007,2025,210,19,92,0,200,1588,2916,0.0970507544581616,1,20261003-175015,4237598ec443fe56d60744856219d211,6c49e2a4c6b741a70851cb47ef9815bc,"season-block cluster, CR1, t(G-1)",team-match (120-minute matches count once),0.05,0.8,10,2026-10-03 17:50:35
net_red,Net red cards,style,Style adjusted,no_extra_time,barca_vs_nonelite,Barcelona vs non-elite clubs,-0.0563414587396416,0.0440707647431611,18,2.10092204024104,0.217336484811155,-0.148930699718826,0.0362477822395433,-0.132762967996561,0.0200800505172774,0.0386826725197366,0.0398782848419622,0.0373193491053208,-0.563414587396416,-1.48930699718826,0.362477822395433,0.130568666705696,1.30568666705696,134.536477778732,1.32762967996561,136.797461016951,4914,2457,20,2006,2025,2007,2025,210,19,92,0,200,1588,2916,0.0970507544581616,1,20261003-175015,4237598ec443fe56d60744856219d211,6c49e2a4c6b741a70851cb47ef9815bc,"season-block cluster, CR1, t(G-1)",team-match (120-minute matches count once),0.05,0.8,10,2026-10-03 17:50:35
net_red,Net red cards,style,Style adjusted,no_extra_time,other_elite_vs_nonelite,Other elite clubs vs non-elite clubs,-0.0160476173514508,0.0209206928382689,19,2.09302405440831,0.452467448117902,-0.0598351306968353,0.0277398959939338,-0.0522222737778617,0.0201270390749602,0.0187284283410781,0.0173056537533901,0.0172588694495267,-0.160476173514508,-0.598351306968353,0.277398959939338,0.0618141563660667,0.618141563660667,63.6926077609368,0.522222737778617,53.8092404015001,4914,2457,20,2006,2025,2007,2025,210,19,92,0,200,1588,2916,0.0970507544581616,1,20261003-175015,4237598ec443fe56d60744856219d211,6c49e2a4c6b741a70851cb47ef9815bc,"season-block cluster, CR1, t(G-1)",team-match (120-minute matches count once),0.05,0.8,10,2026-10-03 17:50:35
net_red,Net red cards,raw,Raw,all_outcome_rows,rm_vs_nonelite,Real Madrid vs non-elite clubs,0.0412361151902753,0.0365633343593693,20,2.08596344726586,0.272753111193327,-0.0350336637935291,0.11750589417408,-0.0218253346013413,0.104297564981892,0.0306117705873903,0.033887546177049,0.0300871880117558,0.412361151902753,-0.350336637935291,1.1750589417408,0.107697273416305,1.07697273416305,112.067098887191,1.04297564981892,108.529447011509,5490,2745,21,2005,2025,2005,2025,234,21,104,8,224,1775,3257,0.0961007061713232,0,20261003-175015,4237598ec443fe56d60744856219d211,6c49e2a4c6b741a70851cb47ef9815bc,"season-block cluster, CR1, t(G-1)",team-match (120-minute matches count once),0.05,0.8,10,2026-10-03 17:50:35
net_red,Net red cards,raw,Raw,all_outcome_rows,rm_vs_other_elite,Real Madrid vs other elite clubs,0.0412784398699892,0.0347669307255702,20,2.08596344726586,0.249023903680328,-0.0312441067971748,0.113800986537153,-0.018684719802765,0.101241599542743,0.0316756856128136,0.0342199747693061,0.0305774117669938,0.412784398699892,-0.312441067971748,1.13800986537153,0.10240596788564,1.0240596788564,106.56109821199,1.01241599542743,105.34948553058,5490,2745,21,2005,2025,2005,2025,234,21,104,8,224,1775,3257,0.0961007061713232,0,20261003-175015,4237598ec443fe56d60744856219d211,6c49e2a4c6b741a70851cb47ef9815bc,"season-block cluster, CR1, t(G-1)",team-match (120-minute matches count once),0.05,0.8,10,2026-10-03 17:50:35
net_red,Net red cards,raw,Raw,all_outcome_rows,rm_vs_barca,Real Madrid vs Barcelona,0.0159758402227181,0.0453458694658285,20,2.08596344726586,0.728290524690554,-0.0786139859674895,0.110565666412926,-0.062233008086101,0.0941846885315372,0.0393304572075015,0.0463294047796841,0.0393265641715314,0.159758402227181,-0.786139859674895,1.10565666412926,0.133566223861364,1.33566223861364,138.985684062768,0.941846885315372,98.0062397914431,5490,2745,21,2005,2025,2005,2025,234,21,104,8,224,1775,3257,0.0961007061713232,0,20261003-175015,4237598ec443fe56d60744856219d211,6c49e2a4c6b741a70851cb47ef9815bc,"season-block cluster, CR1, t(G-1)",team-match (120-minute matches count once),0.05,0.8,10,2026-10-03 17:50:35
net_red,Net red cards,raw,Raw,all_outcome_rows,barca_vs_nonelite,Barcelona vs non-elite clubs,0.0252602749675572,0.0339324988597213,20,2.08596344726586,0.465275770805573,-0.0455216773282121,0.0960422272633264,-0.0332637248436929,0.0837842747788073,0.0277066726815405,0.0335094594456062,0.0275024534204725,0.252602749675572,-0.455216773282121,0.960422272633264,0.0999481494623982,0.999481494623982,104.003553609914,0.837842747788073,87.1838284199922,5490,2745,21,2005,2025,2005,2025,234,21,104,8,224,1775,3257,0.0961007061713232,0,20261003-175015,4237598ec443fe56d60744856219d211,6c49e2a4c6b741a70851cb47ef9815bc,"season-block cluster, CR1, t(G-1)",team-match (120-minute matches count once),0.05,0.8,10,2026-10-03 17:50:35
net_red,Net red cards,raw,Raw,all_outcome_rows,other_elite_vs_nonelite,Other elite clubs vs non-elite clubs,-4.23246797139026e-05,0.0116933038041224,20,2.08596344726586,0.997147871508604,-0.0244341289928881,0.0243494796334603,-0.0202099790706988,0.020125329711271,0.011564089159327,0.0121490145522115,0.0120350045666598,-0.000423246797139026,-0.244341289928881,0.243494796334603,0.0344210382384165,0.344210382384166,35.8176746142245,0.202099790706988,21.030000585708,5490,2745,21,2005,2025,2005,2025,234,21,104,8,224,1775,3257,0.0961007061713232,0,20261003-175015,4237598ec443fe56d60744856219d211,6c49e2a4c6b741a70851cb47ef9815bc,"season-block cluster, CR1, t(G-1)",team-match (120-minute matches count once),0.05,0.8,10,2026-10-03 17:50:35
net_red,Net red cards,prematch,Pre-match adjusted,all_outcome_rows,rm_vs_nonelite,Real Madrid vs non-elite clubs,0.0426681799905835,0.044680179485834,20,2.08596344726586,0.350994563490325,-0.0505330412341444,0.135869401215311,-0.0343925406656095,0.119728900646777,0.0368627757661009,0.0395781287900785,0.0355179204712903,0.426681799905835,-0.505330412341444,1.35869401215311,0.131605434533966,1.31605434533966,136.945335551798,1.19728900646777,124.586910353531,5490,2745,21,2005,2025,2005,2025,234,21,104,8,224,1775,3257,0.0961007061713232,0,20261003-175015,4237598ec443fe56d60744856219d211,6c49e2a4c6b741a70851cb47ef9815bc,"season-block cluster, CR1, t(G-1)",team-match (120-minute matches count once),0.05,0.8,10,2026-10-03 17:50:35
net_red,Net red cards,prematch,Pre-match adjusted,all_outcome_rows,rm_vs_other_elite,Real Madrid vs other elite clubs,0.0511563431413151,0.037325492919213,20,2.08596344726586,0.185703743396171,-0.0267032707393441,0.129015957021974,-0.0132196154224622,0.115532301705093,0.0313044199471949,0.0369834678775016,0.0321448154755271,0.511563431413151,-0.267032707393441,1.29015957021974,0.109942210871935,1.09942210871935,114.403124859391,1.15532301705093,120.220034074596,5490,2745,21,2005,2025,2005,2025,234,21,104,8,224,1775,3257,0.0961007061713232,0,20261003-175015,4237598ec443fe56d60744856219d211,6c49e2a4c6b741a70851cb47ef9815bc,"season-block cluster, CR1, t(G-1)",team-match (120-minute matches count once),0.05,0.8,10,2026-10-03 17:50:35
net_red,Net red cards,prematch,Pre-match adjusted,all_outcome_rows,rm_vs_barca,Real Madrid vs Barcelona,0.0278922399097989,0.0466211787509021,20,2.08596344726586,0.556372467203471,-0.0693578348330309,0.125142314652629,-0.0525161575883529,0.108300637407951,0.0405327588265255,0.049896498682545,0.0411313694359806,0.278922399097989,-0.693578348330309,1.25142314652629,0.137322646386044,1.37322646386044,142.89452373142,1.08300637407951,112.694944420989,5490,2745,21,2005,2025,2005,2025,234,21,104,8,224,1775,3257,0.0961007061713232,0,20261003-175015,4237598ec443fe56d60744856219d211,6c49e2a4c6b741a70851cb47ef9815bc,"season-block cluster, CR1, t(G-1)",team-match (120-minute matches count once),0.05,0.8,10,2026-10-03 17:50:35
net_red,Net red cards,prematch,Pre-match adjusted,all_outcome_rows,barca_vs_nonelite,Barcelona vs non-elite clubs,0.0147759400807846,0.0424751806370307,20,2.08596344726586,0.731570632355799,-0.0738257341440763,0.103377614305645,-0.058481778835258,0.0880336589968272,0.0349834140293418,0.0389177979736829,0.0335974054648903,0.147759400807846,-0.738257341440763,1.03377614305645,0.125110612109726,1.25110612109726,130.186985188938,0.880336589968272,91.605631742066,5490,2745,21,2005,2025,2005,2025,234,21,104,8,224,1775,3257,0.0961007061713232,0,20261003-175015,4237598ec443fe56d60744856219d211,6c49e2a4c6b741a70851cb47ef9815bc,"season-block cluster, CR1, t(G-1)",team-match (120-minute matches count once),0.05,0.8,10,2026-10-03 17:50:35
net_red,Net red cards,prematch,Pre-match adjusted,all_outcome_rows,other_elite_vs_nonelite,Other elite clubs vs non-elite clubs,-0.00848816315073161,0.0189878336560336,20,2.08596344726586,0.659655644291213,-0.0480960900999824,0.0311197637985191,-0.0412368262508381,0.0242604999493749,0.0180660379521787,0.0165703471795795,0.0168176892644146,-0.0848816315073161,-0.480960900999824,0.311197637985191,0.0559546439504226,0.559546439504226,58.2250080979318,0.412368262508381,42.9100137696422,5490,2745,21,2005,2025,2005,2025,234,21,104,8,224,1775,3257,0.0961007061713232,0,20261003-175015,4237598ec443fe56d60744856219d211,6c49e2a4c6b741a70851cb47ef9815bc,"season-block cluster, CR1, t(G-1)",team-match (120-minute matches count once),0.05,0.8,10,2026-10-03 17:50:35
net_yellow_fouls,Net yellow cards | fouls called,raw,Raw,common,rm_vs_nonelite,Real Madrid vs non-elite clubs,0.0648186785289302,0.105861560147379,18,2.10092204024104,0.547999178820779,-0.157588206399001,0.287225563456861,-0.118752000262394,0.248389357320254,0.106544139899326,0.0985818041944037,0.105244886648808,0.648186785289302,-1.57588206399001,2.87225563456861,0.313636553492599,3.13636553492599,15.865683585298,2.48389357320254,12.5650754203039,4974,2487,20,2006,2025,2007,2025,218,19,100,8,201,1621,2934,1.97682344921609,0,20261003-175015,4237598ec443fe56d60744856219d211,6c49e2a4c6b741a70851cb47ef9815bc,"season-block cluster, CR1, t(G-1)",team-match (120-minute matches count once),0.05,0.8,10,2026-10-03 17:50:35
net_yellow_fouls,Net yellow cards | fouls called,raw,Raw,common,rm_vs_other_elite,Real Madrid vs other elite clubs,-0.210556337047076,0.0892131321478908,18,2.10092204024104,0.0297579441707272,-0.397986172655516,-0.0231265014386355,-0.365257582737094,-0.055855091357057,0.111565098811759,0.101489153955578,0.107859855367489,-2.10556337047076,-3.97986172655516,-0.231265014386355,0.264312175771736,2.64312175771736,13.3705504088667,3.65257582737094,18.476995650873,4974,2487,20,2006,2025,2007,2025,218,19,100,8,201,1621,2934,1.97682344921609,0,20261003-175015,4237598ec443fe56d60744856219d211,6c49e2a4c6b741a70851cb47ef9815bc,"season-block cluster, CR1, t(G-1)",team-match (120-minute matches count once),0.05,0.8,10,2026-10-03 17:50:35
net_yellow_fouls,Net yellow cards | fouls called,raw,Raw,common,rm_vs_barca,Real Madrid vs Barcelona,-0.440489794686417,0.203893928922487,18,2.10092204024104,0.0444737536543752,-0.868855043831009,-0.012124545541825,-0.794054836441164,-0.0869247529316697,0.152822986100079,0.172451978466494,0.152432849387189,-4.40489794686417,-8.68855043831009,-0.12124545541825,0.60407752404447,6.0407752404447,30.5579906128703,7.94054836441164,40.1682222434202,4974,2487,20,2006,2025,2007,2025,218,19,100,8,201,1621,2934,1.97682344921609,0,20261003-175015,4237598ec443fe56d60744856219d211,6c49e2a4c6b741a70851cb47ef9815bc,"season-block cluster, CR1, t(G-1)",team-match (120-minute matches count once),0.05,0.8,10,2026-10-03 17:50:35
net_yellow_fouls,Net yellow cards | fouls called,raw,Raw,common,barca_vs_nonelite,Barcelona vs non-elite clubs,0.505308473215347,0.155388917717062,18,2.10092204024104,0.00442688782520561,0.178848471174371,0.831768475256323,0.235854206130503,0.774762740300191,0.119857295885221,0.150583533269718,0.119409723274354,5.05308473215347,1.78848471174371,8.31768475256323,0.460371494014211,4.60371494014211,23.2884476454775,7.74762740300191,39.1923082765648,4974,2487,20,2006,2025,2007,2025,218,19,100,8,201,1621,2934,1.97682344921609,0,20261003-175015,4237598ec443fe56d60744856219d211,6c49e2a4c6b741a70851cb47ef9815bc,"season-block cluster, CR1, t(G-1)",team-match (120-minute matches count once),0.05,0.8,10,2026-10-03 17:50:35
net_yellow_fouls,Net yellow cards | fouls called,raw,Raw,common,other_elite_vs_nonelite,Other elite clubs vs non-elite clubs,0.275375015576006,0.0460682485976482,19,2.09302405440831,9.41791006547107e-06,0.178953063116666,0.371796968035345,0.195716895356489,0.355033135795523,0.0483594258832581,0.0521758122261269,0.0479935263346973,2.75375015576006,1.78953063116666,3.71796968035345,0.136067977977201,1.36067977977201,6.88316288595014,3.55033135795523,17.9597796624838,4974,2487,20,2006,2025,2007,2025,218,19,100,8,201,1621,2934,1.97682344921609,0,20261003-175015,4237598ec443fe56d60744856219d211,6c49e2a4c6b741a70851cb47ef9815bc,"season-block cluster, CR1, t(G-1)",team-match (120-minute matches count once),0.05,0.8,10,2026-10-03 17:50:35
net_yellow_fouls,Net yellow cards | fouls called,prematch,Pre-match adjusted,common,rm_vs_nonelite,Real Madrid vs non-elite clubs,-0.251325428115239,0.116695478792212,18,2.10092204024104,0.0450673320598765,-0.496493531506277,-0.0061573247241998,-0.453682810945622,-0.0489680452848551,0.126676637092583,0.116700348615502,0.123883409095865,-2.51325428115239,-4.96493531506277,-0.061573247241998,0.345734256377896,3.45734256377896,17.4893846243577,4.53682810945622,22.9500925399044,4974,2487,20,2006,2025,2007,2025,218,19,100,8,201,1621,2934,1.97682344921609,0,20261003-175015,4237598ec443fe56d60744856219d211,6c49e2a4c6b741a70851cb47ef9815bc,"season-block cluster, CR1, t(G-1)",team-match (120-minute matches count once),0.05,0.8,10,2026-10-03 17:50:35
net_yellow_fouls,Net yellow cards | fouls called,prematch,Pre-match adjusted,common,rm_vs_other_elite,Real Madrid vs other elite clubs,-0.272900281939883,0.0861963841000714,18,2.10092204024104,0.00534695070055457,-0.453992165084806,-0.0918083987949612,-0.422370294629844,-0.123430269249923,0.107726976393167,0.104209209625414,0.111283783182389,-2.72900281939883,-4.53992165084806,-0.918083987949612,0.255374441818482,2.55374441818482,12.9184243499211,4.22370294629844,21.3661111111028,4974,2487,20,2006,2025,2007,2025,218,19,100,8,201,1621,2934,1.97682344921609,0,20261003-175015,4237598ec443fe56d60744856219d211,6c49e2a4c6b741a70851cb47ef9815bc,"season-block cluster, CR1, t(G-1)",team-match (120-minute matches count once),0.05,0.8,10,2026-10-03 17:50:35
net_yellow_fouls,Net yellow cards | fouls called,prematch,Pre-match adjusted,common,rm_vs_barca,Real Madrid vs Barcelona,-0.447976878422633,0.194426058238332,18,2.10092204024104,0.0333502419616382,-0.856450869372732,-0.0395028874725346,-0.785124030191826,-0.11082972665344,0.15466561752724,0.167310004138746,0.155808193314272,-4.47976878422633,-8.56450869372732,-0.395028874725346,0.576027018023607,5.76027018023607,29.1390219117459,7.85124030191826,39.7164466307382,4974,2487,20,2006,2025,2007,2025,218,19,100,8,201,1621,2934,1.97682344921609,0,20261003-175015,4237598ec443fe56d60744856219d211,6c49e2a4c6b741a70851cb47ef9815bc,"season-block cluster, CR1, t(G-1)",team-match (120-minute matches count once),0.05,0.8,10,2026-10-03 17:50:35
net_yellow_fouls,Net yellow cards | fouls called,prematch,Pre-match adjusted,common,barca_vs_nonelite,Barcelona vs non-elite clubs,0.196651450307395,0.168717731357501,18,2.10092204024104,0.259003866809891,-0.157811350081046,0.551114250695836,-0.095915827430723,0.489218728045512,0.145370302523705,0.158107773685503,0.140309174756582,1.96651450307395,-1.57811350081046,5.51114250695836,0.499860834304612,4.99860834304612,25.286063583616,4.89218728045512,24.7477197945781,4974,2487,20,2006,2025,2007,2025,218,19,100,8,201,1621,2934,1.97682344921609,0,20261003-175015,4237598ec443fe56d60744856219d211,6c49e2a4c6b741a70851cb47ef9815bc,"season-block cluster, CR1, t(G-1)",team-match (120-minute matches count once),0.05,0.8,10,2026-10-03 17:50:35
net_yellow_fouls,Net yellow cards | fouls called,prematch,Pre-match adjusted,common,other_elite_vs_nonelite,Other elite clubs vs non-elite clubs,0.0215748538246449,0.0777527022940791,19,2.09302405440831,0.784407896191118,-0.141163422372111,0.184313130021401,-0.1128698948965,0.15601960254579,0.0711325739189087,0.0680753543164996,0.0663535847807566,0.215748538246449,-1.41163422372111,1.84313130021401,0.229651729889265,2.29651729889265,11.6172099223294,1.5601960254579,7.89243989429909,4974,2487,20,2006,2025,2007,2025,218,19,100,8,201,1621,2934,1.97682344921609,0,20261003-175015,4237598ec443fe56d60744856219d211,6c49e2a4c6b741a70851cb47ef9815bc,"season-block cluster, CR1, t(G-1)",team-match (120-minute matches count once),0.05,0.8,10,2026-10-03 17:50:35
net_yellow_fouls,Net yellow cards | fouls called,style,Style adjusted,common,rm_vs_nonelite,Real Madrid vs non-elite clubs,-0.298232893128646,0.116547568731287,18,2.10092204024104,0.019729265258251,-0.543090249012713,-0.0533755372445781,-0.500333790505326,-0.0961319957519651,0.127185198798755,0.113696716239611,0.124426769202718,-2.98232893128646,-5.43090249012713,-0.533755372445781,0.345296042528875,3.45296042528875,17.4672170479262,5.00333790505326,25.3099886438384,4974,2487,20,2006,2025,2007,2025,218,19,100,8,201,1621,2934,1.97682344921609,1,20261003-175015,4237598ec443fe56d60744856219d211,6c49e2a4c6b741a70851cb47ef9815bc,"season-block cluster, CR1, t(G-1)",team-match (120-minute matches count once),0.05,0.8,10,2026-10-03 17:50:35
net_yellow_fouls,Net yellow cards | fouls called,style,Style adjusted,common,rm_vs_other_elite,Real Madrid vs other elite clubs,-0.307289781517178,0.0830924236561804,18,2.10092204024104,0.00164535713888295,-0.481860485753494,-0.132719077280863,-0.451377329365007,-0.16320223366935,0.107379490551724,0.0999653866414882,0.111221281947061,-3.07289781517178,-4.81860485753494,-1.32719077280863,0.246178323279855,2.46178323279855,12.4532275948809,4.51377329365007,22.8334669716712,4974,2487,20,2006,2025,2007,2025,218,19,100,8,201,1621,2934,1.97682344921609,1,20261003-175015,4237598ec443fe56d60744856219d211,6c49e2a4c6b741a70851cb47ef9815bc,"season-block cluster, CR1, t(G-1)",team-match (120-minute matches count once),0.05,0.8,10,2026-10-03 17:50:35
net_yellow_fouls,Net yellow cards | fouls called,style,Style adjusted,common,rm_vs_barca,Real Madrid vs Barcelona,-0.501962202023349,0.196855165330945,18,2.10092204024104,0.0201037107661751,-0.915539557602425,-0.0883848464442726,-0.84332157999842,-0.160602824048278,0.157080554672149,0.170847286800498,0.158361000192017,-5.01962202023349,-9.15539557602425,-0.883848464442726,0.583223745292043,5.83223745292043,29.503077046325,8.4332157999842,42.6604399261269,4974,2487,20,2006,2025,2007,2025,218,19,100,8,201,1621,2934,1.97682344921609,1,20261003-175015,4237598ec443fe56d60744856219d211,6c49e2a4c6b741a70851cb47ef9815bc,"season-block cluster, CR1, t(G-1)",team-match (120-minute matches count once),0.05,0.8,10,2026-10-03 17:50:35
net_yellow_fouls,Net yellow cards | fouls called,style,Style adjusted,common,barca_vs_nonelite,Barcelona vs non-elite clubs,0.203729308894703,0.177639562251976,18,2.10092204024104,0.26645264700035,-0.169477562659243,0.57693618044865,-0.104308991101919,0.511767608891325,0.148692627858925,0.165248311549461,0.143380653361038,2.03729308894703,-1.69477562659243,5.7693618044865,0.52629358561388,5.2629358561388,26.6231962101918,5.11767608891325,25.8883821463301,4974,2487,20,2006,2025,2007,2025,218,19,100,8,201,1621,2934,1.97682344921609,1,20261003-175015,4237598ec443fe56d60744856219d211,6c49e2a4c6b741a70851cb47ef9815bc,"season-block cluster, CR1, t(G-1)",team-match (120-minute matches count once),0.05,0.8,10,2026-10-03 17:50:35
net_yellow_fouls,Net yellow cards | fouls called,style,Style adjusted,common,other_elite_vs_nonelite,Other elite clubs vs non-elite clubs,0.00905688838853285,0.0783086646436731,19,2.09302405440831,0.909138587167924,-0.154845030379269,0.172958807156334,-0.126349193073266,0.144462969850331,0.0714593434623043,0.0678145936849355,0.0665814459666491,0.0905688838853285,-1.54845030379269,1.72958807156334,0.231293829926569,2.31293829926569,11.7002775345613,1.44462969850331,7.30783368173917,4974,2487,20,2006,2025,2007,2025,218,19,100,8,201,1621,2934,1.97682344921609,1,20261003-175015,4237598ec443fe56d60744856219d211,6c49e2a4c6b741a70851cb47ef9815bc,"season-block cluster, CR1, t(G-1)",team-match (120-minute matches count once),0.05,0.8,10,2026-10-03 17:50:35
net_yellow_fouls,Net yellow cards | fouls called,raw,Raw,no_extra_time,rm_vs_nonelite,Real Madrid vs non-elite clubs,0.0811767108507435,0.11540937523723,18,2.10092204024104,0.490817531374113,-0.161289389235602,0.323642810937089,-0.118950486610605,0.281303908312092,0.108140090455472,0.107063781514,0.10666809122907,0.811767108507435,-1.61289389235602,3.23642810937089,0.341923911188787,3.41923911188787,17.3671855953058,2.81303908312092,14.2881413802135,4914,2457,20,2006,2025,2007,2025,210,19,92,0,200,1588,2916,1.96879286694101,0,20261003-175015,4237598ec443fe56d60744856219d211,6c49e2a4c6b741a70851cb47ef9815bc,"season-block cluster, CR1, t(G-1)",team-match (120-minute matches count once),0.05,0.8,10,2026-10-03 17:50:35
net_yellow_fouls,Net yellow cards | fouls called,raw,Raw,no_extra_time,rm_vs_other_elite,Real Madrid vs other elite clubs,-0.195041393593318,0.0982724545531162,18,2.10092204024104,0.062634484743547,-0.401504159312546,0.0114213721259091,-0.365452080566853,-0.0246307066197837,0.112698176297194,0.109522126455941,0.109312510874535,-1.95041393593318,-4.01504159312546,0.114213721259091,0.291152273841304,2.91152273841304,14.788364928083,3.65452080566853,18.5622411937458,4914,2457,20,2006,2025,2007,2025,210,19,92,0,200,1588,2916,1.96879286694101,0,20261003-175015,4237598ec443fe56d60744856219d211,6c49e2a4c6b741a70851cb47ef9815bc,"season-block cluster, CR1, t(G-1)",team-match (120-minute matches count once),0.05,0.8,10,2026-10-03 17:50:35
net_yellow_fouls,Net yellow cards | fouls called,raw,Raw,no_extra_time,rm_vs_barca,Real Madrid vs Barcelona,-0.415475283065998,0.199535911307049,18,2.10092204024104,0.0518642304227898,-0.834684676950557,0.00373411081856151,-0.761483245076816,-0.0694673210551799,0.153939836701819,0.173381056219355,0.153466728610499,-4.15475283065998,-8.34684676950557,0.0373411081856151,0.591166004291095,5.91166004291095,30.0268257884138,7.61483245076816,38.6776718802298,4914,2457,20,2006,2025,2007,2025,210,19,92,0,200,1588,2916,1.96879286694101,0,20261003-175015,4237598ec443fe56d60744856219d211,6c49e2a4c6b741a70851cb47ef9815bc,"season-block cluster, CR1, t(G-1)",team-match (120-minute matches count once),0.05,0.8,10,2026-10-03 17:50:35
net_yellow_fouls,Net yellow cards | fouls called,raw,Raw,no_extra_time,barca_vs_nonelite,Barcelona vs non-elite clubs,0.496651993916741,0.151168436827003,18,2.10092204024104,0.00411147522828948,0.179058893198105,0.814245094635378,0.234516309145773,0.75878767868771,0.119850639036733,0.146019162186935,0.119369697927052,4.96651993916741,1.79058893198105,8.14245094635378,0.447867454978735,4.47867454978735,22.7483277951226,7.5878767868771,38.5407572035075,4914,2457,20,2006,2025,2007,2025,210,19,92,0,200,1588,2916,1.96879286694101,0,20261003-175015,4237598ec443fe56d60744856219d211,6c49e2a4c6b741a70851cb47ef9815bc,"season-block cluster, CR1, t(G-1)",team-match (120-minute matches count once),0.05,0.8,10,2026-10-03 17:50:35
net_yellow_fouls,Net yellow cards | fouls called,raw,Raw,no_extra_time,other_elite_vs_nonelite,Other elite clubs vs non-elite clubs,0.276218104444062,0.0432864036776826,19,2.09302405440831,4.03518393873729e-06,0.185618620317844,0.36681758857028,0.201370163552222,0.351066045335902,0.0489139867043833,0.0522190596639909,0.048429216205352,2.76218104444062,1.85618620317844,3.6681758857028,0.127851472578618,1.27851472578618,6.49390165544764,3.51066045335902,17.8315378540235,4914,2457,20,2006,2025,2007,2025,210,19,92,0,200,1588,2916,1.96879286694101,0,20261003-175015,4237598ec443fe56d60744856219d211,6c49e2a4c6b741a70851cb47ef9815bc,"season-block cluster, CR1, t(G-1)",team-match (120-minute matches count once),0.05,0.8,10,2026-10-03 17:50:35
net_yellow_fouls,Net yellow cards | fouls called,prematch,Pre-match adjusted,no_extra_time,rm_vs_nonelite,Real Madrid vs non-elite clubs,-0.239099996483355,0.126747777223887,18,2.10092204024104,0.0754776222249709,-0.50538719520458,0.0271872022378691,-0.458888704186964,-0.0193112887797463,0.128210435448039,0.122895349705924,0.125497582926061,-2.39099996483355,-5.0538719520458,0.271872022378691,0.375516249297707,3.75516249297707,19.073425935414,4.58888704186964,23.3081250898657,4914,2457,20,2006,2025,2007,2025,210,19,92,0,200,1588,2916,1.96879286694101,0,20261003-175015,4237598ec443fe56d60744856219d211,6c49e2a4c6b741a70851cb47ef9815bc,"season-block cluster, CR1, t(G-1)",team-match (120-minute matches count once),0.05,0.8,10,2026-10-03 17:50:35
net_yellow_fouls,Net yellow cards | fouls called,prematch,Pre-match adjusted,no_extra_time,rm_vs_other_elite,Real Madrid vs other elite clubs,-0.258156014704537,0.0943134216151498,18,2.10092204024104,0.013536413930956,-0.45630116086635,-0.0600108685427229,-0.421701486742944,-0.0946105426661295,0.109306728953467,0.110481777081476,0.112840809546395,-2.58156014704537,-4.5630116086635,-0.600108685427229,0.279422827911178,2.79422827911178,14.1925965195784,4.21701486742944,21.4192916798889,4914,2457,20,2006,2025,2007,2025,210,19,92,0,200,1588,2916,1.96879286694101,0,20261003-175015,4237598ec443fe56d60744856219d211,6c49e2a4c6b741a70851cb47ef9815bc,"season-block cluster, CR1, t(G-1)",team-match (120-minute matches count once),0.05,0.8,10,2026-10-03 17:50:35
net_yellow_fouls,Net yellow cards | fouls called,prematch,Pre-match adjusted,no_extra_time,rm_vs_barca,Real Madrid vs Barcelona,-0.428615258880589,0.190394185632869,18,2.10092204024104,0.0371056834010595,-0.828618599810427,-0.0286119179507511,-0.758770887098131,-0.0984596306630472,0.155881635139474,0.167678152630254,0.15695648779278,-4.28615258880589,-8.28618599810427,-0.286119179507511,0.564081769660197,5.64081769660197,28.6511485861198,7.58770887098131,38.5399043159406,4914,2457,20,2006,2025,2007,2025,210,19,92,0,200,1588,2916,1.96879286694101,0,20261003-175015,4237598ec443fe56d60744856219d211,6c49e2a4c6b741a70851cb47ef9815bc,"season-block cluster, CR1, t(G-1)",team-match (120-minute matches count once),0.05,0.8,10,2026-10-03 17:50:35
net_yellow_fouls,Net yellow cards | fouls called,prematch,Pre-match adjusted,no_extra_time,barca_vs_nonelite,Barcelona vs non-elite clubs,0.189515262397234,0.16502591102121,18,2.10092204024104,0.265837919438764,-0.157191311278083,0.536221836072551,-0.0966501640535511,0.475680688848019,0.145845387146778,0.153916073487867,0.140824722111492,1.89515262397234,-1.57191311278083,5.36221836072551,0.488923060434888,4.88923060434888,24.8336464767137,4.75680688848019,24.16103272393,4914,2457,20,2006,2025,2007,2025,210,19,92,0,200,1588,2916,1.96879286694101,0,20261003-175015,4237598ec443fe56d60744856219d211,6c49e2a4c6b741a70851cb47ef9815bc,"season-block cluster, CR1, t(G-1)",team-match (120-minute matches count once),0.05,0.8,10,2026-10-03 17:50:35
net_yellow_fouls,Net yellow cards | fouls called,prematch,Pre-match adjusted,no_extra_time,other_elite_vs_nonelite,Other elite clubs vs non-elite clubs,0.0190560182211814,0.0763047114779517,19,2.09302405440831,0.805471820721173,-0.140651578366857,0.17876361480922,-0.112884962069016,0.150996998511379,0.0718541355988244,0.0685657790635621,0.0670740798323308,0.190560182211814,-1.40651578366857,1.7876361480922,0.225374919103581,2.25374919103581,11.4473656872678,1.50996998511379,7.66952181952936,4914,2457,20,2006,2025,2007,2025,210,19,92,0,200,1588,2916,1.96879286694101,0,20261003-175015,4237598ec443fe56d60744856219d211,6c49e2a4c6b741a70851cb47ef9815bc,"season-block cluster, CR1, t(G-1)",team-match (120-minute matches count once),0.05,0.8,10,2026-10-03 17:50:35
net_yellow_fouls,Net yellow cards | fouls called,style,Style adjusted,no_extra_time,rm_vs_nonelite,Real Madrid vs non-elite clubs,-0.286897710757038,0.125351600607078,18,2.10092204024104,0.0344023722495728,-0.550251651251939,-0.0235437702621359,-0.504265359401028,-0.0695300621130471,0.128648607473303,0.119013941111269,0.126057374386113,-2.86897710757038,-5.50251651251939,-0.235437702621359,0.371379790118821,3.71379790118821,18.8633246470385,5.04265359401028,25.6129208850966,4914,2457,20,2006,2025,2007,2025,210,19,92,0,200,1588,2916,1.96879286694101,1,20261003-175015,4237598ec443fe56d60744856219d211,6c49e2a4c6b741a70851cb47ef9815bc,"season-block cluster, CR1, t(G-1)",team-match (120-minute matches count once),0.05,0.8,10,2026-10-03 17:50:35
net_yellow_fouls,Net yellow cards | fouls called,style,Style adjusted,no_extra_time,rm_vs_other_elite,Real Madrid vs other elite clubs,-0.294491568032391,0.0891700659133433,18,2.10092204024104,0.00395866827110111,-0.48183092483948,-0.107152211225302,-0.449118134132407,-0.139865001932375,0.108924405122254,0.105155969243334,0.112849289538657,-2.94491568032391,-4.8183092483948,-1.07152211225302,0.264184583231473,2.64184583231473,13.4186072932063,4.49118134132407,22.811852972132,4914,2457,20,2006,2025,2007,2025,210,19,92,0,200,1588,2916,1.96879286694101,1,20261003-175015,4237598ec443fe56d60744856219d211,6c49e2a4c6b741a70851cb47ef9815bc,"season-block cluster, CR1, t(G-1)",team-match (120-minute matches count once),0.05,0.8,10,2026-10-03 17:50:35
net_yellow_fouls,Net yellow cards | fouls called,style,Style adjusted,no_extra_time,rm_vs_barca,Real Madrid vs Barcelona,-0.491107980606217,0.192752972583277,18,2.10092204024104,0.020189804430252,-0.8960669490284,-0.0861490121840335,-0.825353895430226,-0.156862065782208,0.158498961099741,0.170104701448798,0.159620794116171,-4.91107980606217,-8.960669490284,-0.861490121840335,0.571070159105048,5.71070159105048,29.0061066704463,8.25353895430226,41.9218247530838,4914,2457,20,2006,2025,2007,2025,210,19,92,0,200,1588,2916,1.96879286694101,1,20261003-175015,4237598ec443fe56d60744856219d211,6c49e2a4c6b741a70851cb47ef9815bc,"season-block cluster, CR1, t(G-1)",team-match (120-minute matches count once),0.05,0.8,10,2026-10-03 17:50:35
net_yellow_fouls,Net yellow cards | fouls called,style,Style adjusted,no_extra_time,barca_vs_nonelite,Barcelona vs non-elite clubs,0.204210269849179,0.175382335153594,18,2.10092204024104,0.259474409501883,-0.164254343543947,0.572674883242305,-0.0999138547842677,0.508334394482626,0.149268143786101,0.161232582693981,0.143907690465494,2.04210269849179,-1.64254343543947,5.72674883242305,0.519606088031179,5.19606088031179,26.3921155321184,5.08334394482626,25.8195975319864,4914,2457,20,2006,2025,2007,2025,210,19,92,0,200,1588,2916,1.96879286694101,1,20261003-175015,4237598ec443fe56d60744856219d211,6c49e2a4c6b741a70851cb47ef9815bc,"season-block cluster, CR1, t(G-1)",team-match (120-minute matches count once),0.05,0.8,10,2026-10-03 17:50:35
net_yellow_fouls,Net yellow cards | fouls called,style,Style adjusted,no_extra_time,other_elite_vs_nonelite,Other elite clubs vs non-elite clubs,0.00759385727535354,0.0767697141815026,19,2.09302405440831,0.922240060932877,-0.153087001156582,0.168274715707289,-0.125151174447,0.140338888997707,0.0721554161029974,0.0683655990030995,0.0672983163139141,0.0759385727535354,-1.53087001156582,1.68274715707289,0.226748359152902,2.26748359152902,11.5171262025756,1.40338888997707,7.12816931400999,4914,2457,20,2006,2025,2007,2025,210,19,92,0,200,1588,2916,1.96879286694101,1,20261003-175015,4237598ec443fe56d60744856219d211,6c49e2a4c6b741a70851cb47ef9815bc,"season-block cluster, CR1, t(G-1)",team-match (120-minute matches count once),0.05,0.8,10,2026-10-03 17:50:35
net_yellow_fouls,Net yellow cards | fouls called,raw,Raw,all_outcome_rows,rm_vs_nonelite,Real Madrid vs non-elite clubs,0.0549801683257559,0.105953278499596,20,2.08596344726586,0.609518358429369,-0.166034497742382,0.275994834393894,-0.127759383999765,0.237719720651277,0.105132306864001,0.0977791022098484,0.103741514073661,0.549801683257559,-1.66034497742382,2.75994834393894,0.312085300858262,3.12085300858262,15.880771542811,2.37719720651277,12.096604884952,5470,2735,21,2005,2025,2005,2025,234,21,104,8,222,1769,3245,1.96517719568567,0,20261003-175015,4237598ec443fe56d60744856219d211,6c49e2a4c6b741a70851cb47ef9815bc,"season-block cluster, CR1, t(G-1)",team-match (120-minute matches count once),0.05,0.8,10,2026-10-03 17:50:35
net_yellow_fouls,Net yellow cards | fouls called,raw,Raw,all_outcome_rows,rm_vs_other_elite,Real Madrid vs other elite clubs,-0.188704569021221,0.0904698677325369,20,2.08596344726586,0.050013526473919,-0.37742140619027,1.22681478286479e-05,-0.344739600334158,-0.0326695377082838,0.109709325781669,0.100620750584148,0.106158010725219,-1.88704569021221,-3.7742140619027,0.000122681478286479,0.266478926275259,2.66478926275259,13.5600457231177,3.44739600334158,17.5424181132875,5470,2735,21,2005,2025,2005,2025,234,21,104,8,222,1769,3245,1.96517719568567,0,20261003-175015,4237598ec443fe56d60744856219d211,6c49e2a4c6b741a70851cb47ef9815bc,"season-block cluster, CR1, t(G-1)",team-match (120-minute matches count once),0.05,0.8,10,2026-10-03 17:50:35
net_yellow_fouls,Net yellow cards | fouls called,raw,Raw,all_outcome_rows,rm_vs_barca,Real Madrid vs Barcelona,-0.42189020292783,0.192101999795377,20,2.08596344726586,0.0400390893691451,-0.822607952647661,-0.0211724532079982,-0.753212026476482,-0.0905683793791773,0.148477333039745,0.17674876707262,0.148198772126356,-4.2189020292783,-8.22607952647661,-0.211724532079982,0.565836293605983,5.65836293605983,28.7931436843565,7.53212026476482,38.3279445807775,5470,2735,21,2005,2025,2005,2025,234,21,104,8,222,1769,3245,1.96517719568567,0,20261003-175015,4237598ec443fe56d60744856219d211,6c49e2a4c6b741a70851cb47ef9815bc,"season-block cluster, CR1, t(G-1)",team-match (120-minute matches count once),0.05,0.8,10,2026-10-03 17:50:35
net_yellow_fouls,Net yellow cards | fouls called,raw,Raw,all_outcome_rows,barca_vs_nonelite,Barcelona vs non-elite clubs,0.476870371253585,0.1618091832481,20,2.08596344726586,0.00796839269985463,0.139342329566105,0.814398412941065,0.197795121033475,0.755945621473696,0.114487462103536,0.155232354577976,0.114235628522793,4.76870371253585,1.39342329566105,8.14398412941065,0.47660882561369,4.7660882561369,24.2527150559264,7.55945621473696,38.4670462863751,5470,2735,21,2005,2025,2005,2025,234,21,104,8,222,1769,3245,1.96517719568567,0,20261003-175015,4237598ec443fe56d60744856219d211,6c49e2a4c6b741a70851cb47ef9815bc,"season-block cluster, CR1, t(G-1)",team-match (120-minute matches count once),0.05,0.8,10,2026-10-03 17:50:35
net_yellow_fouls,Net yellow cards | fouls called,raw,Raw,all_outcome_rows,other_elite_vs_nonelite,Other elite clubs vs non-elite clubs,0.243684737346977,0.047683291912988,20,2.08596344726586,5.33428521542622e-05,0.144219133371176,0.343150341322778,0.161444493902129,0.325924980791824,0.0459921716914176,0.050139861067391,0.0456336546278781,2.43684737346977,1.44219133371176,3.43150341322778,0.140451099893373,1.40451099893373,7.14699418463221,3.25924980791824,16.5850174481648,5470,2735,21,2005,2025,2005,2025,234,21,104,8,222,1769,3245,1.96517719568567,0,20261003-175015,4237598ec443fe56d60744856219d211,6c49e2a4c6b741a70851cb47ef9815bc,"season-block cluster, CR1, t(G-1)",team-match (120-minute matches count once),0.05,0.8,10,2026-10-03 17:50:35
net_yellow_fouls,Net yellow cards | fouls called,prematch,Pre-match adjusted,all_outcome_rows,rm_vs_nonelite,Real Madrid vs non-elite clubs,-0.279770892765712,0.109833876115005,20,2.08596344726586,0.0191909932932364,-0.50888034361314,-0.0506614419182839,-0.469203382591963,-0.0903384029394608,0.122958535517643,0.112256483427321,0.120430192812807,-2.79770892765712,-5.0888034361314,-0.506614419182839,0.323515598169159,3.23515598169159,16.46241361234,4.69203382591963,23.8758817078708,5470,2735,21,2005,2025,2005,2025,234,21,104,8,222,1769,3245,1.96517719568567,0,20261003-175015,4237598ec443fe56d60744856219d211,6c49e2a4c6b741a70851cb47ef9815bc,"season-block cluster, CR1, t(G-1)",team-match (120-minute matches count once),0.05,0.8,10,2026-10-03 17:50:35
net_yellow_fouls,Net yellow cards | fouls called,prematch,Pre-match adjusted,all_outcome_rows,rm_vs_other_elite,Real Madrid vs other elite clubs,-0.256938137556444,0.0841942205387041,20,2.08596344726586,0.0062966484579288,-0.432564204071222,-0.0813120710416662,-0.402149445668043,-0.111726829444845,0.105223483423095,0.100781767137605,0.108380144138926,-2.56938137556444,-4.32564204071222,-0.813120710416662,0.247994012261248,2.47994012261248,12.6194224523718,4.02149445668043,20.4637753048894,5470,2735,21,2005,2025,2005,2025,234,21,104,8,222,1769,3245,1.96517719568567,0,20261003-175015,4237598ec443fe56d60744856219d211,6c49e2a4c6b741a70851cb47ef9815bc,"season-block cluster, CR1, t(G-1)",team-match (120-minute matches count once),0.05,0.8,10,2026-10-03 17:50:35
net_yellow_fouls,Net yellow cards | fouls called,prematch,Pre-match adjusted,all_outcome_rows,rm_vs_barca,Real Madrid vs Barcelona,-0.423903250972273,0.189562302180119,20,2.08596344726586,0.0368932444922337,-0.819323284299567,-0.0284832176449791,-0.750844811712387,-0.0969616902321595,0.149738150903686,0.174342762641006,0.150796110179988,-4.23903250972273,-8.19323284299567,-0.284832176449791,0.558355616220903,5.58355616220903,28.4124819607469,7.50844811712387,38.2074864984584,5470,2735,21,2005,2025,2005,2025,234,21,104,8,222,1769,3245,1.96517719568567,0,20261003-175015,4237598ec443fe56d60744856219d211,6c49e2a4c6b741a70851cb47ef9815bc,"season-block cluster, CR1, t(G-1)",team-match (120-minute matches count once),0.05,0.8,10,2026-10-03 17:50:35
net_yellow_fouls,Net yellow cards | fouls called,prematch,Pre-match adjusted,all_outcome_rows,barca_vs_nonelite,Barcelona vs non-elite clubs,0.144132358206561,0.175817266800369,20,2.08596344726586,0.422001398397361,-0.222616033737198,0.510880750150321,-0.159102889264506,0.447367605677628,0.138610785225724,0.168084071760768,0.13392869114741,1.44132358206561,-2.22616033737198,5.10880750150321,0.517869625012873,5.17869625012873,26.3523119518076,4.47367605677628,22.7647464391392,5470,2735,21,2005,2025,2005,2025,234,21,104,8,222,1769,3245,1.96517719568567,0,20261003-175015,4237598ec443fe56d60744856219d211,6c49e2a4c6b741a70851cb47ef9815bc,"season-block cluster, CR1, t(G-1)",team-match (120-minute matches count once),0.05,0.8,10,2026-10-03 17:50:35
net_yellow_fouls,Net yellow cards | fouls called,prematch,Pre-match adjusted,all_outcome_rows,other_elite_vs_nonelite,Other elite clubs vs non-elite clubs,-0.0228327552092679,0.0779639736252776,20,2.08596344726586,0.772643858680654,-0.185462754395197,0.139797243976661,-0.157298642811379,0.111633132392843,0.0689616593865731,0.0666673753460366,0.0641875595306803,-0.228327552092679,-1.85462754395197,1.39797243976661,0.229642824738482,2.29642824738482,11.685603987398,1.57298642811379,8.00429819543556,5470,2735,21,2005,2025,2005,2025,234,21,104,8,222,1769,3245,1.96517719568567,0,20261003-175015,4237598ec443fe56d60744856219d211,6c49e2a4c6b741a70851cb47ef9815bc,"season-block cluster, CR1, t(G-1)",team-match (120-minute matches count once),0.05,0.8,10,2026-10-03 17:50:35
