outcome,spec,contrast,dropped_season_start,dropped_season,n_rm_matches_dropped,estimate,se,df,ci95_low,ci95_high,p_value,estimate_per10,ci95_low_per10,ci95_high_per10,full_estimate_per10,full_ci95_low_per10,full_ci95_high_per10,delta_per10,n_rm_matches,n_seasons,loso_min_per10,loso_max_per10,loso_range_per10,loso_max_abs_delta_per10,loso_sign_changes,loso_all_ci_cover_zero,loso_none_ci_cover_zero,main_spec,run_id,input_md5,script_md5,inference_primary,unit,alpha,power,per_games,generated
net_yellow,prematch,rm_vs_nonelite,2007,2007/08,8,-0.200050639482597,0.162676734233519,17,-0.543268547519525,0.143167268554331,0.235541396736718,-2.00050639482597,-5.43268547519525,1.43167268554331,-1.91130494397518,-5.16582834019961,1.34321845224925,-0.0892014508507921,210,18,-2.6054990895319,-1.27061626224787,1.33488282728403,0.694194145556717,0,1,0,0,20261003-175015,4237598ec443fe56d60744856219d211,6c49e2a4c6b741a70851cb47ef9815bc,"season-block cluster, CR1, t(G-1)",team-match (120-minute matches count once),0.05,0.8,10,2026-10-03 17:50:35
net_yellow,prematch,rm_vs_other_elite,2007,2007/08,8,-0.17265102364011,0.11833479080621,17,-0.422315608682698,0.0770135614024779,0.162794096757832,-1.7265102364011,-4.22315608682698,0.770135614024779,-1.62911714178136,-4.07321971268948,0.814985429126768,-0.0973930946197443,210,18,-2.28889733295064,-1.03047855659874,1.25841877635189,0.65978019116928,0,0,0,0,20261003-175015,4237598ec443fe56d60744856219d211,6c49e2a4c6b741a70851cb47ef9815bc,"season-block cluster, CR1, t(G-1)",team-match (120-minute matches count once),0.05,0.8,10,2026-10-03 17:50:35
net_yellow,prematch,rm_vs_nonelite,2008,2008/09,8,-0.246394403012528,0.15366772952247,17,-0.570604972569311,0.0778161665442549,0.127257304384814,-2.46394403012528,-5.70604972569311,0.778161665442549,-1.91130494397518,-5.16582834019961,1.34321845224925,-0.552639086150101,210,18,-2.6054990895319,-1.27061626224787,1.33488282728403,0.694194145556717,0,1,0,0,20261003-175015,4237598ec443fe56d60744856219d211,6c49e2a4c6b741a70851cb47ef9815bc,"season-block cluster, CR1, t(G-1)",team-match (120-minute matches count once),0.05,0.8,10,2026-10-03 17:50:35
net_yellow,prematch,rm_vs_other_elite,2008,2008/09,8,-0.190170985790939,0.118207096148543,17,-0.439566158655575,0.0592241870736969,0.126072936877523,-1.90170985790939,-4.39566158655575,0.592241870736969,-1.62911714178136,-4.07321971268948,0.814985429126768,-0.272592716128032,210,18,-2.28889733295064,-1.03047855659874,1.25841877635189,0.65978019116928,0,0,0,0,20261003-175015,4237598ec443fe56d60744856219d211,6c49e2a4c6b741a70851cb47ef9815bc,"season-block cluster, CR1, t(G-1)",team-match (120-minute matches count once),0.05,0.8,10,2026-10-03 17:50:35
net_yellow,prematch,rm_vs_nonelite,2009,2009/10,8,-0.127061626224787,0.148963015909147,17,-0.441346117710937,0.187222865261364,0.405531556599751,-1.27061626224787,-4.41346117710937,1.87222865261364,-1.91130494397518,-5.16582834019961,1.34321845224925,0.640688681727312,210,18,-2.6054990895319,-1.27061626224787,1.33488282728403,0.694194145556717,0,1,0,0,20261003-175015,4237598ec443fe56d60744856219d211,6c49e2a4c6b741a70851cb47ef9815bc,"season-block cluster, CR1, t(G-1)",team-match (120-minute matches count once),0.05,0.8,10,2026-10-03 17:50:35
net_yellow,prematch,rm_vs_other_elite,2009,2009/10,8,-0.129626475519057,0.114977918548367,17,-0.372208679179252,0.112955728141139,0.275233824770783,-1.29626475519057,-3.72208679179252,1.12955728141139,-1.62911714178136,-4.07321971268948,0.814985429126768,0.332852386590787,210,18,-2.28889733295064,-1.03047855659874,1.25841877635189,0.65978019116928,0,0,0,0,20261003-175015,4237598ec443fe56d60744856219d211,6c49e2a4c6b741a70851cb47ef9815bc,"season-block cluster, CR1, t(G-1)",team-match (120-minute matches count once),0.05,0.8,10,2026-10-03 17:50:35
net_yellow,prematch,rm_vs_nonelite,2010,2010/11,12,-0.139042455122975,0.149774890685308,17,-0.455039852659121,0.17695494241317,0.366224198424288,-1.39042455122975,-4.55039852659121,1.7695494241317,-1.91130494397518,-5.16582834019961,1.34321845224925,0.520880392745427,206,18,-2.6054990895319,-1.27061626224787,1.33488282728403,0.694194145556717,0,1,0,0,20261003-175015,4237598ec443fe56d60744856219d211,6c49e2a4c6b741a70851cb47ef9815bc,"season-block cluster, CR1, t(G-1)",team-match (120-minute matches count once),0.05,0.8,10,2026-10-03 17:50:35
net_yellow,prematch,rm_vs_other_elite,2010,2010/11,12,-0.14744006246881,0.120114688884516,17,-0.400859904203965,0.105979779266345,0.236363840194039,-1.4744006246881,-4.00859904203965,1.05979779266345,-1.62911714178136,-4.07321971268948,0.814985429126768,0.154716517093257,206,18,-2.28889733295064,-1.03047855659874,1.25841877635189,0.65978019116928,0,0,0,0,20261003-175015,4237598ec443fe56d60744856219d211,6c49e2a4c6b741a70851cb47ef9815bc,"season-block cluster, CR1, t(G-1)",team-match (120-minute matches count once),0.05,0.8,10,2026-10-03 17:50:35
net_yellow,prematch,rm_vs_nonelite,2011,2011/12,12,-0.202457794489154,0.160905089536387,17,-0.541937858945689,0.13702226996738,0.225311250758641,-2.02457794489154,-5.41937858945689,1.3702226996738,-1.91130494397518,-5.16582834019961,1.34321845224925,-0.113273000916367,206,18,-2.6054990895319,-1.27061626224787,1.33488282728403,0.694194145556717,0,1,0,0,20261003-175015,4237598ec443fe56d60744856219d211,6c49e2a4c6b741a70851cb47ef9815bc,"season-block cluster, CR1, t(G-1)",team-match (120-minute matches count once),0.05,0.8,10,2026-10-03 17:50:35
net_yellow,prematch,rm_vs_other_elite,2011,2011/12,12,-0.149206996841785,0.120530811991109,17,-0.403504781589526,0.105090787905956,0.232571875895637,-1.49206996841785,-4.03504781589526,1.05090787905956,-1.62911714178136,-4.07321971268948,0.814985429126768,0.137047173363505,206,18,-2.28889733295064,-1.03047855659874,1.25841877635189,0.65978019116928,0,0,0,0,20261003-175015,4237598ec443fe56d60744856219d211,6c49e2a4c6b741a70851cb47ef9815bc,"season-block cluster, CR1, t(G-1)",team-match (120-minute matches count once),0.05,0.8,10,2026-10-03 17:50:35
net_yellow,prematch,rm_vs_nonelite,2012,2012/13,12,-0.19456825144937,0.160545848351238,17,-0.533290383257277,0.144153880358536,0.242120105385116,-1.9456825144937,-5.33290383257277,1.44153880358536,-1.91130494397518,-5.16582834019961,1.34321845224925,-0.0343775705185262,206,18,-2.6054990895319,-1.27061626224787,1.33488282728403,0.694194145556717,0,1,0,0,20261003-175015,4237598ec443fe56d60744856219d211,6c49e2a4c6b741a70851cb47ef9815bc,"season-block cluster, CR1, t(G-1)",team-match (120-minute matches count once),0.05,0.8,10,2026-10-03 17:50:35
net_yellow,prematch,rm_vs_other_elite,2012,2012/13,12,-0.189382940709128,0.118334192871035,17,-0.439046264218771,0.0602803828005144,0.127926306969307,-1.89382940709128,-4.39046264218771,0.602803828005144,-1.62911714178136,-4.07321971268948,0.814985429126768,-0.264712265309926,206,18,-2.28889733295064,-1.03047855659874,1.25841877635189,0.65978019116928,0,0,0,0,20261003-175015,4237598ec443fe56d60744856219d211,6c49e2a4c6b741a70851cb47ef9815bc,"season-block cluster, CR1, t(G-1)",team-match (120-minute matches count once),0.05,0.8,10,2026-10-03 17:50:35
net_yellow,prematch,rm_vs_nonelite,2013,2013/14,13,-0.194176188670333,0.164059789925763,17,-0.540312089151769,0.151959711811104,0.252870324242518,-1.94176188670333,-5.40312089151769,1.51959711811104,-1.91130494397518,-5.16582834019961,1.34321845224925,-0.0304569427281498,205,18,-2.6054990895319,-1.27061626224787,1.33488282728403,0.694194145556717,0,1,0,0,20261003-175015,4237598ec443fe56d60744856219d211,6c49e2a4c6b741a70851cb47ef9815bc,"season-block cluster, CR1, t(G-1)",team-match (120-minute matches count once),0.05,0.8,10,2026-10-03 17:50:35
net_yellow,prematch,rm_vs_other_elite,2013,2013/14,13,-0.172829186073337,0.125538060637836,17,-0.437691342018027,0.0920329698713534,0.186464637908363,-1.72829186073337,-4.37691342018027,0.920329698713534,-1.62911714178136,-4.07321971268948,0.814985429126768,-0.0991747189520115,205,18,-2.28889733295064,-1.03047855659874,1.25841877635189,0.65978019116928,0,0,0,0,20261003-175015,4237598ec443fe56d60744856219d211,6c49e2a4c6b741a70851cb47ef9815bc,"season-block cluster, CR1, t(G-1)",team-match (120-minute matches count once),0.05,0.8,10,2026-10-03 17:50:35
net_yellow,prematch,rm_vs_nonelite,2014,2014/15,12,-0.195592133468272,0.161568883777463,17,-0.536472681355104,0.145288414418559,0.242618994113153,-1.95592133468272,-5.36472681355104,1.45288414418559,-1.91130494397518,-5.16582834019961,1.34321845224925,-0.0446163907075456,206,18,-2.6054990895319,-1.27061626224787,1.33488282728403,0.694194145556717,0,1,0,0,20261003-175015,4237598ec443fe56d60744856219d211,6c49e2a4c6b741a70851cb47ef9815bc,"season-block cluster, CR1, t(G-1)",team-match (120-minute matches count once),0.05,0.8,10,2026-10-03 17:50:35
net_yellow,prematch,rm_vs_other_elite,2014,2014/15,12,-0.178919111429429,0.12127369043997,17,-0.434784232701012,0.0769460098421541,0.158403706757113,-1.78919111429429,-4.34784232701012,0.769460098421541,-1.62911714178136,-4.07321971268948,0.814985429126768,-0.160073972512935,206,18,-2.28889733295064,-1.03047855659874,1.25841877635189,0.65978019116928,0,0,0,0,20261003-175015,4237598ec443fe56d60744856219d211,6c49e2a4c6b741a70851cb47ef9815bc,"season-block cluster, CR1, t(G-1)",team-match (120-minute matches count once),0.05,0.8,10,2026-10-03 17:50:35
net_yellow,prematch,rm_vs_nonelite,2015,2015/16,13,-0.185715089068859,0.168062964090855,17,-0.540296948764585,0.168866770626868,0.284540141548075,-1.85715089068859,-5.40296948764585,1.68866770626868,-1.91130494397518,-5.16582834019961,1.34321845224925,0.0541540532865897,205,18,-2.6054990895319,-1.27061626224787,1.33488282728403,0.694194145556717,0,1,0,0,20261003-175015,4237598ec443fe56d60744856219d211,6c49e2a4c6b741a70851cb47ef9815bc,"season-block cluster, CR1, t(G-1)",team-match (120-minute matches count once),0.05,0.8,10,2026-10-03 17:50:35
net_yellow,prematch,rm_vs_other_elite,2015,2015/16,13,-0.147519234940799,0.125242275920534,17,-0.411757339681239,0.116718869799641,0.255074614998333,-1.47519234940799,-4.11757339681239,1.16718869799641,-1.62911714178136,-4.07321971268948,0.814985429126768,0.153924792373371,205,18,-2.28889733295064,-1.03047855659874,1.25841877635189,0.65978019116928,0,0,0,0,20261003-175015,4237598ec443fe56d60744856219d211,6c49e2a4c6b741a70851cb47ef9815bc,"season-block cluster, CR1, t(G-1)",team-match (120-minute matches count once),0.05,0.8,10,2026-10-03 17:50:35
net_yellow,prematch,rm_vs_nonelite,2016,2016/17,13,-0.26054990895319,0.144521939070133,17,-0.565464547342033,0.0443647294356534,0.0891686960909899,-2.6054990895319,-5.65464547342033,0.443647294356534,-1.91130494397518,-5.16582834019961,1.34321845224925,-0.694194145556717,205,18,-2.6054990895319,-1.27061626224787,1.33488282728403,0.694194145556717,0,1,0,0,20261003-175015,4237598ec443fe56d60744856219d211,6c49e2a4c6b741a70851cb47ef9815bc,"season-block cluster, CR1, t(G-1)",team-match (120-minute matches count once),0.05,0.8,10,2026-10-03 17:50:35
net_yellow,prematch,rm_vs_other_elite,2016,2016/17,13,-0.228889733295064,0.103654856650559,17,-0.447582364574493,-0.0101971020156341,0.0412540877446809,-2.28889733295064,-4.47582364574493,-0.101971020156341,-1.62911714178136,-4.07321971268948,0.814985429126768,-0.65978019116928,205,18,-2.28889733295064,-1.03047855659874,1.25841877635189,0.65978019116928,0,0,0,0,20261003-175015,4237598ec443fe56d60744856219d211,6c49e2a4c6b741a70851cb47ef9815bc,"season-block cluster, CR1, t(G-1)",team-match (120-minute matches count once),0.05,0.8,10,2026-10-03 17:50:35
net_yellow,prematch,rm_vs_nonelite,2017,2017/18,13,-0.21747473456124,0.164659203168579,17,-0.56487528643993,0.12992581731745,0.204087213799329,-2.1747473456124,-5.6487528643993,1.2992581731745,-1.91130494397518,-5.16582834019961,1.34321845224925,-0.263442401637224,205,18,-2.6054990895319,-1.27061626224787,1.33488282728403,0.694194145556717,0,1,0,0,20261003-175015,4237598ec443fe56d60744856219d211,6c49e2a4c6b741a70851cb47ef9815bc,"season-block cluster, CR1, t(G-1)",team-match (120-minute matches count once),0.05,0.8,10,2026-10-03 17:50:35
net_yellow,prematch,rm_vs_other_elite,2017,2017/18,13,-0.177971669567003,0.124249626411965,17,-0.440115466910938,0.0841721277769308,0.170169296126299,-1.77971669567003,-4.40115466910938,0.841721277769308,-1.62911714178136,-4.07321971268948,0.814985429126768,-0.150599553888678,205,18,-2.28889733295064,-1.03047855659874,1.25841877635189,0.65978019116928,0,0,0,0,20261003-175015,4237598ec443fe56d60744856219d211,6c49e2a4c6b741a70851cb47ef9815bc,"season-block cluster, CR1, t(G-1)",team-match (120-minute matches count once),0.05,0.8,10,2026-10-03 17:50:35
net_yellow,prematch,rm_vs_nonelite,2018,2018/19,8,-0.178893380903107,0.162308047029565,17,-0.521333426933786,0.163546665127572,0.28574162863415,-1.78893380903107,-5.21333426933786,1.63546665127572,-1.91130494397518,-5.16582834019961,1.34321845224925,0.122371134944106,210,18,-2.6054990895319,-1.27061626224787,1.33488282728403,0.694194145556717,0,1,0,0,20261003-175015,4237598ec443fe56d60744856219d211,6c49e2a4c6b741a70851cb47ef9815bc,"season-block cluster, CR1, t(G-1)",team-match (120-minute matches count once),0.05,0.8,10,2026-10-03 17:50:35
net_yellow,prematch,rm_vs_other_elite,2018,2018/19,8,-0.132526333097433,0.116316694759052,17,-0.377933107662163,0.112880441467298,0.270354341562043,-1.32526333097433,-3.77933107662163,1.12880441467298,-1.62911714178136,-4.07321971268948,0.814985429126768,0.30385381080703,210,18,-2.28889733295064,-1.03047855659874,1.25841877635189,0.65978019116928,0,0,0,0,20261003-175015,4237598ec443fe56d60744856219d211,6c49e2a4c6b741a70851cb47ef9815bc,"season-block cluster, CR1, t(G-1)",team-match (120-minute matches count once),0.05,0.8,10,2026-10-03 17:50:35
net_yellow,prematch,rm_vs_nonelite,2019,2019/20,8,-0.228704477477247,0.16400852360726,17,-0.574732215481288,0.117323260526793,0.181134048029202,-2.28704477477247,-5.74732215481288,1.17323260526793,-1.91130494397518,-5.16582834019961,1.34321845224925,-0.375739830797296,210,18,-2.6054990895319,-1.27061626224787,1.33488282728403,0.694194145556717,0,1,0,0,20261003-175015,4237598ec443fe56d60744856219d211,6c49e2a4c6b741a70851cb47ef9815bc,"season-block cluster, CR1, t(G-1)",team-match (120-minute matches count once),0.05,0.8,10,2026-10-03 17:50:35
net_yellow,prematch,rm_vs_other_elite,2019,2019/20,8,-0.177438765185732,0.125488170774417,17,-0.442195662719405,0.0873181323479411,0.175417716685506,-1.77438765185732,-4.42195662719405,0.873181323479411,-1.62911714178136,-4.07321971268948,0.814985429126768,-0.145270510075963,210,18,-2.28889733295064,-1.03047855659874,1.25841877635189,0.65978019116928,0,0,0,0,20261003-175015,4237598ec443fe56d60744856219d211,6c49e2a4c6b741a70851cb47ef9815bc,"season-block cluster, CR1, t(G-1)",team-match (120-minute matches count once),0.05,0.8,10,2026-10-03 17:50:35
net_yellow,prematch,rm_vs_nonelite,2020,2020/21,12,-0.168432684442564,0.166709396435005,17,-0.520158766012326,0.183293397127199,0.326498913997312,-1.68432684442564,-5.20158766012326,1.83293397127199,-1.91130494397518,-5.16582834019961,1.34321845224925,0.226978099549541,206,18,-2.6054990895319,-1.27061626224787,1.33488282728403,0.694194145556717,0,1,0,0,20261003-175015,4237598ec443fe56d60744856219d211,6c49e2a4c6b741a70851cb47ef9815bc,"season-block cluster, CR1, t(G-1)",team-match (120-minute matches count once),0.05,0.8,10,2026-10-03 17:50:35
net_yellow,prematch,rm_vs_other_elite,2020,2020/21,12,-0.140611076899995,0.124675295008612,17,-0.403652956480129,0.122430802680139,0.275063318284611,-1.40611076899995,-4.03652956480129,1.22430802680139,-1.62911714178136,-4.07321971268948,0.814985429126768,0.223006372781403,206,18,-2.28889733295064,-1.03047855659874,1.25841877635189,0.65978019116928,0,0,0,0,20261003-175015,4237598ec443fe56d60744856219d211,6c49e2a4c6b741a70851cb47ef9815bc,"season-block cluster, CR1, t(G-1)",team-match (120-minute matches count once),0.05,0.8,10,2026-10-03 17:50:35
net_yellow,prematch,rm_vs_nonelite,2021,2021/22,13,-0.21475088837593,0.162571123271325,17,-0.557745976759631,0.128244200007771,0.204018960858319,-2.1475088837593,-5.57745976759631,1.28244200007771,-1.91130494397518,-5.16582834019961,1.34321845224925,-0.236203939784124,205,18,-2.6054990895319,-1.27061626224787,1.33488282728403,0.694194145556717,0,1,0,0,20261003-175015,4237598ec443fe56d60744856219d211,6c49e2a4c6b741a70851cb47ef9815bc,"season-block cluster, CR1, t(G-1)",team-match (120-minute matches count once),0.05,0.8,10,2026-10-03 17:50:35
net_yellow,prematch,rm_vs_other_elite,2021,2021/22,13,-0.171627516841116,0.123059148404934,17,-0.431259625140748,0.0880045914585167,0.181072362594294,-1.71627516841116,-4.31259625140748,0.880045914585167,-1.62911714178136,-4.07321971268948,0.814985429126768,-0.0871580266298028,205,18,-2.28889733295064,-1.03047855659874,1.25841877635189,0.65978019116928,0,0,0,0,20261003-175015,4237598ec443fe56d60744856219d211,6c49e2a4c6b741a70851cb47ef9815bc,"season-block cluster, CR1, t(G-1)",team-match (120-minute matches count once),0.05,0.8,10,2026-10-03 17:50:35
net_yellow,prematch,rm_vs_nonelite,2022,2022/23,12,-0.23230278172313,0.159455520479574,17,-0.568724522802454,0.104118959356195,0.163380860098288,-2.3230278172313,-5.68724522802454,1.04118959356195,-1.91130494397518,-5.16582834019961,1.34321845224925,-0.411722873256118,206,18,-2.6054990895319,-1.27061626224787,1.33488282728403,0.694194145556717,0,1,0,0,20261003-175015,4237598ec443fe56d60744856219d211,6c49e2a4c6b741a70851cb47ef9815bc,"season-block cluster, CR1, t(G-1)",team-match (120-minute matches count once),0.05,0.8,10,2026-10-03 17:50:35
net_yellow,prematch,rm_vs_other_elite,2022,2022/23,12,-0.18930971309718,0.121702774091677,17,-0.446080121741329,0.0674606955469693,0.138244159836202,-1.8930971309718,-4.46080121741329,0.674606955469693,-1.62911714178136,-4.07321971268948,0.814985429126768,-0.263979989190444,206,18,-2.28889733295064,-1.03047855659874,1.25841877635189,0.65978019116928,0,0,0,0,20261003-175015,4237598ec443fe56d60744856219d211,6c49e2a4c6b741a70851cb47ef9815bc,"season-block cluster, CR1, t(G-1)",team-match (120-minute matches count once),0.05,0.8,10,2026-10-03 17:50:35
net_yellow,prematch,rm_vs_nonelite,2023,2023/24,13,-0.152499638071903,0.158815304900887,17,-0.487570642350141,0.182571366206336,0.350397574421463,-1.52499638071903,-4.87570642350141,1.82571366206336,-1.91130494397518,-5.16582834019961,1.34321845224925,0.386308563256151,205,18,-2.6054990895319,-1.27061626224787,1.33488282728403,0.694194145556717,0,1,0,0,20261003-175015,4237598ec443fe56d60744856219d211,6c49e2a4c6b741a70851cb47ef9815bc,"season-block cluster, CR1, t(G-1)",team-match (120-minute matches count once),0.05,0.8,10,2026-10-03 17:50:35
net_yellow,prematch,rm_vs_other_elite,2023,2023/24,13,-0.151979873341029,0.124253403383616,17,-0.414131639398588,0.11017189271653,0.237960421288369,-1.51979873341029,-4.14131639398588,1.1017189271653,-1.62911714178136,-4.07321971268948,0.814985429126768,0.109318408371065,205,18,-2.28889733295064,-1.03047855659874,1.25841877635189,0.65978019116928,0,0,0,0,20261003-175015,4237598ec443fe56d60744856219d211,6c49e2a4c6b741a70851cb47ef9815bc,"season-block cluster, CR1, t(G-1)",team-match (120-minute matches count once),0.05,0.8,10,2026-10-03 17:50:35
net_yellow,prematch,rm_vs_nonelite,2024,2024/25,14,-0.130697200670491,0.152122926903129,17,-0.451648521596313,0.19025412025533,0.402207714187037,-1.30697200670491,-4.51648521596313,1.9025412025533,-1.91130494397518,-5.16582834019961,1.34321845224925,0.604332937270265,204,18,-2.6054990895319,-1.27061626224787,1.33488282728403,0.694194145556717,0,1,0,0,20261003-175015,4237598ec443fe56d60744856219d211,6c49e2a4c6b741a70851cb47ef9815bc,"season-block cluster, CR1, t(G-1)",team-match (120-minute matches count once),0.05,0.8,10,2026-10-03 17:50:35
net_yellow,prematch,rm_vs_other_elite,2024,2024/25,14,-0.103047855659874,0.104561616621729,17,-0.323653583251832,0.117557871932083,0.338187071899307,-1.03047855659874,-3.23653583251832,1.17557871932083,-1.62911714178136,-4.07321971268948,0.814985429126768,0.598638585182612,204,18,-2.28889733295064,-1.03047855659874,1.25841877635189,0.65978019116928,0,0,0,0,20261003-175015,4237598ec443fe56d60744856219d211,6c49e2a4c6b741a70851cb47ef9815bc,"season-block cluster, CR1, t(G-1)",team-match (120-minute matches count once),0.05,0.8,10,2026-10-03 17:50:35
net_yellow,prematch,rm_vs_nonelite,2025,2025/26,14,-0.159277026006879,0.162183653452603,17,-0.501454624531101,0.182900572517344,0.339832465625865,-1.59277026006879,-5.01454624531101,1.82900572517344,-1.91130494397518,-5.16582834019961,1.34321845224925,0.318534683906393,204,18,-2.6054990895319,-1.27061626224787,1.33488282728403,0.694194145556717,0,1,0,0,20261003-175015,4237598ec443fe56d60744856219d211,6c49e2a4c6b741a70851cb47ef9815bc,"season-block cluster, CR1, t(G-1)",team-match (120-minute matches count once),0.05,0.8,10,2026-10-03 17:50:35
net_yellow,prematch,rm_vs_other_elite,2025,2025/26,14,-0.140600496057059,0.121521814001171,17,-0.396989112283291,0.115788120169174,0.263272695150582,-1.40600496057059,-3.96989112283291,1.15788120169174,-1.62911714178136,-4.07321971268948,0.814985429126768,0.223112181210771,204,18,-2.28889733295064,-1.03047855659874,1.25841877635189,0.65978019116928,0,0,0,0,20261003-175015,4237598ec443fe56d60744856219d211,6c49e2a4c6b741a70851cb47ef9815bc,"season-block cluster, CR1, t(G-1)",team-match (120-minute matches count once),0.05,0.8,10,2026-10-03 17:50:35
net_yellow,style,rm_vs_nonelite,2007,2007/08,8,-0.2469308842325,0.163610098700493,17,-0.592118019161647,0.0982562506966469,0.149592701729585,-2.469308842325,-5.92118019161647,0.982562506966469,-2.393592460304,-5.65580138217121,0.868616461563202,-0.0757163820209969,210,18,-3.13002208336335,-1.68796572904219,1.44205635432116,0.736429623059345,0,0,0,1,20261003-175015,4237598ec443fe56d60744856219d211,6c49e2a4c6b741a70851cb47ef9815bc,"season-block cluster, CR1, t(G-1)",team-match (120-minute matches count once),0.05,0.8,10,2026-10-03 17:50:35
net_yellow,style,rm_vs_other_elite,2007,2007/08,8,-0.206280060561796,0.115857836071238,17,-0.450718727918953,0.0381586067953601,0.0928789551827273,-2.06280060561796,-4.50718727918953,0.381586067953601,-1.95131872292414,-4.34927690328971,0.446639457441439,-0.111481882693826,210,18,-2.65514058939555,-1.40346055204376,1.25168003735179,0.703821866471412,0,0,0,1,20261003-175015,4237598ec443fe56d60744856219d211,6c49e2a4c6b741a70851cb47ef9815bc,"season-block cluster, CR1, t(G-1)",team-match (120-minute matches count once),0.05,0.8,10,2026-10-03 17:50:35
net_yellow,style,rm_vs_nonelite,2008,2008/09,8,-0.292309994005203,0.156520232459348,17,-0.622538818694027,0.0379188306836215,0.0791634903417559,-2.92309994005203,-6.22538818694027,0.379188306836215,-2.393592460304,-5.65580138217121,0.868616461563202,-0.529507479748024,210,18,-3.13002208336335,-1.68796572904219,1.44205635432116,0.736429623059345,0,0,0,1,20261003-175015,4237598ec443fe56d60744856219d211,6c49e2a4c6b741a70851cb47ef9815bc,"season-block cluster, CR1, t(G-1)",team-match (120-minute matches count once),0.05,0.8,10,2026-10-03 17:50:35
net_yellow,style,rm_vs_other_elite,2008,2008/09,8,-0.21613005627527,0.119078510247924,17,-0.467363752181524,0.035103639630984,0.0872044517827405,-2.1613005627527,-4.67363752181524,0.35103639630984,-1.95131872292414,-4.34927690328971,0.446639457441439,-0.209981839828563,210,18,-2.65514058939555,-1.40346055204376,1.25168003735179,0.703821866471412,0,0,0,1,20261003-175015,4237598ec443fe56d60744856219d211,6c49e2a4c6b741a70851cb47ef9815bc,"season-block cluster, CR1, t(G-1)",team-match (120-minute matches count once),0.05,0.8,10,2026-10-03 17:50:35
net_yellow,style,rm_vs_nonelite,2009,2009/10,8,-0.168796572904219,0.145461289766079,17,-0.475693068024419,0.138099922215981,0.2619141906455,-1.68796572904219,-4.75693068024419,1.38099922215981,-2.393592460304,-5.65580138217121,0.868616461563202,0.705626731261811,210,18,-3.13002208336335,-1.68796572904219,1.44205635432116,0.736429623059345,0,0,0,1,20261003-175015,4237598ec443fe56d60744856219d211,6c49e2a4c6b741a70851cb47ef9815bc,"season-block cluster, CR1, t(G-1)",team-match (120-minute matches count once),0.05,0.8,10,2026-10-03 17:50:35
net_yellow,style,rm_vs_other_elite,2009,2009/10,8,-0.158829045500415,0.111110215296691,17,-0.393251108589786,0.0755930175889563,0.1709883001767,-1.58829045500415,-3.93251108589786,0.755930175889563,-1.95131872292414,-4.34927690328971,0.446639457441439,0.363028267919988,210,18,-2.65514058939555,-1.40346055204376,1.25168003735179,0.703821866471412,0,0,0,1,20261003-175015,4237598ec443fe56d60744856219d211,6c49e2a4c6b741a70851cb47ef9815bc,"season-block cluster, CR1, t(G-1)",team-match (120-minute matches count once),0.05,0.8,10,2026-10-03 17:50:35
net_yellow,style,rm_vs_nonelite,2010,2010/11,12,-0.186821426634316,0.150091848034036,17,-0.503487545722317,0.129844692453685,0.23012380995376,-1.86821426634316,-5.03487545722317,1.29844692453685,-2.393592460304,-5.65580138217121,0.868616461563202,0.525378193960842,206,18,-3.13002208336335,-1.68796572904219,1.44205635432116,0.736429623059345,0,0,0,1,20261003-175015,4237598ec443fe56d60744856219d211,6c49e2a4c6b741a70851cb47ef9815bc,"season-block cluster, CR1, t(G-1)",team-match (120-minute matches count once),0.05,0.8,10,2026-10-03 17:50:35
net_yellow,style,rm_vs_other_elite,2010,2010/11,12,-0.176769589968074,0.116880218595653,17,-0.423365295901746,0.0698261159655975,0.148799517557174,-1.76769589968074,-4.23365295901746,0.698261159655975,-1.95131872292414,-4.34927690328971,0.446639457441439,0.183622823243393,206,18,-2.65514058939555,-1.40346055204376,1.25168003735179,0.703821866471412,0,0,0,1,20261003-175015,4237598ec443fe56d60744856219d211,6c49e2a4c6b741a70851cb47ef9815bc,"season-block cluster, CR1, t(G-1)",team-match (120-minute matches count once),0.05,0.8,10,2026-10-03 17:50:35
net_yellow,style,rm_vs_nonelite,2011,2011/12,12,-0.256180475587234,0.161198032915369,17,-0.596278596548168,0.0839176453737002,0.130432445664214,-2.56180475587234,-5.96278596548168,0.839176453737002,-2.393592460304,-5.65580138217121,0.868616461563202,-0.168212295568335,206,18,-3.13002208336335,-1.68796572904219,1.44205635432116,0.736429623059345,0,0,0,1,20261003-175015,4237598ec443fe56d60744856219d211,6c49e2a4c6b741a70851cb47ef9815bc,"season-block cluster, CR1, t(G-1)",team-match (120-minute matches count once),0.05,0.8,10,2026-10-03 17:50:35
net_yellow,style,rm_vs_other_elite,2011,2011/12,12,-0.18389270744161,0.119506389323734,17,-0.436029149287436,0.0682437344042166,0.142265958194998,-1.8389270744161,-4.36029149287436,0.682437344042166,-1.95131872292414,-4.34927690328971,0.446639457441439,0.112391648508041,206,18,-2.65514058939555,-1.40346055204376,1.25168003735179,0.703821866471412,0,0,0,1,20261003-175015,4237598ec443fe56d60744856219d211,6c49e2a4c6b741a70851cb47ef9815bc,"season-block cluster, CR1, t(G-1)",team-match (120-minute matches count once),0.05,0.8,10,2026-10-03 17:50:35
net_yellow,style,rm_vs_nonelite,2012,2012/13,12,-0.244919962687755,0.163057895257285,17,-0.588942050190289,0.0991021248147779,0.151433017730925,-2.44919962687755,-5.88942050190289,0.991021248147779,-2.393592460304,-5.65580138217121,0.868616461563202,-0.0556071665735511,206,18,-3.13002208336335,-1.68796572904219,1.44205635432116,0.736429623059345,0,0,0,1,20261003-175015,4237598ec443fe56d60744856219d211,6c49e2a4c6b741a70851cb47ef9815bc,"season-block cluster, CR1, t(G-1)",team-match (120-minute matches count once),0.05,0.8,10,2026-10-03 17:50:35
net_yellow,style,rm_vs_other_elite,2012,2012/13,12,-0.216464217323528,0.118890608454415,17,-0.467301475098734,0.0343730404516791,0.0863017710291486,-2.16464217323528,-4.67301475098734,0.343730404516791,-1.95131872292414,-4.34927690328971,0.446639457441439,-0.213323450311138,206,18,-2.65514058939555,-1.40346055204376,1.25168003735179,0.703821866471412,0,0,0,1,20261003-175015,4237598ec443fe56d60744856219d211,6c49e2a4c6b741a70851cb47ef9815bc,"season-block cluster, CR1, t(G-1)",team-match (120-minute matches count once),0.05,0.8,10,2026-10-03 17:50:35
net_yellow,style,rm_vs_nonelite,2013,2013/14,13,-0.239677250095497,0.163153200819284,17,-0.583900414757389,0.104545914566395,0.160086317724575,-2.39677250095497,-5.83900414757389,1.04545914566395,-2.393592460304,-5.65580138217121,0.868616461563202,-0.00318004065097022,205,18,-3.13002208336335,-1.68796572904219,1.44205635432116,0.736429623059345,0,0,0,1,20261003-175015,4237598ec443fe56d60744856219d211,6c49e2a4c6b741a70851cb47ef9815bc,"season-block cluster, CR1, t(G-1)",team-match (120-minute matches count once),0.05,0.8,10,2026-10-03 17:50:35
net_yellow,style,rm_vs_other_elite,2013,2013/14,13,-0.20193024057983,0.122912773029018,17,-0.461253523831143,0.0573930426714835,0.118775282123662,-2.0193024057983,-4.61253523831143,0.573930426714835,-1.95131872292414,-4.34927690328971,0.446639457441439,-0.067983682874159,205,18,-2.65514058939555,-1.40346055204376,1.25168003735179,0.703821866471412,0,0,0,1,20261003-175015,4237598ec443fe56d60744856219d211,6c49e2a4c6b741a70851cb47ef9815bc,"season-block cluster, CR1, t(G-1)",team-match (120-minute matches count once),0.05,0.8,10,2026-10-03 17:50:35
net_yellow,style,rm_vs_nonelite,2014,2014/15,12,-0.237910609261815,0.160403480078158,17,-0.576332370269389,0.10051115174576,0.156323360731336,-2.37910609261815,-5.76332370269389,1.0051115174576,-2.393592460304,-5.65580138217121,0.868616461563202,0.0144863676858525,206,18,-3.13002208336335,-1.68796572904219,1.44205635432116,0.736429623059345,0,0,0,1,20261003-175015,4237598ec443fe56d60744856219d211,6c49e2a4c6b741a70851cb47ef9815bc,"season-block cluster, CR1, t(G-1)",team-match (120-minute matches count once),0.05,0.8,10,2026-10-03 17:50:35
net_yellow,style,rm_vs_other_elite,2014,2014/15,12,-0.203789240318886,0.117728558312856,17,-0.452174786603208,0.0445963059654363,0.10155771111878,-2.03789240318886,-4.52174786603208,0.445963059654363,-1.95131872292414,-4.34927690328971,0.446639457441439,-0.0865736802647193,206,18,-2.65514058939555,-1.40346055204376,1.25168003735179,0.703821866471412,0,0,0,1,20261003-175015,4237598ec443fe56d60744856219d211,6c49e2a4c6b741a70851cb47ef9815bc,"season-block cluster, CR1, t(G-1)",team-match (120-minute matches count once),0.05,0.8,10,2026-10-03 17:50:35
net_yellow,style,rm_vs_nonelite,2015,2015/16,13,-0.228584008858505,0.16877486918812,17,-0.58466785701838,0.12749983930137,0.193347133843275,-2.28584008858505,-5.8466785701838,1.2749983930137,-2.393592460304,-5.65580138217121,0.868616461563202,0.107752371718953,205,18,-3.13002208336335,-1.68796572904219,1.44205635432116,0.736429623059345,0,0,0,1,20261003-175015,4237598ec443fe56d60744856219d211,6c49e2a4c6b741a70851cb47ef9815bc,"season-block cluster, CR1, t(G-1)",team-match (120-minute matches count once),0.05,0.8,10,2026-10-03 17:50:35
net_yellow,style,rm_vs_other_elite,2015,2015/16,13,-0.17463494231369,0.122515076875043,17,-0.433119160024102,0.083849275396723,0.172139879312338,-1.7463494231369,-4.33119160024102,0.83849275396723,-1.95131872292414,-4.34927690328971,0.446639457441439,0.20496929978724,205,18,-2.65514058939555,-1.40346055204376,1.25168003735179,0.703821866471412,0,0,0,1,20261003-175015,4237598ec443fe56d60744856219d211,6c49e2a4c6b741a70851cb47ef9815bc,"season-block cluster, CR1, t(G-1)",team-match (120-minute matches count once),0.05,0.8,10,2026-10-03 17:50:35
net_yellow,style,rm_vs_nonelite,2016,2016/17,13,-0.313002208336335,0.143479279072455,17,-0.615717026419694,-0.0102873902529755,0.0434750020404771,-3.13002208336335,-6.15717026419694,-0.102873902529755,-2.393592460304,-5.65580138217121,0.868616461563202,-0.736429623059345,205,18,-3.13002208336335,-1.68796572904219,1.44205635432116,0.736429623059345,0,0,0,1,20261003-175015,4237598ec443fe56d60744856219d211,6c49e2a4c6b741a70851cb47ef9815bc,"season-block cluster, CR1, t(G-1)",team-match (120-minute matches count once),0.05,0.8,10,2026-10-03 17:50:35
net_yellow,style,rm_vs_other_elite,2016,2016/17,13,-0.265514058939555,0.0989650209384116,17,-0.474312001776016,-0.0567161161030939,0.015725823483414,-2.65514058939555,-4.74312001776016,-0.567161161030939,-1.95131872292414,-4.34927690328971,0.446639457441439,-0.703821866471412,205,18,-2.65514058939555,-1.40346055204376,1.25168003735179,0.703821866471412,0,0,0,1,20261003-175015,4237598ec443fe56d60744856219d211,6c49e2a4c6b741a70851cb47ef9815bc,"season-block cluster, CR1, t(G-1)",team-match (120-minute matches count once),0.05,0.8,10,2026-10-03 17:50:35
net_yellow,style,rm_vs_nonelite,2017,2017/18,13,-0.259110437701963,0.167377508259827,17,-0.612246112007471,0.0940252366035443,0.140021766696077,-2.59110437701963,-6.12246112007471,0.940252366035443,-2.393592460304,-5.65580138217121,0.868616461563202,-0.197511916715629,205,18,-3.13002208336335,-1.68796572904219,1.44205635432116,0.736429623059345,0,0,0,1,20261003-175015,4237598ec443fe56d60744856219d211,6c49e2a4c6b741a70851cb47ef9815bc,"season-block cluster, CR1, t(G-1)",team-match (120-minute matches count once),0.05,0.8,10,2026-10-03 17:50:35
net_yellow,style,rm_vs_other_elite,2017,2017/18,13,-0.209372238212025,0.123336241554018,17,-0.469588961954104,0.0508444855300544,0.107817592745824,-2.09372238212025,-4.69588961954104,0.508444855300544,-1.95131872292414,-4.34927690328971,0.446639457441439,-0.142403659196108,205,18,-2.65514058939555,-1.40346055204376,1.25168003735179,0.703821866471412,0,0,0,1,20261003-175015,4237598ec443fe56d60744856219d211,6c49e2a4c6b741a70851cb47ef9815bc,"season-block cluster, CR1, t(G-1)",team-match (120-minute matches count once),0.05,0.8,10,2026-10-03 17:50:35
net_yellow,style,rm_vs_nonelite,2018,2018/19,8,-0.226100564655575,0.162969754296541,17,-0.569936690986086,0.117735561674935,0.183247044338106,-2.26100564655575,-5.69936690986086,1.17735561674935,-2.393592460304,-5.65580138217121,0.868616461563202,0.132586813748249,210,18,-3.13002208336335,-1.68796572904219,1.44205635432116,0.736429623059345,0,0,0,1,20261003-175015,4237598ec443fe56d60744856219d211,6c49e2a4c6b741a70851cb47ef9815bc,"season-block cluster, CR1, t(G-1)",team-match (120-minute matches count once),0.05,0.8,10,2026-10-03 17:50:35
net_yellow,style,rm_vs_other_elite,2018,2018/19,8,-0.161860066708111,0.113816156408917,17,-0.401991166508758,0.0782710330925354,0.173080492848417,-1.61860066708111,-4.01991166508758,0.782710330925355,-1.95131872292414,-4.34927690328971,0.446639457441439,0.332718055843027,210,18,-2.65514058939555,-1.40346055204376,1.25168003735179,0.703821866471412,0,0,0,1,20261003-175015,4237598ec443fe56d60744856219d211,6c49e2a4c6b741a70851cb47ef9815bc,"season-block cluster, CR1, t(G-1)",team-match (120-minute matches count once),0.05,0.8,10,2026-10-03 17:50:35
net_yellow,style,rm_vs_nonelite,2019,2019/20,8,-0.269549194912584,0.165448390625207,17,-0.618614786781098,0.0795163969559305,0.121658142825767,-2.69549194912584,-6.18614786781098,0.795163969559305,-2.393592460304,-5.65580138217121,0.868616461563202,-0.301899488821835,210,18,-3.13002208336335,-1.68796572904219,1.44205635432116,0.736429623059345,0,0,0,1,20261003-175015,4237598ec443fe56d60744856219d211,6c49e2a4c6b741a70851cb47ef9815bc,"season-block cluster, CR1, t(G-1)",team-match (120-minute matches count once),0.05,0.8,10,2026-10-03 17:50:35
net_yellow,style,rm_vs_other_elite,2019,2019/20,8,-0.207147072884727,0.122768515897323,17,-0.466166000192376,0.0518718544229209,0.109806905261576,-2.07147072884727,-4.66166000192376,0.518718544229209,-1.95131872292414,-4.34927690328971,0.446639457441439,-0.120152005923136,210,18,-2.65514058939555,-1.40346055204376,1.25168003735179,0.703821866471412,0,0,0,1,20261003-175015,4237598ec443fe56d60744856219d211,6c49e2a4c6b741a70851cb47ef9815bc,"season-block cluster, CR1, t(G-1)",team-match (120-minute matches count once),0.05,0.8,10,2026-10-03 17:50:35
net_yellow,style,rm_vs_nonelite,2020,2020/21,12,-0.218598223627598,0.166462436732287,17,-0.56980326576947,0.132606818514275,0.206566049922789,-2.18598223627598,-5.6980326576947,1.32606818514275,-2.393592460304,-5.65580138217121,0.868616461563202,0.207610224028023,206,18,-3.13002208336335,-1.68796572904219,1.44205635432116,0.736429623059345,0,0,0,1,20261003-175015,4237598ec443fe56d60744856219d211,6c49e2a4c6b741a70851cb47ef9815bc,"season-block cluster, CR1, t(G-1)",team-match (120-minute matches count once),0.05,0.8,10,2026-10-03 17:50:35
net_yellow,style,rm_vs_other_elite,2020,2020/21,12,-0.175265113940864,0.122374771698083,17,-0.433453313603275,0.0829230857215465,0.170217841353757,-1.75265113940864,-4.33453313603275,0.829230857215465,-1.95131872292414,-4.34927690328971,0.446639457441439,0.198667583515496,206,18,-2.65514058939555,-1.40346055204376,1.25168003735179,0.703821866471412,0,0,0,1,20261003-175015,4237598ec443fe56d60744856219d211,6c49e2a4c6b741a70851cb47ef9815bc,"season-block cluster, CR1, t(G-1)",team-match (120-minute matches count once),0.05,0.8,10,2026-10-03 17:50:35
net_yellow,style,rm_vs_nonelite,2021,2021/22,13,-0.27569341070534,0.158361792904718,17,-0.609807588309327,0.058420766898647,0.0997659338792669,-2.7569341070534,-6.09807588309327,0.58420766898647,-2.393592460304,-5.65580138217121,0.868616461563202,-0.363341646749396,205,18,-3.13002208336335,-1.68796572904219,1.44205635432116,0.736429623059345,0,0,0,1,20261003-175015,4237598ec443fe56d60744856219d211,6c49e2a4c6b741a70851cb47ef9815bc,"season-block cluster, CR1, t(G-1)",team-match (120-minute matches count once),0.05,0.8,10,2026-10-03 17:50:35
net_yellow,style,rm_vs_other_elite,2021,2021/22,13,-0.213493441793274,0.118800370110482,17,-0.464140313304733,0.0371534297181836,0.0901113463500948,-2.13493441793274,-4.64140313304733,0.371534297181836,-1.95131872292414,-4.34927690328971,0.446639457441439,-0.183615695008607,205,18,-2.65514058939555,-1.40346055204376,1.25168003735179,0.703821866471412,0,0,0,1,20261003-175015,4237598ec443fe56d60744856219d211,6c49e2a4c6b741a70851cb47ef9815bc,"season-block cluster, CR1, t(G-1)",team-match (120-minute matches count once),0.05,0.8,10,2026-10-03 17:50:35
net_yellow,style,rm_vs_nonelite,2022,2022/23,12,-0.27791165146549,0.159497917275298,17,-0.614422841964882,0.0585995390339028,0.099495599779465,-2.7791165146549,-6.14422841964882,0.585995390339028,-2.393592460304,-5.65580138217121,0.868616461563202,-0.385524054350893,206,18,-3.13002208336335,-1.68796572904219,1.44205635432116,0.736429623059345,0,0,0,1,20261003-175015,4237598ec443fe56d60744856219d211,6c49e2a4c6b741a70851cb47ef9815bc,"season-block cluster, CR1, t(G-1)",team-match (120-minute matches count once),0.05,0.8,10,2026-10-03 17:50:35
net_yellow,style,rm_vs_other_elite,2022,2022/23,12,-0.219389214402249,0.118121144312855,17,-0.468603044745008,0.029824615940511,0.0806759319592329,-2.19389214402249,-4.68603044745008,0.29824615940511,-1.95131872292414,-4.34927690328971,0.446639457441439,-0.242573421098348,206,18,-2.65514058939555,-1.40346055204376,1.25168003735179,0.703821866471412,0,0,0,1,20261003-175015,4237598ec443fe56d60744856219d211,6c49e2a4c6b741a70851cb47ef9815bc,"season-block cluster, CR1, t(G-1)",team-match (120-minute matches count once),0.05,0.8,10,2026-10-03 17:50:35
net_yellow,style,rm_vs_nonelite,2023,2023/24,13,-0.201842159259723,0.16066588649732,17,-0.540817549418168,0.137133230898723,0.226003007043872,-2.01842159259723,-5.40817549418168,1.37133230898723,-2.393592460304,-5.65580138217121,0.868616461563202,0.375170867706776,205,18,-3.13002208336335,-1.68796572904219,1.44205635432116,0.736429623059345,0,0,0,1,20261003-175015,4237598ec443fe56d60744856219d211,6c49e2a4c6b741a70851cb47ef9815bc,"season-block cluster, CR1, t(G-1)",team-match (120-minute matches count once),0.05,0.8,10,2026-10-03 17:50:35
net_yellow,style,rm_vs_other_elite,2023,2023/24,13,-0.188393543459491,0.12263856239754,17,-0.447138292848904,0.0703512059299227,0.142899310429136,-1.88393543459491,-4.47138292848904,0.703512059299227,-1.95131872292414,-4.34927690328971,0.446639457441439,0.0673832883292302,205,18,-2.65514058939555,-1.40346055204376,1.25168003735179,0.703821866471412,0,0,0,1,20261003-175015,4237598ec443fe56d60744856219d211,6c49e2a4c6b741a70851cb47ef9815bc,"season-block cluster, CR1, t(G-1)",team-match (120-minute matches count once),0.05,0.8,10,2026-10-03 17:50:35
net_yellow,style,rm_vs_nonelite,2024,2024/25,14,-0.183266422555937,0.155044900009161,17,-0.510382567858873,0.143849722747,0.253467677025747,-1.83266422555937,-5.10382567858873,1.43849722747,-2.393592460304,-5.65580138217121,0.868616461563202,0.560928234744634,204,18,-3.13002208336335,-1.68796572904219,1.44205635432116,0.736429623059345,0,0,0,1,20261003-175015,4237598ec443fe56d60744856219d211,6c49e2a4c6b741a70851cb47ef9815bc,"season-block cluster, CR1, t(G-1)",team-match (120-minute matches count once),0.05,0.8,10,2026-10-03 17:50:35
net_yellow,style,rm_vs_other_elite,2024,2024/25,14,-0.140346055204376,0.104830987973622,17,-0.361520106670781,0.0808279962620299,0.19827001621561,-1.40346055204376,-3.61520106670781,0.808279962620299,-1.95131872292414,-4.34927690328971,0.446639457441439,0.54785817088038,204,18,-2.65514058939555,-1.40346055204376,1.25168003735179,0.703821866471412,0,0,0,1,20261003-175015,4237598ec443fe56d60744856219d211,6c49e2a4c6b741a70851cb47ef9815bc,"season-block cluster, CR1, t(G-1)",team-match (120-minute matches count once),0.05,0.8,10,2026-10-03 17:50:35
net_yellow,style,rm_vs_nonelite,2025,2025/26,14,-0.212971288835615,0.163692409356846,17,-0.558332084069757,0.132389506398527,0.210601711865207,-2.12971288835615,-5.58332084069757,1.32389506398527,-2.393592460304,-5.65580138217121,0.868616461563202,0.263879571947848,204,18,-3.13002208336335,-1.68796572904219,1.44205635432116,0.736429623059345,0,0,0,1,20261003-175015,4237598ec443fe56d60744856219d211,6c49e2a4c6b741a70851cb47ef9815bc,"season-block cluster, CR1, t(G-1)",team-match (120-minute matches count once),0.05,0.8,10,2026-10-03 17:50:35
net_yellow,style,rm_vs_other_elite,2025,2025/26,14,-0.181221755966406,0.12009156412785,17,-0.434592808729714,0.0721492967969005,0.149652159256462,-1.81221755966406,-4.34592808729714,0.721492967969005,-1.95131872292414,-4.34927690328971,0.446639457441439,0.139101163260073,204,18,-2.65514058939555,-1.40346055204376,1.25168003735179,0.703821866471412,0,0,0,1,20261003-175015,4237598ec443fe56d60744856219d211,6c49e2a4c6b741a70851cb47ef9815bc,"season-block cluster, CR1, t(G-1)",team-match (120-minute matches count once),0.05,0.8,10,2026-10-03 17:50:35
net_fouls,prematch,rm_vs_nonelite,2007,2007/08,8,0.691930856956471,0.637081587348574,17,-0.652193800382326,2.03605551429527,0.292598387258558,6.91930856956471,-6.52193800382326,20.3605551429527,6.63501674991485,-6.11806760851892,19.3881011083486,0.284291819649855,210,18,3.36690690874189,9.29982426631481,5.93291735757292,3.26810984117296,0,1,0,0,20261003-175015,4237598ec443fe56d60744856219d211,6c49e2a4c6b741a70851cb47ef9815bc,"season-block cluster, CR1, t(G-1)",team-match (120-minute matches count once),0.05,0.8,10,2026-10-03 17:50:35
net_fouls,prematch,rm_vs_other_elite,2007,2007/08,8,1.22525662325816,0.51129404167353,17,0.146520489281986,2.30399275723433,0.0283329403397308,12.2525662325816,1.46520489281986,23.0399275723433,12.7108712132746,2.25675549996953,23.1649869265797,-0.458304980693041,210,18,10.0703349253683,14.9709399510053,4.90060502563702,2.64053628790636,0,0,1,0,20261003-175015,4237598ec443fe56d60744856219d211,6c49e2a4c6b741a70851cb47ef9815bc,"season-block cluster, CR1, t(G-1)",team-match (120-minute matches count once),0.05,0.8,10,2026-10-03 17:50:35
net_fouls,prematch,rm_vs_nonelite,2008,2008/09,8,0.559219367259717,0.622965231880616,17,-0.75512238341055,1.87356111792999,0.38189726571989,5.59219367259717,-7.5512238341055,18.7356111792999,6.63501674991485,-6.11806760851892,19.3881011083486,-1.04282307731768,210,18,3.36690690874189,9.29982426631481,5.93291735757292,3.26810984117296,0,1,0,0,20261003-175015,4237598ec443fe56d60744856219d211,6c49e2a4c6b741a70851cb47ef9815bc,"season-block cluster, CR1, t(G-1)",team-match (120-minute matches count once),0.05,0.8,10,2026-10-03 17:50:35
net_fouls,prematch,rm_vs_other_elite,2008,2008/09,8,1.16774430431511,0.508507226200103,17,0.0948878370373238,2.2406007715929,0.0346338525596768,11.6774430431511,0.948878370373238,22.406007715929,12.7108712132746,2.25675549996953,23.1649869265797,-1.03342817012351,210,18,10.0703349253683,14.9709399510053,4.90060502563702,2.64053628790636,0,0,1,0,20261003-175015,4237598ec443fe56d60744856219d211,6c49e2a4c6b741a70851cb47ef9815bc,"season-block cluster, CR1, t(G-1)",team-match (120-minute matches count once),0.05,0.8,10,2026-10-03 17:50:35
net_fouls,prematch,rm_vs_nonelite,2009,2009/10,8,0.793259713246775,0.625286294033687,17,-0.525979050511162,2.11249847700471,0.22166861862924,7.93259713246775,-5.25979050511162,21.1249847700471,6.63501674991485,-6.11806760851892,19.3881011083486,1.2975803825529,210,18,3.36690690874189,9.29982426631481,5.93291735757292,3.26810984117296,0,1,0,0,20261003-175015,4237598ec443fe56d60744856219d211,6c49e2a4c6b741a70851cb47ef9815bc,"season-block cluster, CR1, t(G-1)",team-match (120-minute matches count once),0.05,0.8,10,2026-10-03 17:50:35
net_fouls,prematch,rm_vs_other_elite,2009,2009/10,8,1.49709399510053,0.461936030678522,17,0.522494161612492,2.47169382858856,0.00480505565224629,14.9709399510053,5.22494161612492,24.7169382858856,12.7108712132746,2.25675549996953,23.1649869265797,2.26006873773066,210,18,10.0703349253683,14.9709399510053,4.90060502563702,2.64053628790636,0,0,1,0,20261003-175015,4237598ec443fe56d60744856219d211,6c49e2a4c6b741a70851cb47ef9815bc,"season-block cluster, CR1, t(G-1)",team-match (120-minute matches count once),0.05,0.8,10,2026-10-03 17:50:35
net_fouls,prematch,rm_vs_nonelite,2010,2010/11,12,0.693505407372461,0.627136204881998,17,-0.629636327110845,2.01664714185577,0.284204975358179,6.93505407372461,-6.29636327110845,20.1664714185577,6.63501674991485,-6.11806760851892,19.3881011083486,0.30003732380976,206,18,3.36690690874189,9.29982426631481,5.93291735757292,3.26810984117296,0,1,0,0,20261003-175015,4237598ec443fe56d60744856219d211,6c49e2a4c6b741a70851cb47ef9815bc,"season-block cluster, CR1, t(G-1)",team-match (120-minute matches count once),0.05,0.8,10,2026-10-03 17:50:35
net_fouls,prematch,rm_vs_other_elite,2010,2010/11,12,1.29258009259429,0.522673581257265,17,0.189835228735782,2.39532495645279,0.0242487830568785,12.9258009259429,1.89835228735782,23.9532495645279,12.7108712132746,2.25675549996953,23.1649869265797,0.214929712668261,206,18,10.0703349253683,14.9709399510053,4.90060502563702,2.64053628790636,0,0,1,0,20261003-175015,4237598ec443fe56d60744856219d211,6c49e2a4c6b741a70851cb47ef9815bc,"season-block cluster, CR1, t(G-1)",team-match (120-minute matches count once),0.05,0.8,10,2026-10-03 17:50:35
net_fouls,prematch,rm_vs_nonelite,2011,2011/12,12,0.655693703809707,0.632489894260828,17,-0.678743327923933,1.99013073554335,0.31440408709615,6.55693703809707,-6.78743327923933,19.9013073554335,6.63501674991485,-6.11806760851892,19.3881011083486,-0.078079711817779,206,18,3.36690690874189,9.29982426631481,5.93291735757292,3.26810984117296,0,1,0,0,20261003-175015,4237598ec443fe56d60744856219d211,6c49e2a4c6b741a70851cb47ef9815bc,"season-block cluster, CR1, t(G-1)",team-match (120-minute matches count once),0.05,0.8,10,2026-10-03 17:50:35
net_fouls,prematch,rm_vs_other_elite,2011,2011/12,12,1.27227764950011,0.525897802672374,17,0.162730273073627,2.3818250259266,0.027051181455926,12.7227764950011,1.62730273073627,23.818250259266,12.7108712132746,2.25675549996953,23.1649869265797,0.011905281726512,206,18,10.0703349253683,14.9709399510053,4.90060502563702,2.64053628790636,0,0,1,0,20261003-175015,4237598ec443fe56d60744856219d211,6c49e2a4c6b741a70851cb47ef9815bc,"season-block cluster, CR1, t(G-1)",team-match (120-minute matches count once),0.05,0.8,10,2026-10-03 17:50:35
net_fouls,prematch,rm_vs_nonelite,2012,2012/13,12,0.711392451624873,0.634987554587834,17,-0.628314182774822,2.05109908602457,0.278153641761214,7.11392451624873,-6.28314182774822,20.5109908602457,6.63501674991485,-6.11806760851892,19.3881011083486,0.478907766333874,206,18,3.36690690874189,9.29982426631481,5.93291735757292,3.26810984117296,0,1,0,0,20261003-175015,4237598ec443fe56d60744856219d211,6c49e2a4c6b741a70851cb47ef9815bc,"season-block cluster, CR1, t(G-1)",team-match (120-minute matches count once),0.05,0.8,10,2026-10-03 17:50:35
net_fouls,prematch,rm_vs_other_elite,2012,2012/13,12,1.31813916440707,0.519370000119706,17,0.22236424749522,2.41391408131891,0.0212291055202222,13.1813916440707,2.2236424749522,24.1391408131891,12.7108712132746,2.25675549996953,23.1649869265797,0.470520430796053,206,18,10.0703349253683,14.9709399510053,4.90060502563702,2.64053628790636,0,0,1,0,20261003-175015,4237598ec443fe56d60744856219d211,6c49e2a4c6b741a70851cb47ef9815bc,"season-block cluster, CR1, t(G-1)",team-match (120-minute matches count once),0.05,0.8,10,2026-10-03 17:50:35
net_fouls,prematch,rm_vs_nonelite,2013,2013/14,13,0.581353785318087,0.637225622216615,17,-0.763074759029055,1.92578232966523,0.374357076724578,5.81353785318087,-7.63074759029055,19.2578232966523,6.63501674991485,-6.11806760851892,19.3881011083486,-0.821478896733987,205,18,3.36690690874189,9.29982426631481,5.93291735757292,3.26810984117296,0,1,0,0,20261003-175015,4237598ec443fe56d60744856219d211,6c49e2a4c6b741a70851cb47ef9815bc,"season-block cluster, CR1, t(G-1)",team-match (120-minute matches count once),0.05,0.8,10,2026-10-03 17:50:35
net_fouls,prematch,rm_vs_other_elite,2013,2013/14,13,1.21498754525937,0.519402487368757,17,0.119144086243391,2.31083100427534,0.031791907483017,12.1498754525937,1.19144086243391,23.1083100427534,12.7108712132746,2.25675549996953,23.1649869265797,-0.560995760680942,205,18,10.0703349253683,14.9709399510053,4.90060502563702,2.64053628790636,0,0,1,0,20261003-175015,4237598ec443fe56d60744856219d211,6c49e2a4c6b741a70851cb47ef9815bc,"season-block cluster, CR1, t(G-1)",team-match (120-minute matches count once),0.05,0.8,10,2026-10-03 17:50:35
net_fouls,prematch,rm_vs_nonelite,2014,2014/15,12,0.698473138799313,0.620172450927279,17,-0.609976359110128,2.00692263670875,0.27570537977488,6.98473138799313,-6.09976359110128,20.0692263670875,6.63501674991485,-6.11806760851892,19.3881011083486,0.349714638078275,206,18,3.36690690874189,9.29982426631481,5.93291735757292,3.26810984117296,0,1,0,0,20261003-175015,4237598ec443fe56d60744856219d211,6c49e2a4c6b741a70851cb47ef9815bc,"season-block cluster, CR1, t(G-1)",team-match (120-minute matches count once),0.05,0.8,10,2026-10-03 17:50:35
net_fouls,prematch,rm_vs_other_elite,2014,2014/15,12,1.27037360532019,0.521003591558512,17,0.171152111742939,2.36959509889745,0.026023984289177,12.7037360532019,1.71152111742939,23.6959509889745,12.7108712132746,2.25675549996953,23.1649869265797,-0.00713516007266879,206,18,10.0703349253683,14.9709399510053,4.90060502563702,2.64053628790636,0,0,1,0,20261003-175015,4237598ec443fe56d60744856219d211,6c49e2a4c6b741a70851cb47ef9815bc,"season-block cluster, CR1, t(G-1)",team-match (120-minute matches count once),0.05,0.8,10,2026-10-03 17:50:35
net_fouls,prematch,rm_vs_nonelite,2015,2015/16,13,0.752111605099294,0.634298338815287,17,-0.586140911126992,2.09036412132558,0.252035432107531,7.52111605099294,-5.86140911126992,20.9036412132558,6.63501674991485,-6.11806760851892,19.3881011083486,0.886099301078092,205,18,3.36690690874189,9.29982426631481,5.93291735757292,3.26810984117296,0,1,0,0,20261003-175015,4237598ec443fe56d60744856219d211,6c49e2a4c6b741a70851cb47ef9815bc,"season-block cluster, CR1, t(G-1)",team-match (120-minute matches count once),0.05,0.8,10,2026-10-03 17:50:35
net_fouls,prematch,rm_vs_other_elite,2015,2015/16,13,1.34344521055703,0.526221551663392,17,0.23321478346599,2.45367563764808,0.0205822397561709,13.4344521055703,2.3321478346599,24.5367563764808,12.7108712132746,2.25675549996953,23.1649869265797,0.723580892295719,205,18,10.0703349253683,14.9709399510053,4.90060502563702,2.64053628790636,0,0,1,0,20261003-175015,4237598ec443fe56d60744856219d211,6c49e2a4c6b741a70851cb47ef9815bc,"season-block cluster, CR1, t(G-1)",team-match (120-minute matches count once),0.05,0.8,10,2026-10-03 17:50:35
net_fouls,prematch,rm_vs_nonelite,2016,2016/17,13,0.336690690874189,0.529743986823608,17,-0.780971424789786,1.45435280653816,0.533518142594116,3.36690690874189,-7.80971424789786,14.5435280653816,6.63501674991485,-6.11806760851892,19.3881011083486,-3.26810984117296,205,18,3.36690690874189,9.29982426631481,5.93291735757292,3.26810984117296,0,1,0,0,20261003-175015,4237598ec443fe56d60744856219d211,6c49e2a4c6b741a70851cb47ef9815bc,"season-block cluster, CR1, t(G-1)",team-match (120-minute matches count once),0.05,0.8,10,2026-10-03 17:50:35
net_fouls,prematch,rm_vs_other_elite,2016,2016/17,13,1.00703349253683,0.447835296540083,17,0.0621836075929548,1.9518833774807,0.0380833309377994,10.0703349253683,0.621836075929548,19.518833774807,12.7108712132746,2.25675549996953,23.1649869265797,-2.64053628790636,205,18,10.0703349253683,14.9709399510053,4.90060502563702,2.64053628790636,0,0,1,0,20261003-175015,4237598ec443fe56d60744856219d211,6c49e2a4c6b741a70851cb47ef9815bc,"season-block cluster, CR1, t(G-1)",team-match (120-minute matches count once),0.05,0.8,10,2026-10-03 17:50:35
net_fouls,prematch,rm_vs_nonelite,2017,2017/18,13,0.637650195047922,0.641885734779304,17,-0.716610327378438,1.99191071747428,0.334444669499842,6.37650195047922,-7.16610327378438,19.9191071747428,6.63501674991485,-6.11806760851892,19.3881011083486,-0.25851479943563,205,18,3.36690690874189,9.29982426631481,5.93291735757292,3.26810984117296,0,1,0,0,20261003-175015,4237598ec443fe56d60744856219d211,6c49e2a4c6b741a70851cb47ef9815bc,"season-block cluster, CR1, t(G-1)",team-match (120-minute matches count once),0.05,0.8,10,2026-10-03 17:50:35
net_fouls,prematch,rm_vs_other_elite,2017,2017/18,13,1.20296745159606,0.521945000144411,17,0.101759759519164,2.30417514367295,0.0340604879280163,12.0296745159606,1.01759759519164,23.0417514367295,12.7108712132746,2.25675549996953,23.1649869265797,-0.681196697314062,205,18,10.0703349253683,14.9709399510053,4.90060502563702,2.64053628790636,0,0,1,0,20261003-175015,4237598ec443fe56d60744856219d211,6c49e2a4c6b741a70851cb47ef9815bc,"season-block cluster, CR1, t(G-1)",team-match (120-minute matches count once),0.05,0.8,10,2026-10-03 17:50:35
net_fouls,prematch,rm_vs_nonelite,2018,2018/19,8,0.626141894605192,0.636712897053661,17,-0.717204894206003,1.96948868341639,0.339201582787375,6.26141894605192,-7.17204894206003,19.6948868341639,6.63501674991485,-6.11806760851892,19.3881011083486,-0.373597803862931,210,18,3.36690690874189,9.29982426631481,5.93291735757292,3.26810984117296,0,1,0,0,20261003-175015,4237598ec443fe56d60744856219d211,6c49e2a4c6b741a70851cb47ef9815bc,"season-block cluster, CR1, t(G-1)",team-match (120-minute matches count once),0.05,0.8,10,2026-10-03 17:50:35
net_fouls,prematch,rm_vs_other_elite,2018,2018/19,8,1.26689612196373,0.518769722991964,17,0.172387679087008,2.36140456484045,0.0258239430525664,12.6689612196373,1.72387679087008,23.6140456484045,12.7108712132746,2.25675549996953,23.1649869265797,-0.0419099936373346,210,18,10.0703349253683,14.9709399510053,4.90060502563702,2.64053628790636,0,0,1,0,20261003-175015,4237598ec443fe56d60744856219d211,6c49e2a4c6b741a70851cb47ef9815bc,"season-block cluster, CR1, t(G-1)",team-match (120-minute matches count once),0.05,0.8,10,2026-10-03 17:50:35
net_fouls,prematch,rm_vs_nonelite,2019,2019/20,8,0.418757024863116,0.575559386767372,17,-0.795567135306876,1.63308118503311,0.476781469216606,4.18757024863116,-7.95567135306876,16.3308118503311,6.63501674991485,-6.11806760851892,19.3881011083486,-2.44744650128369,210,18,3.36690690874189,9.29982426631481,5.93291735757292,3.26810984117296,0,1,0,0,20261003-175015,4237598ec443fe56d60744856219d211,6c49e2a4c6b741a70851cb47ef9815bc,"season-block cluster, CR1, t(G-1)",team-match (120-minute matches count once),0.05,0.8,10,2026-10-03 17:50:35
net_fouls,prematch,rm_vs_other_elite,2019,2019/20,8,1.18352771835365,0.505896180570463,17,0.116180075819715,2.25087536088759,0.0317749916539297,11.8352771835365,1.16180075819715,22.5087536088759,12.7108712132746,2.25675549996953,23.1649869265797,-0.875594029738074,210,18,10.0703349253683,14.9709399510053,4.90060502563702,2.64053628790636,0,0,1,0,20261003-175015,4237598ec443fe56d60744856219d211,6c49e2a4c6b741a70851cb47ef9815bc,"season-block cluster, CR1, t(G-1)",team-match (120-minute matches count once),0.05,0.8,10,2026-10-03 17:50:35
net_fouls,prematch,rm_vs_nonelite,2020,2020/21,12,0.722778176960809,0.645949348679906,17,-0.640055821375341,2.08561217529696,0.278727907653461,7.22778176960809,-6.40055821375341,20.8561217529696,6.63501674991485,-6.11806760851892,19.3881011083486,0.592765019693242,206,18,3.36690690874189,9.29982426631481,5.93291735757292,3.26810984117296,0,1,0,0,20261003-175015,4237598ec443fe56d60744856219d211,6c49e2a4c6b741a70851cb47ef9815bc,"season-block cluster, CR1, t(G-1)",team-match (120-minute matches count once),0.05,0.8,10,2026-10-03 17:50:35
net_fouls,prematch,rm_vs_other_elite,2020,2020/21,12,1.28262842756125,0.525126948831226,17,0.174707410577055,2.39054944454545,0.0258032329351431,12.8262842756125,1.74707410577055,23.9054944454545,12.7108712132746,2.25675549996953,23.1649869265797,0.11541306233793,206,18,10.0703349253683,14.9709399510053,4.90060502563702,2.64053628790636,0,0,1,0,20261003-175015,4237598ec443fe56d60744856219d211,6c49e2a4c6b741a70851cb47ef9815bc,"season-block cluster, CR1, t(G-1)",team-match (120-minute matches count once),0.05,0.8,10,2026-10-03 17:50:35
net_fouls,prematch,rm_vs_nonelite,2021,2021/22,13,0.455263387732107,0.605964065044976,17,-0.823209036306984,1.7337358117712,0.46274420863074,4.55263387732107,-8.23209036306984,17.337358117712,6.63501674991485,-6.11806760851892,19.3881011083486,-2.08238287259378,205,18,3.36690690874189,9.29982426631481,5.93291735757292,3.26810984117296,0,1,0,0,20261003-175015,4237598ec443fe56d60744856219d211,6c49e2a4c6b741a70851cb47ef9815bc,"season-block cluster, CR1, t(G-1)",team-match (120-minute matches count once),0.05,0.8,10,2026-10-03 17:50:35
net_fouls,prematch,rm_vs_other_elite,2021,2021/22,13,1.08847502116316,0.49488659500181,17,0.0443555737674501,2.13259446855886,0.0419705909761516,10.8847502116316,0.443555737674501,21.3259446855886,12.7108712132746,2.25675549996953,23.1649869265797,-1.82612100164306,205,18,10.0703349253683,14.9709399510053,4.90060502563702,2.64053628790636,0,0,1,0,20261003-175015,4237598ec443fe56d60744856219d211,6c49e2a4c6b741a70851cb47ef9815bc,"season-block cluster, CR1, t(G-1)",team-match (120-minute matches count once),0.05,0.8,10,2026-10-03 17:50:35
net_fouls,prematch,rm_vs_nonelite,2022,2022/23,12,0.606312438383455,0.652363908489943,17,-0.770055098164854,1.98267997493176,0.365687698165124,6.06312438383455,-7.70055098164854,19.8267997493176,6.63501674991485,-6.11806760851892,19.3881011083486,-0.5718923660803,206,18,3.36690690874189,9.29982426631481,5.93291735757292,3.26810984117296,0,1,0,0,20261003-175015,4237598ec443fe56d60744856219d211,6c49e2a4c6b741a70851cb47ef9815bc,"season-block cluster, CR1, t(G-1)",team-match (120-minute matches count once),0.05,0.8,10,2026-10-03 17:50:35
net_fouls,prematch,rm_vs_other_elite,2022,2022/23,12,1.25044489645773,0.533645555580003,17,0.124551190253523,2.37633860266193,0.0315370127762302,12.5044489645773,1.24551190253523,23.7633860266193,12.7108712132746,2.25675549996953,23.1649869265797,-0.20642224869734,206,18,10.0703349253683,14.9709399510053,4.90060502563702,2.64053628790636,0,0,1,0,20261003-175015,4237598ec443fe56d60744856219d211,6c49e2a4c6b741a70851cb47ef9815bc,"season-block cluster, CR1, t(G-1)",team-match (120-minute matches count once),0.05,0.8,10,2026-10-03 17:50:35
net_fouls,prematch,rm_vs_nonelite,2023,2023/24,13,0.898306167622552,0.607360312607323,17,-0.38311208127409,2.17972441651919,0.157422523396828,8.98306167622552,-3.8311208127409,21.7972441651919,6.63501674991485,-6.11806760851892,19.3881011083486,2.34804492631067,205,18,3.36690690874189,9.29982426631481,5.93291735757292,3.26810984117296,0,1,0,0,20261003-175015,4237598ec443fe56d60744856219d211,6c49e2a4c6b741a70851cb47ef9815bc,"season-block cluster, CR1, t(G-1)",team-match (120-minute matches count once),0.05,0.8,10,2026-10-03 17:50:35
net_fouls,prematch,rm_vs_other_elite,2023,2023/24,13,1.44606512401034,0.511762811342978,17,0.366339972483158,2.52579027553753,0.0116580506626342,14.4606512401034,3.66339972483158,25.2579027553753,12.7108712132746,2.25675549996953,23.1649869265797,1.74978002682883,205,18,10.0703349253683,14.9709399510053,4.90060502563702,2.64053628790636,0,0,1,0,20261003-175015,4237598ec443fe56d60744856219d211,6c49e2a4c6b741a70851cb47ef9815bc,"season-block cluster, CR1, t(G-1)",team-match (120-minute matches count once),0.05,0.8,10,2026-10-03 17:50:35
net_fouls,prematch,rm_vs_nonelite,2024,2024/25,14,0.84509282595533,0.643175792473133,17,-0.511889480289775,2.20207513220044,0.206322619731169,8.4509282595533,-5.11889480289775,22.0207513220044,6.63501674991485,-6.11806760851892,19.3881011083486,1.81591150963845,204,18,3.36690690874189,9.29982426631481,5.93291735757292,3.26810984117296,0,1,0,0,20261003-175015,4237598ec443fe56d60744856219d211,6c49e2a4c6b741a70851cb47ef9815bc,"season-block cluster, CR1, t(G-1)",team-match (120-minute matches count once),0.05,0.8,10,2026-10-03 17:50:35
net_fouls,prematch,rm_vs_other_elite,2024,2024/25,14,1.49574568801108,0.483365709953331,17,0.475933183361084,2.51555819266108,0.00658250142898454,14.9574568801108,4.75933183361084,25.1555819266108,12.7108712132746,2.25675549996953,23.1649869265797,2.2465856668362,204,18,10.0703349253683,14.9709399510053,4.90060502563702,2.64053628790636,0,0,1,0,20261003-175015,4237598ec443fe56d60744856219d211,6c49e2a4c6b741a70851cb47ef9815bc,"season-block cluster, CR1, t(G-1)",team-match (120-minute matches count once),0.05,0.8,10,2026-10-03 17:50:35
net_fouls,prematch,rm_vs_nonelite,2025,2025/26,14,0.929982426631481,0.612361402267067,17,-0.361987199135431,2.22195205239839,0.147220569641899,9.29982426631481,-3.61987199135431,22.2195205239839,6.63501674991485,-6.11806760851892,19.3881011083486,2.66480751639996,204,18,3.36690690874189,9.29982426631481,5.93291735757292,3.26810984117296,0,1,0,0,20261003-175015,4237598ec443fe56d60744856219d211,6c49e2a4c6b741a70851cb47ef9815bc,"season-block cluster, CR1, t(G-1)",team-match (120-minute matches count once),0.05,0.8,10,2026-10-03 17:50:35
net_fouls,prematch,rm_vs_other_elite,2025,2025/26,14,1.36643621112909,0.535484971837625,17,0.236661675850435,2.49621074640775,0.0206344047559434,13.6643621112909,2.36661675850435,24.9621074640775,12.7108712132746,2.25675549996953,23.1649869265797,0.953490898016285,204,18,10.0703349253683,14.9709399510053,4.90060502563702,2.64053628790636,0,0,1,0,20261003-175015,4237598ec443fe56d60744856219d211,6c49e2a4c6b741a70851cb47ef9815bc,"season-block cluster, CR1, t(G-1)",team-match (120-minute matches count once),0.05,0.8,10,2026-10-03 17:50:35
net_fouls,style,rm_vs_nonelite,2007,2007/08,8,0.707644710596856,0.647453054212432,17,-0.658361829096291,2.07365125029,0.289655115176266,7.07644710596856,-6.58361829096291,20.7365125029,6.39948325021914,-6.69564174077502,19.4946082412133,0.676963855749414,210,18,3.03708272923,9.13176853891264,6.09468580968263,3.36240052098914,0,1,0,1,20261003-175015,4237598ec443fe56d60744856219d211,6c49e2a4c6b741a70851cb47ef9815bc,"season-block cluster, CR1, t(G-1)",team-match (120-minute matches count once),0.05,0.8,10,2026-10-03 17:50:35
net_fouls,style,rm_vs_other_elite,2007,2007/08,8,1.26907089249068,0.522825199148166,17,0.166006142844072,2.37213564213729,0.0266111899909169,12.6907089249068,1.66006142844072,23.7213564213729,12.8920041655853,2.24712518286496,23.5368831483056,-0.20129524067849,210,18,10.0716131191095,15.3268605972599,5.25524747815039,2.8203910464758,0,0,1,1,20261003-175015,4237598ec443fe56d60744856219d211,6c49e2a4c6b741a70851cb47ef9815bc,"season-block cluster, CR1, t(G-1)",team-match (120-minute matches count once),0.05,0.8,10,2026-10-03 17:50:35
net_fouls,style,rm_vs_nonelite,2008,2008/09,8,0.556466319837145,0.643366794993999,17,-0.800918966501887,1.91385160617618,0.399119134556435,5.56466319837145,-8.00918966501887,19.1385160617618,6.39948325021914,-6.69564174077502,19.4946082412133,-0.834820051847691,210,18,3.03708272923,9.13176853891264,6.09468580968263,3.36240052098914,0,1,0,1,20261003-175015,4237598ec443fe56d60744856219d211,6c49e2a4c6b741a70851cb47ef9815bc,"season-block cluster, CR1, t(G-1)",team-match (120-minute matches count once),0.05,0.8,10,2026-10-03 17:50:35
net_fouls,style,rm_vs_other_elite,2008,2008/09,8,1.19346039766374,0.520037475501772,17,0.0962772307929884,2.29064356453449,0.0347352666199444,11.9346039766374,0.962772307929884,22.9064356453449,12.8920041655853,2.24712518286496,23.5368831483056,-0.957400188947903,210,18,10.0716131191095,15.3268605972599,5.25524747815039,2.8203910464758,0,0,1,1,20261003-175015,4237598ec443fe56d60744856219d211,6c49e2a4c6b741a70851cb47ef9815bc,"season-block cluster, CR1, t(G-1)",team-match (120-minute matches count once),0.05,0.8,10,2026-10-03 17:50:35
net_fouls,style,rm_vs_nonelite,2009,2009/10,8,0.824307805775758,0.627590242657783,17,-0.499791864679823,2.14840747623134,0.206483500844403,8.24307805775758,-4.99791864679823,21.4840747623134,6.39948325021914,-6.69564174077502,19.4946082412133,1.84359480753844,210,18,3.03708272923,9.13176853891264,6.09468580968263,3.36240052098914,0,1,0,1,20261003-175015,4237598ec443fe56d60744856219d211,6c49e2a4c6b741a70851cb47ef9815bc,"season-block cluster, CR1, t(G-1)",team-match (120-minute matches count once),0.05,0.8,10,2026-10-03 17:50:35
net_fouls,style,rm_vs_other_elite,2009,2009/10,8,1.53268605972599,0.465300202743994,17,0.550988443607708,2.51438367584427,0.00428549488976879,15.3268605972599,5.50988443607708,25.1438367584427,12.8920041655853,2.24712518286496,23.5368831483056,2.43485643167459,210,18,10.0716131191095,15.3268605972599,5.25524747815039,2.8203910464758,0,0,1,1,20261003-175015,4237598ec443fe56d60744856219d211,6c49e2a4c6b741a70851cb47ef9815bc,"season-block cluster, CR1, t(G-1)",team-match (120-minute matches count once),0.05,0.8,10,2026-10-03 17:50:35
net_fouls,style,rm_vs_nonelite,2010,2010/11,12,0.651993071937051,0.643414131508684,17,-0.705492085718066,2.00947822959217,0.325107117017666,6.51993071937051,-7.05492085718066,20.0947822959217,6.39948325021914,-6.69564174077502,19.4946082412133,0.120447469151362,206,18,3.03708272923,9.13176853891264,6.09468580968263,3.36240052098914,0,1,0,1,20261003-175015,4237598ec443fe56d60744856219d211,6c49e2a4c6b741a70851cb47ef9815bc,"season-block cluster, CR1, t(G-1)",team-match (120-minute matches count once),0.05,0.8,10,2026-10-03 17:50:35
net_fouls,style,rm_vs_other_elite,2010,2010/11,12,1.29210248282469,0.533060533356286,17,0.167443065621461,2.41676190002792,0.0267954699962827,12.9210248282469,1.67443065621461,24.1676190002792,12.8920041655853,2.24712518286496,23.5368831483056,0.0290206626616119,206,18,10.0716131191095,15.3268605972599,5.25524747815039,2.8203910464758,0,0,1,1,20261003-175015,4237598ec443fe56d60744856219d211,6c49e2a4c6b741a70851cb47ef9815bc,"season-block cluster, CR1, t(G-1)",team-match (120-minute matches count once),0.05,0.8,10,2026-10-03 17:50:35
net_fouls,style,rm_vs_nonelite,2011,2011/12,12,0.629103860921095,0.655800002625126,17,-0.754513200560525,2.01272092240271,0.350857416852261,6.29103860921095,-7.54513200560525,20.1272092240271,6.39948325021914,-6.69564174077502,19.4946082412133,-0.108444641008195,206,18,3.03708272923,9.13176853891264,6.09468580968263,3.36240052098914,0,1,0,1,20261003-175015,4237598ec443fe56d60744856219d211,6c49e2a4c6b741a70851cb47ef9815bc,"season-block cluster, CR1, t(G-1)",team-match (120-minute matches count once),0.05,0.8,10,2026-10-03 17:50:35
net_fouls,style,rm_vs_other_elite,2011,2011/12,12,1.2789707144487,0.540493546661564,17,0.138629009983757,2.41931241891365,0.0301061319448202,12.789707144487,1.38629009983757,24.1931241891365,12.8920041655853,2.24712518286496,23.5368831483056,-0.102297021098261,206,18,10.0716131191095,15.3268605972599,5.25524747815039,2.8203910464758,0,0,1,1,20261003-175015,4237598ec443fe56d60744856219d211,6c49e2a4c6b741a70851cb47ef9815bc,"season-block cluster, CR1, t(G-1)",team-match (120-minute matches count once),0.05,0.8,10,2026-10-03 17:50:35
net_fouls,style,rm_vs_nonelite,2012,2012/13,12,0.668783322074851,0.655376002872545,17,-0.713939178123777,2.05150582227348,0.32181500179021,6.68783322074851,-7.13939178123777,20.5150582227348,6.39948325021914,-6.69564174077502,19.4946082412133,0.288349970529362,206,18,3.03708272923,9.13176853891264,6.09468580968263,3.36240052098914,0,1,0,1,20261003-175015,4237598ec443fe56d60744856219d211,6c49e2a4c6b741a70851cb47ef9815bc,"season-block cluster, CR1, t(G-1)",team-match (120-minute matches count once),0.05,0.8,10,2026-10-03 17:50:35
net_fouls,style,rm_vs_other_elite,2012,2012/13,12,1.33180216086067,0.534224946263171,17,0.204686047167465,2.45891827455387,0.0232806491617785,13.3180216086067,2.04686047167465,24.5891827455387,12.8920041655853,2.24712518286496,23.5368831483056,0.4260174430214,206,18,10.0716131191095,15.3268605972599,5.25524747815039,2.8203910464758,0,0,1,1,20261003-175015,4237598ec443fe56d60744856219d211,6c49e2a4c6b741a70851cb47ef9815bc,"season-block cluster, CR1, t(G-1)",team-match (120-minute matches count once),0.05,0.8,10,2026-10-03 17:50:35
net_fouls,style,rm_vs_nonelite,2013,2013/14,13,0.559036614622238,0.659376594489565,17,-0.832126396090529,1.950199625335,0.408313754813145,5.59036614622238,-8.32126396090529,19.50199625335,6.39948325021914,-6.69564174077502,19.4946082412133,-0.809117103996767,205,18,3.03708272923,9.13176853891264,6.09468580968263,3.36240052098914,0,1,0,1,20261003-175015,4237598ec443fe56d60744856219d211,6c49e2a4c6b741a70851cb47ef9815bc,"season-block cluster, CR1, t(G-1)",team-match (120-minute matches count once),0.05,0.8,10,2026-10-03 17:50:35
net_fouls,style,rm_vs_other_elite,2013,2013/14,13,1.23318077792533,0.529297648921591,17,0.116460352920004,2.34990120293065,0.0323942900011818,12.3318077792533,1.16460352920004,23.4990120293065,12.8920041655853,2.24712518286496,23.5368831483056,-0.560196386332013,205,18,10.0716131191095,15.3268605972599,5.25524747815039,2.8203910464758,0,0,1,1,20261003-175015,4237598ec443fe56d60744856219d211,6c49e2a4c6b741a70851cb47ef9815bc,"season-block cluster, CR1, t(G-1)",team-match (120-minute matches count once),0.05,0.8,10,2026-10-03 17:50:35
net_fouls,style,rm_vs_nonelite,2014,2014/15,12,0.674795962237858,0.631449122135676,17,-0.657445232253164,2.00703715672888,0.300169236323279,6.74795962237858,-6.57445232253164,20.0703715672888,6.39948325021914,-6.69564174077502,19.4946082412133,0.348476372159442,206,18,3.03708272923,9.13176853891264,6.09468580968263,3.36240052098914,0,1,0,1,20261003-175015,4237598ec443fe56d60744856219d211,6c49e2a4c6b741a70851cb47ef9815bc,"season-block cluster, CR1, t(G-1)",team-match (120-minute matches count once),0.05,0.8,10,2026-10-03 17:50:35
net_fouls,style,rm_vs_other_elite,2014,2014/15,12,1.29270550785879,0.524564298840909,17,0.185971578589031,2.39943943712855,0.02468158883402,12.9270550785879,1.85971578589031,23.9943943712855,12.8920041655853,2.24712518286496,23.5368831483056,0.0350509130026389,206,18,10.0716131191095,15.3268605972599,5.25524747815039,2.8203910464758,0,0,1,1,20261003-175015,4237598ec443fe56d60744856219d211,6c49e2a4c6b741a70851cb47ef9815bc,"season-block cluster, CR1, t(G-1)",team-match (120-minute matches count once),0.05,0.8,10,2026-10-03 17:50:35
net_fouls,style,rm_vs_nonelite,2015,2015/16,13,0.692006549288989,0.654969985792352,17,-0.689859329748982,2.07387242832696,0.305502362131969,6.92006549288989,-6.89859329748982,20.7387242832696,6.39948325021914,-6.69564174077502,19.4946082412133,0.520582242670746,205,18,3.03708272923,9.13176853891264,6.09468580968263,3.36240052098914,0,1,0,1,20261003-175015,4237598ec443fe56d60744856219d211,6c49e2a4c6b741a70851cb47ef9815bc,"season-block cluster, CR1, t(G-1)",team-match (120-minute matches count once),0.05,0.8,10,2026-10-03 17:50:35
net_fouls,style,rm_vs_other_elite,2015,2015/16,13,1.34402362316915,0.538322798514919,17,0.208261796959545,2.47978544937875,0.0231038998179497,13.4402362316915,2.08261796959545,24.7978544937875,12.8920041655853,2.24712518286496,23.5368831483056,0.548232066106189,205,18,10.0716131191095,15.3268605972599,5.25524747815039,2.8203910464758,0,0,1,1,20261003-175015,4237598ec443fe56d60744856219d211,6c49e2a4c6b741a70851cb47ef9815bc,"season-block cluster, CR1, t(G-1)",team-match (120-minute matches count once),0.05,0.8,10,2026-10-03 17:50:35
net_fouls,style,rm_vs_nonelite,2016,2016/17,13,0.303708272923,0.543824293911579,17,-0.843660693975852,1.45107723982185,0.583806660662637,3.03708272923,-8.43660693975852,14.5107723982185,6.39948325021914,-6.69564174077502,19.4946082412133,-3.36240052098914,205,18,3.03708272923,9.13176853891264,6.09468580968263,3.36240052098914,0,1,0,1,20261003-175015,4237598ec443fe56d60744856219d211,6c49e2a4c6b741a70851cb47ef9815bc,"season-block cluster, CR1, t(G-1)",team-match (120-minute matches count once),0.05,0.8,10,2026-10-03 17:50:35
net_fouls,style,rm_vs_other_elite,2016,2016/17,13,1.00716131191095,0.444811575002223,17,0.0686909217706853,1.94563170205121,0.0369246961146166,10.0716131191095,0.686909217706853,19.4563170205121,12.8920041655853,2.24712518286496,23.5368831483056,-2.8203910464758,205,18,10.0716131191095,15.3268605972599,5.25524747815039,2.8203910464758,0,0,1,1,20261003-175015,4237598ec443fe56d60744856219d211,6c49e2a4c6b741a70851cb47ef9815bc,"season-block cluster, CR1, t(G-1)",team-match (120-minute matches count once),0.05,0.8,10,2026-10-03 17:50:35
net_fouls,style,rm_vs_nonelite,2017,2017/18,13,0.626560665811051,0.662479454353874,17,-0.771148806979268,2.02427013860137,0.357510259564752,6.26560665811051,-7.71148806979268,20.2427013860137,6.39948325021914,-6.69564174077502,19.4946082412133,-0.133876592108637,205,18,3.03708272923,9.13176853891264,6.09468580968263,3.36240052098914,0,1,0,1,20261003-175015,4237598ec443fe56d60744856219d211,6c49e2a4c6b741a70851cb47ef9815bc,"season-block cluster, CR1, t(G-1)",team-match (120-minute matches count once),0.05,0.8,10,2026-10-03 17:50:35
net_fouls,style,rm_vs_other_elite,2017,2017/18,13,1.22639492005917,0.535895250303043,17,0.0957547728829273,2.35703506723542,0.0351851083464478,12.2639492005917,0.957547728829273,23.5703506723542,12.8920041655853,2.24712518286496,23.5368831483056,-0.628054964993561,205,18,10.0716131191095,15.3268605972599,5.25524747815039,2.8203910464758,0,0,1,1,20261003-175015,4237598ec443fe56d60744856219d211,6c49e2a4c6b741a70851cb47ef9815bc,"season-block cluster, CR1, t(G-1)",team-match (120-minute matches count once),0.05,0.8,10,2026-10-03 17:50:35
net_fouls,style,rm_vs_nonelite,2018,2018/19,8,0.598414743382117,0.658723556525774,17,-0.791370477661725,1.98819996442596,0.376341723997707,5.98414743382117,-7.91370477661725,19.8819996442596,6.39948325021914,-6.69564174077502,19.4946082412133,-0.415335816397974,210,18,3.03708272923,9.13176853891264,6.09468580968263,3.36240052098914,0,1,0,1,20261003-175015,4237598ec443fe56d60744856219d211,6c49e2a4c6b741a70851cb47ef9815bc,"season-block cluster, CR1, t(G-1)",team-match (120-minute matches count once),0.05,0.8,10,2026-10-03 17:50:35
net_fouls,style,rm_vs_other_elite,2018,2018/19,8,1.29183400234344,0.531381929886781,17,0.170716128889182,2.41295187579771,0.0264093460436446,12.9183400234344,1.70716128889182,24.1295187579771,12.8920041655853,2.24712518286496,23.5368831483056,0.0263358578491557,210,18,10.0716131191095,15.3268605972599,5.25524747815039,2.8203910464758,0,0,1,1,20261003-175015,4237598ec443fe56d60744856219d211,6c49e2a4c6b741a70851cb47ef9815bc,"season-block cluster, CR1, t(G-1)",team-match (120-minute matches count once),0.05,0.8,10,2026-10-03 17:50:35
net_fouls,style,rm_vs_nonelite,2019,2019/20,8,0.387507684121346,0.592208798015263,17,-0.861943663261199,1.63695903150389,0.521645659525419,3.87507684121346,-8.61943663261199,16.3695903150389,6.39948325021914,-6.69564174077502,19.4946082412133,-2.52440640900568,210,18,3.03708272923,9.13176853891264,6.09468580968263,3.36240052098914,0,1,0,1,20261003-175015,4237598ec443fe56d60744856219d211,6c49e2a4c6b741a70851cb47ef9815bc,"season-block cluster, CR1, t(G-1)",team-match (120-minute matches count once),0.05,0.8,10,2026-10-03 17:50:35
net_fouls,style,rm_vs_other_elite,2019,2019/20,8,1.20429247668247,0.515295434210316,17,0.11711414239916,2.29147081096578,0.0319268698216232,12.0429247668247,1.1711414239916,22.9147081096578,12.8920041655853,2.24712518286496,23.5368831483056,-0.849079398760608,210,18,10.0716131191095,15.3268605972599,5.25524747815039,2.8203910464758,0,0,1,1,20261003-175015,4237598ec443fe56d60744856219d211,6c49e2a4c6b741a70851cb47ef9815bc,"season-block cluster, CR1, t(G-1)",team-match (120-minute matches count once),0.05,0.8,10,2026-10-03 17:50:35
net_fouls,style,rm_vs_nonelite,2020,2020/21,12,0.695827751904274,0.664389779334284,17,-0.705912154288437,2.09756765809699,0.309615751255166,6.95827751904274,-7.05912154288437,20.9756765809699,6.39948325021914,-6.69564174077502,19.4946082412133,0.5587942688236,206,18,3.03708272923,9.13176853891264,6.09468580968263,3.36240052098914,0,1,0,1,20261003-175015,4237598ec443fe56d60744856219d211,6c49e2a4c6b741a70851cb47ef9815bc,"season-block cluster, CR1, t(G-1)",team-match (120-minute matches count once),0.05,0.8,10,2026-10-03 17:50:35
net_fouls,style,rm_vs_other_elite,2020,2020/21,12,1.30584831395155,0.533315282938772,17,0.180651422110746,2.43104520579235,0.0254883218837491,13.0584831395155,1.80651422110746,24.3104520579235,12.8920041655853,2.24712518286496,23.5368831483056,0.16647897393022,206,18,10.0716131191095,15.3268605972599,5.25524747815039,2.8203910464758,0,0,1,1,20261003-175015,4237598ec443fe56d60744856219d211,6c49e2a4c6b741a70851cb47ef9815bc,"season-block cluster, CR1, t(G-1)",team-match (120-minute matches count once),0.05,0.8,10,2026-10-03 17:50:35
net_fouls,style,rm_vs_nonelite,2021,2021/22,13,0.409664032285354,0.616406749225869,17,-0.890840529512979,1.71016859408369,0.515221030044622,4.09664032285354,-8.90840529512979,17.1016859408369,6.39948325021914,-6.69564174077502,19.4946082412133,-2.3028429273656,205,18,3.03708272923,9.13176853891264,6.09468580968263,3.36240052098914,0,1,0,1,20261003-175015,4237598ec443fe56d60744856219d211,6c49e2a4c6b741a70851cb47ef9815bc,"season-block cluster, CR1, t(G-1)",team-match (120-minute matches count once),0.05,0.8,10,2026-10-03 17:50:35
net_fouls,style,rm_vs_other_elite,2021,2021/22,13,1.08918715581304,0.498114936520172,17,0.0382565031913222,2.14011780843475,0.0430418118449922,10.8918715581304,0.382565031913222,21.4011780843475,12.8920041655853,2.24712518286496,23.5368831483056,-2.00013260745493,205,18,10.0716131191095,15.3268605972599,5.25524747815039,2.8203910464758,0,0,1,1,20261003-175015,4237598ec443fe56d60744856219d211,6c49e2a4c6b741a70851cb47ef9815bc,"season-block cluster, CR1, t(G-1)",team-match (120-minute matches count once),0.05,0.8,10,2026-10-03 17:50:35
net_fouls,style,rm_vs_nonelite,2022,2022/23,12,0.588310887553724,0.675013217804877,17,-0.835842514614398,2.01246428972185,0.395593635757315,5.88310887553724,-8.35842514614398,20.1246428972185,6.39948325021914,-6.69564174077502,19.4946082412133,-0.516374374681899,206,18,3.03708272923,9.13176853891264,6.09468580968263,3.36240052098914,0,1,0,1,20261003-175015,4237598ec443fe56d60744856219d211,6c49e2a4c6b741a70851cb47ef9815bc,"season-block cluster, CR1, t(G-1)",team-match (120-minute matches count once),0.05,0.8,10,2026-10-03 17:50:35
net_fouls,style,rm_vs_other_elite,2022,2022/23,12,1.27228882743551,0.543834820215454,17,0.124897651976763,2.41968000289425,0.0317744180979515,12.7228882743551,1.24897651976763,24.1968000289425,12.8920041655853,2.24712518286496,23.5368831483056,-0.169115891230207,206,18,10.0716131191095,15.3268605972599,5.25524747815039,2.8203910464758,0,0,1,1,20261003-175015,4237598ec443fe56d60744856219d211,6c49e2a4c6b741a70851cb47ef9815bc,"season-block cluster, CR1, t(G-1)",team-match (120-minute matches count once),0.05,0.8,10,2026-10-03 17:50:35
net_fouls,style,rm_vs_nonelite,2023,2023/24,13,0.842417822222779,0.636539560772017,17,-0.500563259001201,2.18539890344676,0.203214936710678,8.42417822222779,-5.00563259001201,21.8539890344676,6.39948325021914,-6.69564174077502,19.4946082412133,2.02469497200864,205,18,3.03708272923,9.13176853891264,6.09468580968263,3.36240052098914,0,1,0,1,20261003-175015,4237598ec443fe56d60744856219d211,6c49e2a4c6b741a70851cb47ef9815bc,"season-block cluster, CR1, t(G-1)",team-match (120-minute matches count once),0.05,0.8,10,2026-10-03 17:50:35
net_fouls,style,rm_vs_other_elite,2023,2023/24,13,1.44402849470774,0.527100176822235,17,0.331944330569496,2.55611265884599,0.0139699557625256,14.4402849470774,3.31944330569496,25.5611265884599,12.8920041655853,2.24712518286496,23.5368831483056,1.54828078149214,205,18,10.0716131191095,15.3268605972599,5.25524747815039,2.8203910464758,0,0,1,1,20261003-175015,4237598ec443fe56d60744856219d211,6c49e2a4c6b741a70851cb47ef9815bc,"season-block cluster, CR1, t(G-1)",team-match (120-minute matches count once),0.05,0.8,10,2026-10-03 17:50:35
net_fouls,style,rm_vs_nonelite,2024,2024/25,14,0.814181213335741,0.656907768868759,17,-0.571773030623294,2.20013545729478,0.232030354788769,8.14181213335741,-5.71773030623294,22.0013545729478,6.39948325021914,-6.69564174077502,19.4946082412133,1.74232888313827,204,18,3.03708272923,9.13176853891264,6.09468580968263,3.36240052098914,0,1,0,1,20261003-175015,4237598ec443fe56d60744856219d211,6c49e2a4c6b741a70851cb47ef9815bc,"season-block cluster, CR1, t(G-1)",team-match (120-minute matches count once),0.05,0.8,10,2026-10-03 17:50:35
net_fouls,style,rm_vs_other_elite,2024,2024/25,14,1.50338319351786,0.492825022442225,17,0.463613284023198,2.54315310301252,0.0072308376319831,15.0338319351786,4.63613284023198,25.4315310301252,12.8920041655853,2.24712518286496,23.5368831483056,2.1418277695933,204,18,10.0716131191095,15.3268605972599,5.25524747815039,2.8203910464758,0,0,1,1,20261003-175015,4237598ec443fe56d60744856219d211,6c49e2a4c6b741a70851cb47ef9815bc,"season-block cluster, CR1, t(G-1)",team-match (120-minute matches count once),0.05,0.8,10,2026-10-03 17:50:35
net_fouls,style,rm_vs_nonelite,2025,2025/26,14,0.913176853891264,0.628398250555128,17,-0.412627564213149,2.23898127199568,0.164383793817607,9.13176853891264,-4.12627564213149,22.3898127199568,6.39948325021914,-6.69564174077502,19.4946082412133,2.73228528869349,204,18,3.03708272923,9.13176853891264,6.09468580968263,3.36240052098914,0,1,0,1,20261003-175015,4237598ec443fe56d60744856219d211,6c49e2a4c6b741a70851cb47ef9815bc,"season-block cluster, CR1, t(G-1)",team-match (120-minute matches count once),0.05,0.8,10,2026-10-03 17:50:35
net_fouls,style,rm_vs_other_elite,2025,2025/26,14,1.39852387320144,0.540098338850152,17,0.259015984333491,2.53803176206938,0.0190943857489486,13.9852387320144,2.59015984333491,25.3803176206938,12.8920041655853,2.24712518286496,23.5368831483056,1.09323456642909,204,18,10.0716131191095,15.3268605972599,5.25524747815039,2.8203910464758,0,0,1,1,20261003-175015,4237598ec443fe56d60744856219d211,6c49e2a4c6b741a70851cb47ef9815bc,"season-block cluster, CR1, t(G-1)",team-match (120-minute matches count once),0.05,0.8,10,2026-10-03 17:50:35
net_pens,prematch,rm_vs_nonelite,2007,2007/08,8,-0.000259883017455591,0.0604636388362817,17,-0.12782701012673,0.127307244091819,0.996620602718852,-0.00259883017455591,-1.2782701012673,1.27307244091819,-0.0134427131062856,-1.22177270925155,1.19488728303898,0.0108438829317297,210,18,-0.301347941179718,0.309607374650142,0.61095531582986,0.323050087756427,7,1,0,0,20261003-175015,4237598ec443fe56d60744856219d211,6c49e2a4c6b741a70851cb47ef9815bc,"season-block cluster, CR1, t(G-1)",team-match (120-minute matches count once),0.05,0.8,10,2026-10-03 17:50:35
net_pens,prematch,rm_vs_other_elite,2007,2007/08,8,-0.0543695596048242,0.0467981969332644,17,-0.153105124509137,0.0443660052994883,0.261374245416623,-0.543695596048242,-1.53105124509137,0.443660052994883,-0.50918123019064,-1.45116674346118,0.432804283079905,-0.0345143658576021,210,18,-0.698919110619475,-0.276267745904252,0.422651364715222,0.232913484286387,0,1,0,0,20261003-175015,4237598ec443fe56d60744856219d211,6c49e2a4c6b741a70851cb47ef9815bc,"season-block cluster, CR1, t(G-1)",team-match (120-minute matches count once),0.05,0.8,10,2026-10-03 17:50:35
net_pens,prematch,rm_vs_nonelite,2008,2008/09,8,-0.00217746602523397,0.0597949714092615,17,-0.128333828180592,0.123978896130124,0.971375220437023,-0.0217746602523397,-1.28333828180592,1.23978896130124,-0.0134427131062856,-1.22177270925155,1.19488728303898,-0.00833194714605405,210,18,-0.301347941179718,0.309607374650142,0.61095531582986,0.323050087756427,7,1,0,0,20261003-175015,4237598ec443fe56d60744856219d211,6c49e2a4c6b741a70851cb47ef9815bc,"season-block cluster, CR1, t(G-1)",team-match (120-minute matches count once),0.05,0.8,10,2026-10-03 17:50:35
net_pens,prematch,rm_vs_other_elite,2008,2008/09,8,-0.0453449849293753,0.0461880153484491,17,-0.142793179220737,0.0521032093619869,0.339990543165274,-0.453449849293753,-1.42793179220737,0.521032093619869,-0.50918123019064,-1.45116674346118,0.432804283079905,0.0557313808968867,210,18,-0.698919110619475,-0.276267745904252,0.422651364715222,0.232913484286387,0,1,0,0,20261003-175015,4237598ec443fe56d60744856219d211,6c49e2a4c6b741a70851cb47ef9815bc,"season-block cluster, CR1, t(G-1)",team-match (120-minute matches count once),0.05,0.8,10,2026-10-03 17:50:35
net_pens,prematch,rm_vs_nonelite,2009,2009/10,8,0.0204098356640522,0.0560942709538978,17,-0.0979387310216842,0.138758402349789,0.72045653783041,0.204098356640522,-0.979387310216842,1.38758402349789,-0.0134427131062856,-1.22177270925155,1.19488728303898,0.217541069746808,210,18,-0.301347941179718,0.309607374650142,0.61095531582986,0.323050087756427,7,1,0,0,20261003-175015,4237598ec443fe56d60744856219d211,6c49e2a4c6b741a70851cb47ef9815bc,"season-block cluster, CR1, t(G-1)",team-match (120-minute matches count once),0.05,0.8,10,2026-10-03 17:50:35
net_pens,prematch,rm_vs_other_elite,2009,2009/10,8,-0.0381017841118078,0.0447933267937096,17,-0.132607442764155,0.0564038745405393,0.406806118855885,-0.381017841118078,-1.32607442764155,0.564038745405393,-0.50918123019064,-1.45116674346118,0.432804283079905,0.128163389072562,210,18,-0.698919110619475,-0.276267745904252,0.422651364715222,0.232913484286387,0,1,0,0,20261003-175015,4237598ec443fe56d60744856219d211,6c49e2a4c6b741a70851cb47ef9815bc,"season-block cluster, CR1, t(G-1)",team-match (120-minute matches count once),0.05,0.8,10,2026-10-03 17:50:35
net_pens,prematch,rm_vs_nonelite,2010,2010/11,12,0.00448841925449362,0.059486084286886,17,-0.121016248038284,0.129993086547271,0.940734906748879,0.0448841925449362,-1.21016248038284,1.29993086547271,-0.0134427131062856,-1.22177270925155,1.19488728303898,0.0583269056512219,206,18,-0.301347941179718,0.309607374650142,0.61095531582986,0.323050087756427,7,1,0,0,20261003-175015,4237598ec443fe56d60744856219d211,6c49e2a4c6b741a70851cb47ef9815bc,"season-block cluster, CR1, t(G-1)",team-match (120-minute matches count once),0.05,0.8,10,2026-10-03 17:50:35
net_pens,prematch,rm_vs_other_elite,2010,2010/11,12,-0.0479551404345065,0.04716635298049,17,-0.147467446702329,0.0515571658333162,0.323537545353763,-0.479551404345065,-1.47467446702329,0.515571658333162,-0.50918123019064,-1.45116674346118,0.432804283079905,0.029629825845575,206,18,-0.698919110619475,-0.276267745904252,0.422651364715222,0.232913484286387,0,1,0,0,20261003-175015,4237598ec443fe56d60744856219d211,6c49e2a4c6b741a70851cb47ef9815bc,"season-block cluster, CR1, t(G-1)",team-match (120-minute matches count once),0.05,0.8,10,2026-10-03 17:50:35
net_pens,prematch,rm_vs_nonelite,2011,2011/12,12,0.00570864306059295,0.0593086445987945,17,-0.119421659214123,0.130838945335309,0.924445128691837,0.0570864306059295,-1.19421659214123,1.30838945335309,-0.0134427131062856,-1.22177270925155,1.19488728303898,0.0705291437122151,206,18,-0.301347941179718,0.309607374650142,0.61095531582986,0.323050087756427,7,1,0,0,20261003-175015,4237598ec443fe56d60744856219d211,6c49e2a4c6b741a70851cb47ef9815bc,"season-block cluster, CR1, t(G-1)",team-match (120-minute matches count once),0.05,0.8,10,2026-10-03 17:50:35
net_pens,prematch,rm_vs_other_elite,2011,2011/12,12,-0.0440622242068591,0.0463205734254819,17,-0.141790091594113,0.0536656431803945,0.354809432699244,-0.440622242068591,-1.41790091594113,0.536656431803945,-0.50918123019064,-1.45116674346118,0.432804283079905,0.0685589881220487,206,18,-0.698919110619475,-0.276267745904252,0.422651364715222,0.232913484286387,0,1,0,0,20261003-175015,4237598ec443fe56d60744856219d211,6c49e2a4c6b741a70851cb47ef9815bc,"season-block cluster, CR1, t(G-1)",team-match (120-minute matches count once),0.05,0.8,10,2026-10-03 17:50:35
net_pens,prematch,rm_vs_nonelite,2012,2012/13,12,0.00216383492558121,0.059371342914969,17,-0.123098749233304,0.127426419084467,0.971351458880792,0.0216383492558121,-1.23098749233304,1.27426419084467,-0.0134427131062856,-1.22177270925155,1.19488728303898,0.0350810623620978,206,18,-0.301347941179718,0.309607374650142,0.61095531582986,0.323050087756427,7,1,0,0,20261003-175015,4237598ec443fe56d60744856219d211,6c49e2a4c6b741a70851cb47ef9815bc,"season-block cluster, CR1, t(G-1)",team-match (120-minute matches count once),0.05,0.8,10,2026-10-03 17:50:35
net_pens,prematch,rm_vs_other_elite,2012,2012/13,12,-0.0439838840949713,0.0462272416675142,17,-0.141514838685358,0.0535470704954155,0.354698088890274,-0.439838840949713,-1.41514838685358,0.535470704954155,-0.50918123019064,-1.45116674346118,0.432804283079905,0.0693423892409265,206,18,-0.698919110619475,-0.276267745904252,0.422651364715222,0.232913484286387,0,1,0,0,20261003-175015,4237598ec443fe56d60744856219d211,6c49e2a4c6b741a70851cb47ef9815bc,"season-block cluster, CR1, t(G-1)",team-match (120-minute matches count once),0.05,0.8,10,2026-10-03 17:50:35
net_pens,prematch,rm_vs_nonelite,2013,2013/14,13,-0.0104656491411323,0.0609401614073938,17,-0.139038150994128,0.118106852711864,0.865672446565036,-0.104656491411323,-1.39038150994128,1.18106852711864,-0.0134427131062856,-1.22177270925155,1.19488728303898,-0.091213778305037,205,18,-0.301347941179718,0.309607374650142,0.61095531582986,0.323050087756427,7,1,0,0,20261003-175015,4237598ec443fe56d60744856219d211,6c49e2a4c6b741a70851cb47ef9815bc,"season-block cluster, CR1, t(G-1)",team-match (120-minute matches count once),0.05,0.8,10,2026-10-03 17:50:35
net_pens,prematch,rm_vs_other_elite,2013,2013/14,13,-0.0631930847473874,0.0465651358225619,17,-0.161436933689753,0.0350507641949778,0.192498932354686,-0.631930847473874,-1.61436933689753,0.350507641949778,-0.50918123019064,-1.45116674346118,0.432804283079905,-0.122749617283235,205,18,-0.698919110619475,-0.276267745904252,0.422651364715222,0.232913484286387,0,1,0,0,20261003-175015,4237598ec443fe56d60744856219d211,6c49e2a4c6b741a70851cb47ef9815bc,"season-block cluster, CR1, t(G-1)",team-match (120-minute matches count once),0.05,0.8,10,2026-10-03 17:50:35
net_pens,prematch,rm_vs_nonelite,2014,2014/15,12,-0.0048882845704122,0.0614046368263486,17,-0.13444074389784,0.124664174757015,0.93747885375895,-0.048882845704122,-1.3444074389784,1.24664174757015,-0.0134427131062856,-1.22177270925155,1.19488728303898,-0.0354401325978364,206,18,-0.301347941179718,0.309607374650142,0.61095531582986,0.323050087756427,7,1,0,0,20261003-175015,4237598ec443fe56d60744856219d211,6c49e2a4c6b741a70851cb47ef9815bc,"season-block cluster, CR1, t(G-1)",team-match (120-minute matches count once),0.05,0.8,10,2026-10-03 17:50:35
net_pens,prematch,rm_vs_other_elite,2014,2014/15,12,-0.0587209082038384,0.0484493780390174,17,-0.160940160726893,0.0434983443192158,0.242087154349654,-0.587209082038384,-1.60940160726893,0.434983443192158,-0.50918123019064,-1.45116674346118,0.432804283079905,-0.0780278518477445,206,18,-0.698919110619475,-0.276267745904252,0.422651364715222,0.232913484286387,0,1,0,0,20261003-175015,4237598ec443fe56d60744856219d211,6c49e2a4c6b741a70851cb47ef9815bc,"season-block cluster, CR1, t(G-1)",team-match (120-minute matches count once),0.05,0.8,10,2026-10-03 17:50:35
net_pens,prematch,rm_vs_nonelite,2015,2015/16,13,-0.00435288716833045,0.062100820769944,17,-0.135374166224993,0.126668391888332,0.944936890377426,-0.0435288716833045,-1.35374166224993,1.26668391888332,-0.0134427131062856,-1.22177270925155,1.19488728303898,-0.0300861585770189,205,18,-0.301347941179718,0.309607374650142,0.61095531582986,0.323050087756427,7,1,0,0,20261003-175015,4237598ec443fe56d60744856219d211,6c49e2a4c6b741a70851cb47ef9815bc,"season-block cluster, CR1, t(G-1)",team-match (120-minute matches count once),0.05,0.8,10,2026-10-03 17:50:35
net_pens,prematch,rm_vs_other_elite,2015,2015/16,13,-0.0485428721498752,0.0493703012836045,17,-0.152705102880348,0.0556193585805978,0.339276703670557,-0.485428721498752,-1.52705102880348,0.556193585805978,-0.50918123019064,-1.45116674346118,0.432804283079905,0.0237525086918879,205,18,-0.698919110619475,-0.276267745904252,0.422651364715222,0.232913484286387,0,1,0,0,20261003-175015,4237598ec443fe56d60744856219d211,6c49e2a4c6b741a70851cb47ef9815bc,"season-block cluster, CR1, t(G-1)",team-match (120-minute matches count once),0.05,0.8,10,2026-10-03 17:50:35
net_pens,prematch,rm_vs_nonelite,2016,2016/17,13,0.0309607374650142,0.0477481231552824,17,-0.0697789965803043,0.131700471510333,0.525377268828315,0.309607374650142,-0.697789965803043,1.31700471510333,-0.0134427131062856,-1.22177270925155,1.19488728303898,0.323050087756427,205,18,-0.301347941179718,0.309607374650142,0.61095531582986,0.323050087756427,7,1,0,0,20261003-175015,4237598ec443fe56d60744856219d211,6c49e2a4c6b741a70851cb47ef9815bc,"season-block cluster, CR1, t(G-1)",team-match (120-minute matches count once),0.05,0.8,10,2026-10-03 17:50:35
net_pens,prematch,rm_vs_other_elite,2016,2016/17,13,-0.0276267745904252,0.0382507074048917,17,-0.10832871293641,0.0530751637555594,0.479955860948649,-0.276267745904252,-1.0832871293641,0.530751637555594,-0.50918123019064,-1.45116674346118,0.432804283079905,0.232913484286387,205,18,-0.698919110619475,-0.276267745904252,0.422651364715222,0.232913484286387,0,1,0,0,20261003-175015,4237598ec443fe56d60744856219d211,6c49e2a4c6b741a70851cb47ef9815bc,"season-block cluster, CR1, t(G-1)",team-match (120-minute matches count once),0.05,0.8,10,2026-10-03 17:50:35
net_pens,prematch,rm_vs_nonelite,2017,2017/18,13,-0.021844641713129,0.0580165646913705,17,-0.144248893671357,0.100559610245099,0.711185385326037,-0.218446417131289,-1.44248893671357,1.00559610245099,-0.0134427131062856,-1.22177270925155,1.19488728303898,-0.205003704025004,205,18,-0.301347941179718,0.309607374650142,0.61095531582986,0.323050087756427,7,1,0,0,20261003-175015,4237598ec443fe56d60744856219d211,6c49e2a4c6b741a70851cb47ef9815bc,"season-block cluster, CR1, t(G-1)",team-match (120-minute matches count once),0.05,0.8,10,2026-10-03 17:50:35
net_pens,prematch,rm_vs_other_elite,2017,2017/18,13,-0.0698919110619474,0.0445205543885426,17,-0.16382207024467,0.0240382481207752,0.134868032461698,-0.698919110619475,-1.6382207024467,0.240382481207752,-0.50918123019064,-1.45116674346118,0.432804283079905,-0.189737880428835,205,18,-0.698919110619475,-0.276267745904252,0.422651364715222,0.232913484286387,0,1,0,0,20261003-175015,4237598ec443fe56d60744856219d211,6c49e2a4c6b741a70851cb47ef9815bc,"season-block cluster, CR1, t(G-1)",team-match (120-minute matches count once),0.05,0.8,10,2026-10-03 17:50:35
net_pens,prematch,rm_vs_nonelite,2018,2018/19,8,-0.0100207857682557,0.0603518725448064,17,-0.137352106614699,0.117310535078188,0.870084698767203,-0.100207857682557,-1.37352106614699,1.17310535078188,-0.0134427131062856,-1.22177270925155,1.19488728303898,-0.0867651445762709,210,18,-0.301347941179718,0.309607374650142,0.61095531582986,0.323050087756427,7,1,0,0,20261003-175015,4237598ec443fe56d60744856219d211,6c49e2a4c6b741a70851cb47ef9815bc,"season-block cluster, CR1, t(G-1)",team-match (120-minute matches count once),0.05,0.8,10,2026-10-03 17:50:35
net_pens,prematch,rm_vs_other_elite,2018,2018/19,8,-0.0560563476264095,0.0465575352959159,17,-0.154284160859257,0.0421714656064383,0.24507797360726,-0.560563476264095,-1.54284160859257,0.421714656064383,-0.50918123019064,-1.45116674346118,0.432804283079905,-0.0513822460734551,210,18,-0.698919110619475,-0.276267745904252,0.422651364715222,0.232913484286387,0,1,0,0,20261003-175015,4237598ec443fe56d60744856219d211,6c49e2a4c6b741a70851cb47ef9815bc,"season-block cluster, CR1, t(G-1)",team-match (120-minute matches count once),0.05,0.8,10,2026-10-03 17:50:35
net_pens,prematch,rm_vs_nonelite,2019,2019/20,8,-0.00226514840626907,0.0603402519650198,17,-0.129571951972455,0.125041655159917,0.970492079945074,-0.0226514840626907,-1.29571951972455,1.25041655159917,-0.0134427131062856,-1.22177270925155,1.19488728303898,-0.00920877095640506,210,18,-0.301347941179718,0.309607374650142,0.61095531582986,0.323050087756427,7,1,0,0,20261003-175015,4237598ec443fe56d60744856219d211,6c49e2a4c6b741a70851cb47ef9815bc,"season-block cluster, CR1, t(G-1)",team-match (120-minute matches count once),0.05,0.8,10,2026-10-03 17:50:35
net_pens,prematch,rm_vs_other_elite,2019,2019/20,8,-0.0511305933114866,0.0469336051766263,17,-0.150151844637011,0.047890658014038,0.291169749684491,-0.511305933114866,-1.50151844637011,0.47890658014038,-0.50918123019064,-1.45116674346118,0.432804283079905,-0.0021247029242262,210,18,-0.698919110619475,-0.276267745904252,0.422651364715222,0.232913484286387,0,1,0,0,20261003-175015,4237598ec443fe56d60744856219d211,6c49e2a4c6b741a70851cb47ef9815bc,"season-block cluster, CR1, t(G-1)",team-match (120-minute matches count once),0.05,0.8,10,2026-10-03 17:50:35
net_pens,prematch,rm_vs_nonelite,2020,2020/21,12,-0.0301347941179718,0.0537917076817055,17,-0.14362537694309,0.0833557887071465,0.582642347970814,-0.301347941179718,-1.4362537694309,0.833557887071465,-0.0134427131062856,-1.22177270925155,1.19488728303898,-0.287905228073432,206,18,-0.301347941179718,0.309607374650142,0.61095531582986,0.323050087756427,7,1,0,0,20261003-175015,4237598ec443fe56d60744856219d211,6c49e2a4c6b741a70851cb47ef9815bc,"season-block cluster, CR1, t(G-1)",team-match (120-minute matches count once),0.05,0.8,10,2026-10-03 17:50:35
net_pens,prematch,rm_vs_other_elite,2020,2020/21,12,-0.0625486880840017,0.0453483249823283,17,-0.158225290560366,0.0331279143923623,0.185680402934913,-0.625486880840017,-1.58225290560366,0.331279143923623,-0.50918123019064,-1.45116674346118,0.432804283079905,-0.116305650649378,206,18,-0.698919110619475,-0.276267745904252,0.422651364715222,0.232913484286387,0,1,0,0,20261003-175015,4237598ec443fe56d60744856219d211,6c49e2a4c6b741a70851cb47ef9815bc,"season-block cluster, CR1, t(G-1)",team-match (120-minute matches count once),0.05,0.8,10,2026-10-03 17:50:35
net_pens,prematch,rm_vs_nonelite,2021,2021/22,13,-0.00959822177465153,0.0613946885386754,17,-0.139129692049773,0.11993324850047,0.877609448735739,-0.0959822177465153,-1.39129692049773,1.1993324850047,-0.0134427131062856,-1.22177270925155,1.19488728303898,-0.0825395046402297,205,18,-0.301347941179718,0.309607374650142,0.61095531582986,0.323050087756427,7,1,0,0,20261003-175015,4237598ec443fe56d60744856219d211,6c49e2a4c6b741a70851cb47ef9815bc,"season-block cluster, CR1, t(G-1)",team-match (120-minute matches count once),0.05,0.8,10,2026-10-03 17:50:35
net_pens,prematch,rm_vs_other_elite,2021,2021/22,13,-0.0585361982707259,0.0472678547210836,17,-0.15826265449203,0.0411902579505784,0.232399243570953,-0.585361982707259,-1.5826265449203,0.411902579505784,-0.50918123019064,-1.45116674346118,0.432804283079905,-0.076180752516619,205,18,-0.698919110619475,-0.276267745904252,0.422651364715222,0.232913484286387,0,1,0,0,20261003-175015,4237598ec443fe56d60744856219d211,6c49e2a4c6b741a70851cb47ef9815bc,"season-block cluster, CR1, t(G-1)",team-match (120-minute matches count once),0.05,0.8,10,2026-10-03 17:50:35
net_pens,prematch,rm_vs_nonelite,2022,2022/23,12,-0.00306472174790733,0.0617153195833353,17,-0.13327266439579,0.127143220899975,0.960972910984267,-0.0306472174790733,-1.3327266439579,1.27143220899975,-0.0134427131062856,-1.22177270925155,1.19488728303898,-0.0172045043727877,206,18,-0.301347941179718,0.309607374650142,0.61095531582986,0.323050087756427,7,1,0,0,20261003-175015,4237598ec443fe56d60744856219d211,6c49e2a4c6b741a70851cb47ef9815bc,"season-block cluster, CR1, t(G-1)",team-match (120-minute matches count once),0.05,0.8,10,2026-10-03 17:50:35
net_pens,prematch,rm_vs_other_elite,2022,2022/23,12,-0.0595247879068324,0.0476103210990146,17,-0.159973785027179,0.0409242092135147,0.228145189302797,-0.595247879068324,-1.59973785027179,0.409242092135148,-0.50918123019064,-1.45116674346118,0.432804283079905,-0.0860666488776839,206,18,-0.698919110619475,-0.276267745904252,0.422651364715222,0.232913484286387,0,1,0,0,20261003-175015,4237598ec443fe56d60744856219d211,6c49e2a4c6b741a70851cb47ef9815bc,"season-block cluster, CR1, t(G-1)",team-match (120-minute matches count once),0.05,0.8,10,2026-10-03 17:50:35
net_pens,prematch,rm_vs_nonelite,2023,2023/24,13,0.0107545335420843,0.0596293065921635,17,-0.115052306401461,0.13656137348563,0.859005226208494,0.107545335420843,-1.15052306401461,1.3656137348563,-0.0134427131062856,-1.22177270925155,1.19488728303898,0.120988048527129,205,18,-0.301347941179718,0.309607374650142,0.61095531582986,0.323050087756427,7,1,0,0,20261003-175015,4237598ec443fe56d60744856219d211,6c49e2a4c6b741a70851cb47ef9815bc,"season-block cluster, CR1, t(G-1)",team-match (120-minute matches count once),0.05,0.8,10,2026-10-03 17:50:35
net_pens,prematch,rm_vs_other_elite,2023,2023/24,13,-0.0434939498091189,0.0469197299635772,17,-0.142485926994007,0.0554980273757688,0.366908063572247,-0.434939498091189,-1.42485926994007,0.554980273757688,-0.50918123019064,-1.45116674346118,0.432804283079905,0.0742417320994503,205,18,-0.698919110619475,-0.276267745904252,0.422651364715222,0.232913484286387,0,1,0,0,20261003-175015,4237598ec443fe56d60744856219d211,6c49e2a4c6b741a70851cb47ef9815bc,"season-block cluster, CR1, t(G-1)",team-match (120-minute matches count once),0.05,0.8,10,2026-10-03 17:50:35
net_pens,prematch,rm_vs_nonelite,2024,2024/25,14,0.0114367858716829,0.060788980968652,17,-0.116816753136592,0.139690324879958,0.852995089653093,0.114367858716829,-1.16816753136592,1.39690324879958,-0.0134427131062856,-1.22177270925155,1.19488728303898,0.127810571823114,204,18,-0.301347941179718,0.309607374650142,0.61095531582986,0.323050087756427,7,1,0,0,20261003-175015,4237598ec443fe56d60744856219d211,6c49e2a4c6b741a70851cb47ef9815bc,"season-block cluster, CR1, t(G-1)",team-match (120-minute matches count once),0.05,0.8,10,2026-10-03 17:50:35
net_pens,prematch,rm_vs_other_elite,2024,2024/25,14,-0.0355936591621183,0.0451718120832184,17,-0.130897851974252,0.059710533650015,0.441568388438375,-0.355936591621183,-1.30897851974252,0.59710533650015,-0.50918123019064,-1.45116674346118,0.432804283079905,0.153244638569457,204,18,-0.698919110619475,-0.276267745904252,0.422651364715222,0.232913484286387,0,1,0,0,20261003-175015,4237598ec443fe56d60744856219d211,6c49e2a4c6b741a70851cb47ef9815bc,"season-block cluster, CR1, t(G-1)",team-match (120-minute matches count once),0.05,0.8,10,2026-10-03 17:50:35
net_pens,prematch,rm_vs_nonelite,2025,2025/26,14,-0.0131010782159775,0.0591405245377479,17,-0.137876678166952,0.111674521734997,0.827323130819509,-0.131010782159775,-1.37876678166952,1.11674521734997,-0.0134427131062856,-1.22177270925155,1.19488728303898,-0.117568069053489,204,18,-0.301347941179718,0.309607374650142,0.61095531582986,0.323050087756427,7,1,0,0,20261003-175015,4237598ec443fe56d60744856219d211,6c49e2a4c6b741a70851cb47ef9815bc,"season-block cluster, CR1, t(G-1)",team-match (120-minute matches count once),0.05,0.8,10,2026-10-03 17:50:35
net_pens,prematch,rm_vs_other_elite,2025,2025/26,14,-0.0618106737995463,0.0458513071752127,17,-0.158548475941831,0.034927128342738,0.195326219007923,-0.618106737995463,-1.58548475941831,0.34927128342738,-0.50918123019064,-1.45116674346118,0.432804283079905,-0.108925507804823,204,18,-0.698919110619475,-0.276267745904252,0.422651364715222,0.232913484286387,0,1,0,0,20261003-175015,4237598ec443fe56d60744856219d211,6c49e2a4c6b741a70851cb47ef9815bc,"season-block cluster, CR1, t(G-1)",team-match (120-minute matches count once),0.05,0.8,10,2026-10-03 17:50:35
net_pens,style,rm_vs_nonelite,2007,2007/08,8,-0.0215988389750681,0.060894550964518,17,-0.150075111205173,0.106877433255037,0.727181874260601,-0.215988389750681,-1.50075111205173,1.06877433255037,-0.228955200580759,-1.43917352831024,0.981263127148725,0.0129668108300783,210,18,-0.50925056825206,0.0958373268438774,0.605087895095937,0.324792527424636,2,1,0,1,20261003-175015,4237598ec443fe56d60744856219d211,6c49e2a4c6b741a70851cb47ef9815bc,"season-block cluster, CR1, t(G-1)",team-match (120-minute matches count once),0.05,0.8,10,2026-10-03 17:50:35
net_pens,style,rm_vs_other_elite,2007,2007/08,8,-0.0670036989251288,0.0481191553790048,17,-0.168526242535935,0.0345188446856773,0.181732074102756,-0.670036989251288,-1.68526242535935,0.345188446856773,-0.643007461749319,-1.61116451448957,0.325149590990935,-0.0270295275019684,210,18,-0.833417376478827,-0.414637184801593,0.418780191677233,0.228370276947726,0,1,0,1,20261003-175015,4237598ec443fe56d60744856219d211,6c49e2a4c6b741a70851cb47ef9815bc,"season-block cluster, CR1, t(G-1)",team-match (120-minute matches count once),0.05,0.8,10,2026-10-03 17:50:35
net_pens,style,rm_vs_nonelite,2008,2008/09,8,-0.0218385860955261,0.0595536558471169,17,-0.147485816918697,0.103808644727645,0.718363940104408,-0.218385860955261,-1.47485816918697,1.03808644727645,-0.228955200580759,-1.43917352831024,0.981263127148725,0.0105693396254984,210,18,-0.50925056825206,0.0958373268438774,0.605087895095937,0.324792527424636,2,1,0,1,20261003-175015,4237598ec443fe56d60744856219d211,6c49e2a4c6b741a70851cb47ef9815bc,"season-block cluster, CR1, t(G-1)",team-match (120-minute matches count once),0.05,0.8,10,2026-10-03 17:50:35
net_pens,style,rm_vs_other_elite,2008,2008/09,8,-0.0568815323606224,0.0471349753561057,17,-0.156327637627724,0.0425645729064788,0.244041939065381,-0.568815323606224,-1.56327637627724,0.425645729064788,-0.643007461749319,-1.61116451448957,0.325149590990935,0.074192138143095,210,18,-0.833417376478827,-0.414637184801593,0.418780191677233,0.228370276947726,0,1,0,1,20261003-175015,4237598ec443fe56d60744856219d211,6c49e2a4c6b741a70851cb47ef9815bc,"season-block cluster, CR1, t(G-1)",team-match (120-minute matches count once),0.05,0.8,10,2026-10-03 17:50:35
net_pens,style,rm_vs_nonelite,2009,2009/10,8,0.000302414592795723,0.0558053872252869,17,-0.117436660702135,0.118041489887726,0.995739295515802,0.00302414592795723,-1.17436660702135,1.18041489887726,-0.228955200580759,-1.43917352831024,0.981263127148725,0.231979346508716,210,18,-0.50925056825206,0.0958373268438774,0.605087895095937,0.324792527424636,2,1,0,1,20261003-175015,4237598ec443fe56d60744856219d211,6c49e2a4c6b741a70851cb47ef9815bc,"season-block cluster, CR1, t(G-1)",team-match (120-minute matches count once),0.05,0.8,10,2026-10-03 17:50:35
net_pens,style,rm_vs_other_elite,2009,2009/10,8,-0.0499714371250508,0.045914799821844,17,-0.146843197042276,0.0469003227921741,0.291629417144708,-0.499714371250508,-1.46843197042276,0.469003227921741,-0.643007461749319,-1.61116451448957,0.325149590990935,0.143293090498811,210,18,-0.833417376478827,-0.414637184801593,0.418780191677233,0.228370276947726,0,1,0,1,20261003-175015,4237598ec443fe56d60744856219d211,6c49e2a4c6b741a70851cb47ef9815bc,"season-block cluster, CR1, t(G-1)",team-match (120-minute matches count once),0.05,0.8,10,2026-10-03 17:50:35
net_pens,style,rm_vs_nonelite,2010,2010/11,12,-0.0185894357322459,0.0596740275356967,17,-0.144490628619113,0.107311757154621,0.759195950817856,-0.185894357322459,-1.44490628619113,1.07311757154621,-0.228955200580759,-1.43917352831024,0.981263127148725,0.0430608432583004,206,18,-0.50925056825206,0.0958373268438774,0.605087895095937,0.324792527424636,2,1,0,1,20261003-175015,4237598ec443fe56d60744856219d211,6c49e2a4c6b741a70851cb47ef9815bc,"season-block cluster, CR1, t(G-1)",team-match (120-minute matches count once),0.05,0.8,10,2026-10-03 17:50:35
net_pens,style,rm_vs_other_elite,2010,2010/11,12,-0.0615021286250172,0.0486608259975757,17,-0.164167497344939,0.0411632400949044,0.223324667246546,-0.615021286250172,-1.64167497344939,0.411632400949044,-0.643007461749319,-1.61116451448957,0.325149590990935,0.027986175499147,206,18,-0.833417376478827,-0.414637184801593,0.418780191677233,0.228370276947726,0,1,0,1,20261003-175015,4237598ec443fe56d60744856219d211,6c49e2a4c6b741a70851cb47ef9815bc,"season-block cluster, CR1, t(G-1)",team-match (120-minute matches count once),0.05,0.8,10,2026-10-03 17:50:35
net_pens,style,rm_vs_nonelite,2011,2011/12,12,-0.0181864791153139,0.0594284665752989,17,-0.143569583662626,0.107196625431998,0.763303032759115,-0.181864791153139,-1.43569583662626,1.07196625431998,-0.228955200580759,-1.43917352831024,0.981263127148725,0.0470904094276198,206,18,-0.50925056825206,0.0958373268438774,0.605087895095937,0.324792527424636,2,1,0,1,20261003-175015,4237598ec443fe56d60744856219d211,6c49e2a4c6b741a70851cb47ef9815bc,"season-block cluster, CR1, t(G-1)",team-match (120-minute matches count once),0.05,0.8,10,2026-10-03 17:50:35
net_pens,style,rm_vs_other_elite,2011,2011/12,12,-0.0584815708379771,0.047874639955162,17,-0.159488231998539,0.042525090322585,0.238545471674783,-0.584815708379771,-1.59488231998539,0.42525090322585,-0.643007461749319,-1.61116451448957,0.325149590990935,0.0581917533695481,206,18,-0.833417376478827,-0.414637184801593,0.418780191677233,0.228370276947726,0,1,0,1,20261003-175015,4237598ec443fe56d60744856219d211,6c49e2a4c6b741a70851cb47ef9815bc,"season-block cluster, CR1, t(G-1)",team-match (120-minute matches count once),0.05,0.8,10,2026-10-03 17:50:35
net_pens,style,rm_vs_nonelite,2012,2012/13,12,-0.0193259992415079,0.0594261451283212,17,-0.144704205963824,0.106052207480808,0.748990070918454,-0.193259992415079,-1.44704205963824,1.06052207480808,-0.228955200580759,-1.43917352831024,0.981263127148725,0.0356952081656797,206,18,-0.50925056825206,0.0958373268438774,0.605087895095937,0.324792527424636,2,1,0,1,20261003-175015,4237598ec443fe56d60744856219d211,6c49e2a4c6b741a70851cb47ef9815bc,"season-block cluster, CR1, t(G-1)",team-match (120-minute matches count once),0.05,0.8,10,2026-10-03 17:50:35
net_pens,style,rm_vs_other_elite,2012,2012/13,12,-0.0555620318312133,0.0472445677175425,17,-0.155239356769685,0.0441152931072588,0.255781538911071,-0.555620318312133,-1.55239356769685,0.441152931072588,-0.643007461749319,-1.61116451448957,0.325149590990935,0.087387143437186,206,18,-0.833417376478827,-0.414637184801593,0.418780191677233,0.228370276947726,0,1,0,1,20261003-175015,4237598ec443fe56d60744856219d211,6c49e2a4c6b741a70851cb47ef9815bc,"season-block cluster, CR1, t(G-1)",team-match (120-minute matches count once),0.05,0.8,10,2026-10-03 17:50:35
net_pens,style,rm_vs_nonelite,2013,2013/14,13,-0.0328495431329062,0.0608224134149688,17,-0.161173618437225,0.095474532171413,0.596140428391725,-0.328495431329062,-1.61173618437225,0.95474532171413,-0.228955200580759,-1.43917352831024,0.981263127148725,-0.0995402307483032,205,18,-0.50925056825206,0.0958373268438774,0.605087895095937,0.324792527424636,2,1,0,1,20261003-175015,4237598ec443fe56d60744856219d211,6c49e2a4c6b741a70851cb47ef9815bc,"season-block cluster, CR1, t(G-1)",team-match (120-minute matches count once),0.05,0.8,10,2026-10-03 17:50:35
net_pens,style,rm_vs_other_elite,2013,2013/14,13,-0.0769746325353215,0.0476445290478075,17,-0.177495802118918,0.0235465370482746,0.124585425579601,-0.769746325353215,-1.77495802118918,0.235465370482746,-0.643007461749319,-1.61116451448957,0.325149590990935,-0.126738863603896,205,18,-0.833417376478827,-0.414637184801593,0.418780191677233,0.228370276947726,0,1,0,1,20261003-175015,4237598ec443fe56d60744856219d211,6c49e2a4c6b741a70851cb47ef9815bc,"season-block cluster, CR1, t(G-1)",team-match (120-minute matches count once),0.05,0.8,10,2026-10-03 17:50:35
net_pens,style,rm_vs_nonelite,2014,2014/15,12,-0.0248293319381188,0.0619116076560439,17,-0.155451406219545,0.105792742343307,0.69338293674828,-0.248293319381188,-1.55451406219545,1.05792742343307,-0.228955200580759,-1.43917352831024,0.981263127148725,-0.0193381188004292,206,18,-0.50925056825206,0.0958373268438774,0.605087895095937,0.324792527424636,2,1,0,1,20261003-175015,4237598ec443fe56d60744856219d211,6c49e2a4c6b741a70851cb47ef9815bc,"season-block cluster, CR1, t(G-1)",team-match (120-minute matches count once),0.05,0.8,10,2026-10-03 17:50:35
net_pens,style,rm_vs_other_elite,2014,2014/15,12,-0.0711702610240367,0.049609011848055,17,-0.175836127021981,0.0334956049739072,0.169535341891998,-0.711702610240367,-1.75836127021981,0.334956049739072,-0.643007461749319,-1.61116451448957,0.325149590990935,-0.0686951484910482,206,18,-0.833417376478827,-0.414637184801593,0.418780191677233,0.228370276947726,0,1,0,1,20261003-175015,4237598ec443fe56d60744856219d211,6c49e2a4c6b741a70851cb47ef9815bc,"season-block cluster, CR1, t(G-1)",team-match (120-minute matches count once),0.05,0.8,10,2026-10-03 17:50:35
net_pens,style,rm_vs_nonelite,2015,2015/16,13,-0.0241599077161163,0.0622407614126047,17,-0.155476435720637,0.107156620288404,0.702709163794896,-0.241599077161163,-1.55476435720637,1.07156620288404,-0.228955200580759,-1.43917352831024,0.981263127148725,-0.0126438765804037,205,18,-0.50925056825206,0.0958373268438774,0.605087895095937,0.324792527424636,2,1,0,1,20261003-175015,4237598ec443fe56d60744856219d211,6c49e2a4c6b741a70851cb47ef9815bc,"season-block cluster, CR1, t(G-1)",team-match (120-minute matches count once),0.05,0.8,10,2026-10-03 17:50:35
net_pens,style,rm_vs_other_elite,2015,2015/16,13,-0.0597599816801755,0.0503643929766641,17,-0.16601956255046,0.0464995991901093,0.251722441986669,-0.597599816801755,-1.6601956255046,0.464995991901093,-0.643007461749319,-1.61116451448957,0.325149590990935,0.0454076449475643,205,18,-0.833417376478827,-0.414637184801593,0.418780191677233,0.228370276947726,0,1,0,1,20261003-175015,4237598ec443fe56d60744856219d211,6c49e2a4c6b741a70851cb47ef9815bc,"season-block cluster, CR1, t(G-1)",team-match (120-minute matches count once),0.05,0.8,10,2026-10-03 17:50:35
net_pens,style,rm_vs_nonelite,2016,2016/17,13,0.00958373268438774,0.0471562194184821,17,-0.0899071936364518,0.109074659005227,0.841365107750541,0.0958373268438774,-0.899071936364518,1.09074659005227,-0.228955200580759,-1.43917352831024,0.981263127148725,0.324792527424636,205,18,-0.50925056825206,0.0958373268438774,0.605087895095937,0.324792527424636,2,1,0,1,20261003-175015,4237598ec443fe56d60744856219d211,6c49e2a4c6b741a70851cb47ef9815bc,"season-block cluster, CR1, t(G-1)",team-match (120-minute matches count once),0.05,0.8,10,2026-10-03 17:50:35
net_pens,style,rm_vs_other_elite,2016,2016/17,13,-0.0414637184801593,0.0397594257482501,17,-0.125348774289524,0.0424213373292058,0.31161500180792,-0.414637184801593,-1.25348774289524,0.424213373292058,-0.643007461749319,-1.61116451448957,0.325149590990935,0.228370276947726,205,18,-0.833417376478827,-0.414637184801593,0.418780191677233,0.228370276947726,0,1,0,1,20261003-175015,4237598ec443fe56d60744856219d211,6c49e2a4c6b741a70851cb47ef9815bc,"season-block cluster, CR1, t(G-1)",team-match (120-minute matches count once),0.05,0.8,10,2026-10-03 17:50:35
net_pens,style,rm_vs_nonelite,2017,2017/18,13,-0.0419756403507068,0.0586255785512602,17,-0.165664799237646,0.0817135185362327,0.483714213503864,-0.419756403507068,-1.65664799237646,0.817135185362327,-0.228955200580759,-1.43917352831024,0.981263127148725,-0.190801202926309,205,18,-0.50925056825206,0.0958373268438774,0.605087895095937,0.324792527424636,2,1,0,1,20261003-175015,4237598ec443fe56d60744856219d211,6c49e2a4c6b741a70851cb47ef9815bc,"season-block cluster, CR1, t(G-1)",team-match (120-minute matches count once),0.05,0.8,10,2026-10-03 17:50:35
net_pens,style,rm_vs_other_elite,2017,2017/18,13,-0.0833417376478826,0.0458811468199814,17,-0.180142495937537,0.0134590206417717,0.0869733978906477,-0.833417376478827,-1.80142495937537,0.134590206417717,-0.643007461749319,-1.61116451448957,0.325149590990935,-0.190409914729507,205,18,-0.833417376478827,-0.414637184801593,0.418780191677233,0.228370276947726,0,1,0,1,20261003-175015,4237598ec443fe56d60744856219d211,6c49e2a4c6b741a70851cb47ef9815bc,"season-block cluster, CR1, t(G-1)",team-match (120-minute matches count once),0.05,0.8,10,2026-10-03 17:50:35
net_pens,style,rm_vs_nonelite,2018,2018/19,8,-0.0313229730605355,0.0603381702398521,17,-0.158625384570534,0.095979438449463,0.610366971469375,-0.313229730605355,-1.58625384570534,0.95979438449463,-0.228955200580759,-1.43917352831024,0.981263127148725,-0.084274530024596,210,18,-0.50925056825206,0.0958373268438774,0.605087895095937,0.324792527424636,2,1,0,1,20261003-175015,4237598ec443fe56d60744856219d211,6c49e2a4c6b741a70851cb47ef9815bc,"season-block cluster, CR1, t(G-1)",team-match (120-minute matches count once),0.05,0.8,10,2026-10-03 17:50:35
net_pens,style,rm_vs_other_elite,2018,2018/19,8,-0.0685641304110616,0.0478858865195222,17,-0.169594519748308,0.0324662589261848,0.170324017130089,-0.685641304110616,-1.69594519748308,0.324662589261848,-0.643007461749319,-1.61116451448957,0.325149590990935,-0.0426338423612965,210,18,-0.833417376478827,-0.414637184801593,0.418780191677233,0.228370276947726,0,1,0,1,20261003-175015,4237598ec443fe56d60744856219d211,6c49e2a4c6b741a70851cb47ef9815bc,"season-block cluster, CR1, t(G-1)",team-match (120-minute matches count once),0.05,0.8,10,2026-10-03 17:50:35
net_pens,style,rm_vs_nonelite,2019,2019/20,8,-0.0203675054591179,0.0604983664399709,17,-0.148007901407637,0.107272890489401,0.740491914856316,-0.203675054591179,-1.48007901407637,1.07272890489401,-0.228955200580759,-1.43917352831024,0.981263127148725,0.0252801459895804,210,18,-0.50925056825206,0.0958373268438774,0.605087895095937,0.324792527424636,2,1,0,1,20261003-175015,4237598ec443fe56d60744856219d211,6c49e2a4c6b741a70851cb47ef9815bc,"season-block cluster, CR1, t(G-1)",team-match (120-minute matches count once),0.05,0.8,10,2026-10-03 17:50:35
net_pens,style,rm_vs_other_elite,2019,2019/20,8,-0.0624896094002781,0.0482433073425831,17,-0.16427409075786,0.0392948719573042,0.212530828113652,-0.624896094002781,-1.6427409075786,0.392948719573042,-0.643007461749319,-1.61116451448957,0.325149590990935,0.0181113677465385,210,18,-0.833417376478827,-0.414637184801593,0.418780191677233,0.228370276947726,0,1,0,1,20261003-175015,4237598ec443fe56d60744856219d211,6c49e2a4c6b741a70851cb47ef9815bc,"season-block cluster, CR1, t(G-1)",team-match (120-minute matches count once),0.05,0.8,10,2026-10-03 17:50:35
net_pens,style,rm_vs_nonelite,2020,2020/21,12,-0.050925056825206,0.0549466865098781,17,-0.16685243197407,0.0650023183236585,0.366997786843384,-0.50925056825206,-1.6685243197407,0.650023183236585,-0.228955200580759,-1.43917352831024,0.981263127148725,-0.280295367671301,206,18,-0.50925056825206,0.0958373268438774,0.605087895095937,0.324792527424636,2,1,0,1,20261003-175015,4237598ec443fe56d60744856219d211,6c49e2a4c6b741a70851cb47ef9815bc,"season-block cluster, CR1, t(G-1)",team-match (120-minute matches count once),0.05,0.8,10,2026-10-03 17:50:35
net_pens,style,rm_vs_other_elite,2020,2020/21,12,-0.0763278784139002,0.0472081702940631,17,-0.175928411501323,0.0232726546735222,0.124317518442059,-0.763278784139002,-1.75928411501323,0.232726546735222,-0.643007461749319,-1.61116451448957,0.325149590990935,-0.120271322389683,206,18,-0.833417376478827,-0.414637184801593,0.418780191677233,0.228370276947726,0,1,0,1,20261003-175015,4237598ec443fe56d60744856219d211,6c49e2a4c6b741a70851cb47ef9815bc,"season-block cluster, CR1, t(G-1)",team-match (120-minute matches count once),0.05,0.8,10,2026-10-03 17:50:35
net_pens,style,rm_vs_nonelite,2021,2021/22,13,-0.0347375117476405,0.0615426253611289,17,-0.16458110143531,0.0951060779400288,0.579822374793945,-0.347375117476405,-1.6458110143531,0.951060779400288,-0.228955200580759,-1.43917352831024,0.981263127148725,-0.118419916895646,205,18,-0.50925056825206,0.0958373268438774,0.605087895095937,0.324792527424636,2,1,0,1,20261003-175015,4237598ec443fe56d60744856219d211,6c49e2a4c6b741a70851cb47ef9815bc,"season-block cluster, CR1, t(G-1)",team-match (120-minute matches count once),0.05,0.8,10,2026-10-03 17:50:35
net_pens,style,rm_vs_other_elite,2021,2021/22,13,-0.0748128002899282,0.0482164814750119,17,-0.17654068401422,0.0269150834343633,0.139174047701761,-0.748128002899282,-1.7654068401422,0.269150834343633,-0.643007461749319,-1.61116451448957,0.325149590990935,-0.105120541149963,205,18,-0.833417376478827,-0.414637184801593,0.418780191677233,0.228370276947726,0,1,0,1,20261003-175015,4237598ec443fe56d60744856219d211,6c49e2a4c6b741a70851cb47ef9815bc,"season-block cluster, CR1, t(G-1)",team-match (120-minute matches count once),0.05,0.8,10,2026-10-03 17:50:35
net_pens,style,rm_vs_nonelite,2022,2022/23,12,-0.0238543572549546,0.0617134459171615,17,-0.154058346812756,0.106349632302847,0.703896472270953,-0.238543572549546,-1.54058346812756,1.06349632302847,-0.228955200580759,-1.43917352831024,0.981263127148725,-0.00958837196878677,206,18,-0.50925056825206,0.0958373268438774,0.605087895095937,0.324792527424636,2,1,0,1,20261003-175015,4237598ec443fe56d60744856219d211,6c49e2a4c6b741a70851cb47ef9815bc,"season-block cluster, CR1, t(G-1)",team-match (120-minute matches count once),0.05,0.8,10,2026-10-03 17:50:35
net_pens,style,rm_vs_other_elite,2022,2022/23,12,-0.0734961366467063,0.0486160409425194,17,-0.176067017159816,0.0290747438664033,0.148959210981806,-0.734961366467063,-1.76067017159816,0.290747438664033,-0.643007461749319,-1.61116451448957,0.325149590990935,-0.0919539047177437,206,18,-0.833417376478827,-0.414637184801593,0.418780191677233,0.228370276947726,0,1,0,1,20261003-175015,4237598ec443fe56d60744856219d211,6c49e2a4c6b741a70851cb47ef9815bc,"season-block cluster, CR1, t(G-1)",team-match (120-minute matches count once),0.05,0.8,10,2026-10-03 17:50:35
net_pens,style,rm_vs_nonelite,2023,2023/24,13,-0.0112656248966913,0.0598881136294683,17,-0.137618499959195,0.115087250165813,0.853016641002258,-0.112656248966913,-1.37618499959195,1.15087250165813,-0.228955200580759,-1.43917352831024,0.981263127148725,0.116298951613846,205,18,-0.50925056825206,0.0958373268438774,0.605087895095937,0.324792527424636,2,1,0,1,20261003-175015,4237598ec443fe56d60744856219d211,6c49e2a4c6b741a70851cb47ef9815bc,"season-block cluster, CR1, t(G-1)",team-match (120-minute matches count once),0.05,0.8,10,2026-10-03 17:50:35
net_pens,style,rm_vs_other_elite,2023,2023/24,13,-0.0591153352103436,0.0488320055728141,17,-0.16214186126471,0.0439111908440229,0.242616978475033,-0.591153352103436,-1.6214186126471,0.439111908440229,-0.643007461749319,-1.61116451448957,0.325149590990935,0.0518541096458836,205,18,-0.833417376478827,-0.414637184801593,0.418780191677233,0.228370276947726,0,1,0,1,20261003-175015,4237598ec443fe56d60744856219d211,6c49e2a4c6b741a70851cb47ef9815bc,"season-block cluster, CR1, t(G-1)",team-match (120-minute matches count once),0.05,0.8,10,2026-10-03 17:50:35
net_pens,style,rm_vs_nonelite,2024,2024/25,14,-0.0118151699528106,0.0611272325296295,17,-0.140782357373662,0.117152017468041,0.849023832578084,-0.118151699528106,-1.40782357373662,1.17152017468041,-0.228955200580759,-1.43917352831024,0.981263127148725,0.110803501052653,204,18,-0.50925056825206,0.0958373268438774,0.605087895095937,0.324792527424636,2,1,0,1,20261003-175015,4237598ec443fe56d60744856219d211,6c49e2a4c6b741a70851cb47ef9815bc,"season-block cluster, CR1, t(G-1)",team-match (120-minute matches count once),0.05,0.8,10,2026-10-03 17:50:35
net_pens,style,rm_vs_other_elite,2024,2024/25,14,-0.0500287136816661,0.0468942087197008,17,-0.148966845748658,0.0489094183853255,0.300960308629454,-0.500287136816661,-1.48966845748658,0.489094183853255,-0.643007461749319,-1.61116451448957,0.325149590990935,0.142720324932658,204,18,-0.833417376478827,-0.414637184801593,0.418780191677233,0.228370276947726,0,1,0,1,20261003-175015,4237598ec443fe56d60744856219d211,6c49e2a4c6b741a70851cb47ef9815bc,"season-block cluster, CR1, t(G-1)",team-match (120-minute matches count once),0.05,0.8,10,2026-10-03 17:50:35
net_pens,style,rm_vs_nonelite,2025,2025/26,14,-0.0365086118362356,0.058716212802774,17,-0.160388992278904,0.087371768606433,0.542335542765964,-0.365086118362356,-1.60388992278904,0.87371768606433,-0.228955200580759,-1.43917352831024,0.981263127148725,-0.136130917781597,204,18,-0.50925056825206,0.0958373268438774,0.605087895095937,0.324792527424636,2,1,0,1,20261003-175015,4237598ec443fe56d60744856219d211,6c49e2a4c6b741a70851cb47ef9815bc,"season-block cluster, CR1, t(G-1)",team-match (120-minute matches count once),0.05,0.8,10,2026-10-03 17:50:35
net_pens,style,rm_vs_other_elite,2025,2025/26,14,-0.0770908340572805,0.0469987934373095,17,-0.176249620590686,0.0220679524761254,0.119319409701367,-0.770908340572805,-1.76249620590686,0.220679524761254,-0.643007461749319,-1.61116451448957,0.325149590990935,-0.127900878823485,204,18,-0.833417376478827,-0.414637184801593,0.418780191677233,0.228370276947726,0,1,0,1,20261003-175015,4237598ec443fe56d60744856219d211,6c49e2a4c6b741a70851cb47ef9815bc,"season-block cluster, CR1, t(G-1)",team-match (120-minute matches count once),0.05,0.8,10,2026-10-03 17:50:35
net_red,prematch,rm_vs_nonelite,2007,2007/08,8,0.0471981475700761,0.0525010460669889,17,-0.0635693772746016,0.157965672414754,0.381213096336485,0.471981475700761,-0.635693772746016,1.57965672414754,0.427376306789713,-0.629869399492096,1.48462201307152,0.0446051689110472,210,18,0.240720292021549,0.80820447813223,0.567484186110681,0.380828171342517,0,1,0,0,20261003-175015,4237598ec443fe56d60744856219d211,6c49e2a4c6b741a70851cb47ef9815bc,"season-block cluster, CR1, t(G-1)",team-match (120-minute matches count once),0.05,0.8,10,2026-10-03 17:50:35
net_red,prematch,rm_vs_other_elite,2007,2007/08,8,0.0459567852531754,0.0423148230273664,17,-0.0433196875432222,0.135233258049573,0.292609710015898,0.459567852531754,-0.433196875432222,1.35233258049573,0.462571351813766,-0.389276076393859,1.31441878002139,-0.0030034992820116,210,18,0.280544389183633,0.765447412659873,0.484903023476241,0.302876060846107,0,0,0,0,20261003-175015,4237598ec443fe56d60744856219d211,6c49e2a4c6b741a70851cb47ef9815bc,"season-block cluster, CR1, t(G-1)",team-match (120-minute matches count once),0.05,0.8,10,2026-10-03 17:50:35
net_red,prematch,rm_vs_nonelite,2008,2008/09,8,0.0305473458353374,0.0514859255364879,17,-0.078078461900711,0.139173153571386,0.560782307150795,0.305473458353374,-0.78078461900711,1.39173153571386,0.427376306789713,-0.629869399492096,1.48462201307152,-0.12190284843634,210,18,0.240720292021549,0.80820447813223,0.567484186110681,0.380828171342517,0,1,0,0,20261003-175015,4237598ec443fe56d60744856219d211,6c49e2a4c6b741a70851cb47ef9815bc,"season-block cluster, CR1, t(G-1)",team-match (120-minute matches count once),0.05,0.8,10,2026-10-03 17:50:35
net_red,prematch,rm_vs_other_elite,2008,2008/09,8,0.0414909041289377,0.0419414500854588,17,-0.0469978206182818,0.129979628876157,0.336409301144735,0.414909041289377,-0.469978206182818,1.29979628876157,0.462571351813766,-0.389276076393859,1.31441878002139,-0.0476623105243892,210,18,0.280544389183633,0.765447412659873,0.484903023476241,0.302876060846107,0,0,0,0,20261003-175015,4237598ec443fe56d60744856219d211,6c49e2a4c6b741a70851cb47ef9815bc,"season-block cluster, CR1, t(G-1)",team-match (120-minute matches count once),0.05,0.8,10,2026-10-03 17:50:35
net_red,prematch,rm_vs_nonelite,2009,2009/10,8,0.0370895087327521,0.0528970427757577,17,-0.0745134961368569,0.148692513602361,0.492687753766534,0.370895087327521,-0.745134961368569,1.48692513602361,0.427376306789713,-0.629869399492096,1.48462201307152,-0.0564812194621928,210,18,0.240720292021549,0.80820447813223,0.567484186110681,0.380828171342517,0,1,0,0,20261003-175015,4237598ec443fe56d60744856219d211,6c49e2a4c6b741a70851cb47ef9815bc,"season-block cluster, CR1, t(G-1)",team-match (120-minute matches count once),0.05,0.8,10,2026-10-03 17:50:35
net_red,prematch,rm_vs_other_elite,2009,2009/10,8,0.0456983253336521,0.0420803012779401,17,-0.0430833498224652,0.134480000489769,0.292648054710804,0.456983253336521,-0.430833498224652,1.34480000489769,0.462571351813766,-0.389276076393859,1.31441878002139,-0.00558809847724509,210,18,0.280544389183633,0.765447412659873,0.484903023476241,0.302876060846107,0,0,0,0,20261003-175015,4237598ec443fe56d60744856219d211,6c49e2a4c6b741a70851cb47ef9815bc,"season-block cluster, CR1, t(G-1)",team-match (120-minute matches count once),0.05,0.8,10,2026-10-03 17:50:35
net_red,prematch,rm_vs_nonelite,2010,2010/11,12,0.0589727024342794,0.0505264345584225,17,-0.047628756289456,0.165574161158015,0.259254899853283,0.589727024342794,-0.47628756289456,1.65574161158015,0.427376306789713,-0.629869399492096,1.48462201307152,0.162350717553081,206,18,0.240720292021549,0.80820447813223,0.567484186110681,0.380828171342517,0,1,0,0,20261003-175015,4237598ec443fe56d60744856219d211,6c49e2a4c6b741a70851cb47ef9815bc,"season-block cluster, CR1, t(G-1)",team-match (120-minute matches count once),0.05,0.8,10,2026-10-03 17:50:35
net_red,prematch,rm_vs_other_elite,2010,2010/11,12,0.0554603272646116,0.0422512367487523,17,-0.0336819902106296,0.144602644739853,0.206752788928003,0.554603272646116,-0.336819902106296,1.44602644739853,0.462571351813766,-0.389276076393859,1.31441878002139,0.0920319208323498,206,18,0.280544389183633,0.765447412659873,0.484903023476241,0.302876060846107,0,0,0,0,20261003-175015,4237598ec443fe56d60744856219d211,6c49e2a4c6b741a70851cb47ef9815bc,"season-block cluster, CR1, t(G-1)",team-match (120-minute matches count once),0.05,0.8,10,2026-10-03 17:50:35
net_red,prematch,rm_vs_nonelite,2011,2011/12,12,0.043611853945046,0.0529872287729706,17,-0.0681814267463852,0.155405134636477,0.421868103677452,0.43611853945046,-0.681814267463852,1.55405134636477,0.427376306789713,-0.629869399492096,1.48462201307152,0.00874223266074656,206,18,0.240720292021549,0.80820447813223,0.567484186110681,0.380828171342517,0,1,0,0,20261003-175015,4237598ec443fe56d60744856219d211,6c49e2a4c6b741a70851cb47ef9815bc,"season-block cluster, CR1, t(G-1)",team-match (120-minute matches count once),0.05,0.8,10,2026-10-03 17:50:35
net_red,prematch,rm_vs_other_elite,2011,2011/12,12,0.0529480050331815,0.0419604104148541,17,-0.0355807225123572,0.14147673257872,0.224039542807011,0.529480050331815,-0.355807225123572,1.4147673257872,0.462571351813766,-0.389276076393859,1.31441878002139,0.0669086985180487,206,18,0.280544389183633,0.765447412659873,0.484903023476241,0.302876060846107,0,0,0,0,20261003-175015,4237598ec443fe56d60744856219d211,6c49e2a4c6b741a70851cb47ef9815bc,"season-block cluster, CR1, t(G-1)",team-match (120-minute matches count once),0.05,0.8,10,2026-10-03 17:50:35
net_red,prematch,rm_vs_nonelite,2012,2012/13,12,0.0476782370574377,0.0524199987934616,17,-0.0629182929870112,0.158274767101886,0.375779075860722,0.476782370574377,-0.629182929870112,1.58274767101886,0.427376306789713,-0.629869399492096,1.48462201307152,0.0494060637846633,206,18,0.240720292021549,0.80820447813223,0.567484186110681,0.380828171342517,0,1,0,0,20261003-175015,4237598ec443fe56d60744856219d211,6c49e2a4c6b741a70851cb47ef9815bc,"season-block cluster, CR1, t(G-1)",team-match (120-minute matches count once),0.05,0.8,10,2026-10-03 17:50:35
net_red,prematch,rm_vs_other_elite,2012,2012/13,12,0.0524362646156403,0.0425377671911684,17,-0.0373105792505336,0.142183108481814,0.234464077378009,0.524362646156403,-0.373105792505336,1.42183108481814,0.462571351813766,-0.389276076393859,1.31441878002139,0.0617912943426376,206,18,0.280544389183633,0.765447412659873,0.484903023476241,0.302876060846107,0,0,0,0,20261003-175015,4237598ec443fe56d60744856219d211,6c49e2a4c6b741a70851cb47ef9815bc,"season-block cluster, CR1, t(G-1)",team-match (120-minute matches count once),0.05,0.8,10,2026-10-03 17:50:35
net_red,prematch,rm_vs_nonelite,2013,2013/14,13,0.0472943111933969,0.0523661609188065,17,-0.0631886308644273,0.157777253251221,0.379067949952294,0.472943111933969,-0.631886308644273,1.57777253251221,0.427376306789713,-0.629869399492096,1.48462201307152,0.0455668051442561,205,18,0.240720292021549,0.80820447813223,0.567484186110681,0.380828171342517,0,1,0,0,20261003-175015,4237598ec443fe56d60744856219d211,6c49e2a4c6b741a70851cb47ef9815bc,"season-block cluster, CR1, t(G-1)",team-match (120-minute matches count once),0.05,0.8,10,2026-10-03 17:50:35
net_red,prematch,rm_vs_other_elite,2013,2013/14,13,0.0453856281837039,0.0428905660379909,17,-0.045105556185338,0.135876812552746,0.304781808341119,0.453856281837039,-0.45105556185338,1.35876812552746,0.462571351813766,-0.389276076393859,1.31441878002139,-0.00871506997672675,205,18,0.280544389183633,0.765447412659873,0.484903023476241,0.302876060846107,0,0,0,0,20261003-175015,4237598ec443fe56d60744856219d211,6c49e2a4c6b741a70851cb47ef9815bc,"season-block cluster, CR1, t(G-1)",team-match (120-minute matches count once),0.05,0.8,10,2026-10-03 17:50:35
net_red,prematch,rm_vs_nonelite,2014,2014/15,12,0.0394610593989585,0.0519869676915305,17,-0.0702218548809499,0.149143973678867,0.458214957296853,0.394610593989585,-0.702218548809499,1.49143973678867,0.427376306789713,-0.629869399492096,1.48462201307152,-0.0327657128001285,206,18,0.240720292021549,0.80820447813223,0.567484186110681,0.380828171342517,0,1,0,0,20261003-175015,4237598ec443fe56d60744856219d211,6c49e2a4c6b741a70851cb47ef9815bc,"season-block cluster, CR1, t(G-1)",team-match (120-minute matches count once),0.05,0.8,10,2026-10-03 17:50:35
net_red,prematch,rm_vs_other_elite,2014,2014/15,12,0.0373600914499433,0.0420140830832715,17,-0.0512818755275262,0.126002058427413,0.386291004407964,0.373600914499433,-0.512818755275262,1.26002058427413,0.462571351813766,-0.389276076393859,1.31441878002139,-0.088970437314333,206,18,0.280544389183633,0.765447412659873,0.484903023476241,0.302876060846107,0,0,0,0,20261003-175015,4237598ec443fe56d60744856219d211,6c49e2a4c6b741a70851cb47ef9815bc,"season-block cluster, CR1, t(G-1)",team-match (120-minute matches count once),0.05,0.8,10,2026-10-03 17:50:35
net_red,prematch,rm_vs_nonelite,2015,2015/16,13,0.0411306518192145,0.0532316067104462,17,-0.0711782212515815,0.15343952489001,0.450325565970769,0.411306518192144,-0.711782212515815,1.5343952489001,0.427376306789713,-0.629869399492096,1.48462201307152,-0.0160697885975688,205,18,0.240720292021549,0.80820447813223,0.567484186110681,0.380828171342517,0,1,0,0,20261003-175015,4237598ec443fe56d60744856219d211,6c49e2a4c6b741a70851cb47ef9815bc,"season-block cluster, CR1, t(G-1)",team-match (120-minute matches count once),0.05,0.8,10,2026-10-03 17:50:35
net_red,prematch,rm_vs_other_elite,2015,2015/16,13,0.0409898294238292,0.0431499530750087,17,-0.0500486137566008,0.132028272604259,0.355453748052706,0.409898294238292,-0.500486137566008,1.32028272604259,0.462571351813766,-0.389276076393859,1.31441878002139,-0.0526730575754737,205,18,0.280544389183633,0.765447412659873,0.484903023476241,0.302876060846107,0,0,0,0,20261003-175015,4237598ec443fe56d60744856219d211,6c49e2a4c6b741a70851cb47ef9815bc,"season-block cluster, CR1, t(G-1)",team-match (120-minute matches count once),0.05,0.8,10,2026-10-03 17:50:35
net_red,prematch,rm_vs_nonelite,2016,2016/17,13,0.0240720292021549,0.0483586027255478,17,-0.0779557041504585,0.126099762554768,0.625015447120744,0.240720292021549,-0.779557041504585,1.26099762554768,0.427376306789713,-0.629869399492096,1.48462201307152,-0.186656014768165,205,18,0.240720292021549,0.80820447813223,0.567484186110681,0.380828171342517,0,1,0,0,20261003-175015,4237598ec443fe56d60744856219d211,6c49e2a4c6b741a70851cb47ef9815bc,"season-block cluster, CR1, t(G-1)",team-match (120-minute matches count once),0.05,0.8,10,2026-10-03 17:50:35
net_red,prematch,rm_vs_other_elite,2016,2016/17,13,0.0280544389183633,0.038236588572273,17,-0.0526177112946217,0.108726589131348,0.473125766144011,0.280544389183633,-0.526177112946217,1.08726589131348,0.462571351813766,-0.389276076393859,1.31441878002139,-0.182026962630133,205,18,0.280544389183633,0.765447412659873,0.484903023476241,0.302876060846107,0,0,0,0,20261003-175015,4237598ec443fe56d60744856219d211,6c49e2a4c6b741a70851cb47ef9815bc,"season-block cluster, CR1, t(G-1)",team-match (120-minute matches count once),0.05,0.8,10,2026-10-03 17:50:35
net_red,prematch,rm_vs_nonelite,2017,2017/18,13,0.0303517870132102,0.0515361386072559,17,-0.0783799610417552,0.139083535068176,0.563645016188796,0.303517870132102,-0.783799610417552,1.39083535068176,0.427376306789713,-0.629869399492096,1.48462201307152,-0.123858436657611,205,18,0.240720292021549,0.80820447813223,0.567484186110681,0.380828171342517,0,1,0,0,20261003-175015,4237598ec443fe56d60744856219d211,6c49e2a4c6b741a70851cb47ef9815bc,"season-block cluster, CR1, t(G-1)",team-match (120-minute matches count once),0.05,0.8,10,2026-10-03 17:50:35
net_red,prematch,rm_vs_other_elite,2017,2017/18,13,0.0384244148831569,0.0423549780060729,17,-0.0509367775128433,0.127785607279157,0.376981742311307,0.384244148831569,-0.509367775128433,1.27785607279157,0.462571351813766,-0.389276076393859,1.31441878002139,-0.0783272029821971,205,18,0.280544389183633,0.765447412659873,0.484903023476241,0.302876060846107,0,0,0,0,20261003-175015,4237598ec443fe56d60744856219d211,6c49e2a4c6b741a70851cb47ef9815bc,"season-block cluster, CR1, t(G-1)",team-match (120-minute matches count once),0.05,0.8,10,2026-10-03 17:50:35
net_red,prematch,rm_vs_nonelite,2018,2018/19,8,0.0438257007146371,0.0527864724386657,17,-0.0675440211353287,0.155195422564603,0.41790783045079,0.438257007146371,-0.675440211353287,1.55195422564603,0.427376306789713,-0.629869399492096,1.48462201307152,0.0108807003566577,210,18,0.240720292021549,0.80820447813223,0.567484186110681,0.380828171342517,0,1,0,0,20261003-175015,4237598ec443fe56d60744856219d211,6c49e2a4c6b741a70851cb47ef9815bc,"season-block cluster, CR1, t(G-1)",team-match (120-minute matches count once),0.05,0.8,10,2026-10-03 17:50:35
net_red,prematch,rm_vs_other_elite,2018,2018/19,8,0.0458079140336905,0.0418799732955493,17,-0.0425511060245027,0.134166934091884,0.289303842412059,0.458079140336905,-0.425511060245027,1.34166934091884,0.462571351813766,-0.389276076393859,1.31441878002139,-0.00449221147686051,210,18,0.280544389183633,0.765447412659873,0.484903023476241,0.302876060846107,0,0,0,0,20261003-175015,4237598ec443fe56d60744856219d211,6c49e2a4c6b741a70851cb47ef9815bc,"season-block cluster, CR1, t(G-1)",team-match (120-minute matches count once),0.05,0.8,10,2026-10-03 17:50:35
net_red,prematch,rm_vs_nonelite,2019,2019/20,8,0.0400317417311579,0.0520439768294703,17,-0.0697714513160547,0.149834934778371,0.452335457666844,0.400317417311579,-0.697714513160547,1.49834934778371,0.427376306789713,-0.629869399492096,1.48462201307152,-0.0270588894781341,210,18,0.240720292021549,0.80820447813223,0.567484186110681,0.380828171342517,0,1,0,0,20261003-175015,4237598ec443fe56d60744856219d211,6c49e2a4c6b741a70851cb47ef9815bc,"season-block cluster, CR1, t(G-1)",team-match (120-minute matches count once),0.05,0.8,10,2026-10-03 17:50:35
net_red,prematch,rm_vs_other_elite,2019,2019/20,8,0.0476222714853914,0.0419014832999185,17,-0.0407821307150991,0.136026673685882,0.271502892020893,0.476222714853914,-0.407821307150991,1.36026673685882,0.462571351813766,-0.389276076393859,1.31441878002139,0.0136513630401484,210,18,0.280544389183633,0.765447412659873,0.484903023476241,0.302876060846107,0,0,0,0,20261003-175015,4237598ec443fe56d60744856219d211,6c49e2a4c6b741a70851cb47ef9815bc,"season-block cluster, CR1, t(G-1)",team-match (120-minute matches count once),0.05,0.8,10,2026-10-03 17:50:35
net_red,prematch,rm_vs_nonelite,2020,2020/21,12,0.0331211862002528,0.0530670340154094,17,-0.0788404688348684,0.145082841235374,0.540822495649421,0.331211862002528,-0.788404688348684,1.45082841235374,0.427376306789713,-0.629869399492096,1.48462201307152,-0.0961644447871856,206,18,0.240720292021549,0.80820447813223,0.567484186110681,0.380828171342517,0,1,0,0,20261003-175015,4237598ec443fe56d60744856219d211,6c49e2a4c6b741a70851cb47ef9815bc,"season-block cluster, CR1, t(G-1)",team-match (120-minute matches count once),0.05,0.8,10,2026-10-03 17:50:35
net_red,prematch,rm_vs_other_elite,2020,2020/21,12,0.0357835005391165,0.042051337579631,17,-0.0529370665551165,0.12450406763335,0.406625131357355,0.357835005391165,-0.529370665551165,1.2450406763335,0.462571351813766,-0.389276076393859,1.31441878002139,-0.1047363464226,206,18,0.280544389183633,0.765447412659873,0.484903023476241,0.302876060846107,0,0,0,0,20261003-175015,4237598ec443fe56d60744856219d211,6c49e2a4c6b741a70851cb47ef9815bc,"season-block cluster, CR1, t(G-1)",team-match (120-minute matches count once),0.05,0.8,10,2026-10-03 17:50:35
net_red,prematch,rm_vs_nonelite,2021,2021/22,13,0.0396539968447925,0.0534259643639759,17,-0.0730649350310915,0.152372928720677,0.468084056494629,0.396539968447925,-0.730649350310915,1.52372928720677,0.427376306789713,-0.629869399492096,1.48462201307152,-0.0308363383417878,205,18,0.240720292021549,0.80820447813223,0.567484186110681,0.380828171342517,0,1,0,0,20261003-175015,4237598ec443fe56d60744856219d211,6c49e2a4c6b741a70851cb47ef9815bc,"season-block cluster, CR1, t(G-1)",team-match (120-minute matches count once),0.05,0.8,10,2026-10-03 17:50:35
net_red,prematch,rm_vs_other_elite,2021,2021/22,13,0.0411157153169695,0.0431145152174208,17,-0.0498479605194766,0.132079391153416,0.353630256524318,0.411157153169695,-0.498479605194766,1.32079391153416,0.462571351813766,-0.389276076393859,1.31441878002139,-0.0514141986440711,205,18,0.280544389183633,0.765447412659873,0.484903023476241,0.302876060846107,0,0,0,0,20261003-175015,4237598ec443fe56d60744856219d211,6c49e2a4c6b741a70851cb47ef9815bc,"season-block cluster, CR1, t(G-1)",team-match (120-minute matches count once),0.05,0.8,10,2026-10-03 17:50:35
net_red,prematch,rm_vs_nonelite,2022,2022/23,12,0.0304143992266482,0.0500584452827639,17,-0.0751996884330437,0.13602848688634,0.551498058883144,0.304143992266482,-0.751996884330437,1.3602848688634,0.427376306789713,-0.629869399492096,1.48462201307152,-0.123232314523231,206,18,0.240720292021549,0.80820447813223,0.567484186110681,0.380828171342517,0,1,0,0,20261003-175015,4237598ec443fe56d60744856219d211,6c49e2a4c6b741a70851cb47ef9815bc,"season-block cluster, CR1, t(G-1)",team-match (120-minute matches count once),0.05,0.8,10,2026-10-03 17:50:35
net_red,prematch,rm_vs_other_elite,2022,2022/23,12,0.0445762647271557,0.0421706462858421,17,-0.0443960217340126,0.133548551188324,0.305281563612591,0.445762647271557,-0.443960217340126,1.33548551188324,0.462571351813766,-0.389276076393859,1.31441878002139,-0.0168087045422084,206,18,0.280544389183633,0.765447412659873,0.484903023476241,0.302876060846107,0,0,0,0,20261003-175015,4237598ec443fe56d60744856219d211,6c49e2a4c6b741a70851cb47ef9815bc,"season-block cluster, CR1, t(G-1)",team-match (120-minute matches count once),0.05,0.8,10,2026-10-03 17:50:35
net_red,prematch,rm_vs_nonelite,2023,2023/24,13,0.0476761779360327,0.0534670660529352,17,-0.0651294709234929,0.160481826795558,0.385005360997073,0.476761779360327,-0.651294709234929,1.60481826795558,0.427376306789713,-0.629869399492096,1.48462201307152,0.0493854725706142,205,18,0.240720292021549,0.80820447813223,0.567484186110681,0.380828171342517,0,1,0,0,20261003-175015,4237598ec443fe56d60744856219d211,6c49e2a4c6b741a70851cb47ef9815bc,"season-block cluster, CR1, t(G-1)",team-match (120-minute matches count once),0.05,0.8,10,2026-10-03 17:50:35
net_red,prematch,rm_vs_other_elite,2023,2023/24,13,0.0495069897326568,0.0426871867823895,17,-0.0405551019147091,0.139569081380023,0.262175726026149,0.495069897326568,-0.405551019147091,1.39569081380023,0.462571351813766,-0.389276076393859,1.31441878002139,0.0324985455128017,205,18,0.280544389183633,0.765447412659873,0.484903023476241,0.302876060846107,0,0,0,0,20261003-175015,4237598ec443fe56d60744856219d211,6c49e2a4c6b741a70851cb47ef9815bc,"season-block cluster, CR1, t(G-1)",team-match (120-minute matches count once),0.05,0.8,10,2026-10-03 17:50:35
net_red,prematch,rm_vs_nonelite,2024,2024/25,14,0.0531188691733117,0.0549413140794902,17,-0.0627971711382295,0.169034909484853,0.347183570763809,0.531188691733117,-0.627971711382295,1.69034909484853,0.427376306789713,-0.629869399492096,1.48462201307152,0.103812384943404,204,18,0.240720292021549,0.80820447813223,0.567484186110681,0.380828171342517,0,1,0,0,20261003-175015,4237598ec443fe56d60744856219d211,6c49e2a4c6b741a70851cb47ef9815bc,"season-block cluster, CR1, t(G-1)",team-match (120-minute matches count once),0.05,0.8,10,2026-10-03 17:50:35
net_red,prematch,rm_vs_other_elite,2024,2024/25,14,0.0546491862734851,0.0434515863298789,17,-0.0370256474468626,0.146324019993833,0.225502056531834,0.546491862734851,-0.370256474468626,1.46324019993833,0.462571351813766,-0.389276076393859,1.31441878002139,0.083920510921085,204,18,0.280544389183633,0.765447412659873,0.484903023476241,0.302876060846107,0,0,0,0,20261003-175015,4237598ec443fe56d60744856219d211,6c49e2a4c6b741a70851cb47ef9815bc,"season-block cluster, CR1, t(G-1)",team-match (120-minute matches count once),0.05,0.8,10,2026-10-03 17:50:35
net_red,prematch,rm_vs_nonelite,2025,2025/26,14,0.080820447813223,0.039454654243786,17,-0.00242159632834396,0.16406249195479,0.0562832447167922,0.80820447813223,-0.0242159632834396,1.6406249195479,0.427376306789713,-0.629869399492096,1.48462201307152,0.380828171342517,204,18,0.240720292021549,0.80820447813223,0.567484186110681,0.380828171342517,0,1,0,0,20261003-175015,4237598ec443fe56d60744856219d211,6c49e2a4c6b741a70851cb47ef9815bc,"season-block cluster, CR1, t(G-1)",team-match (120-minute matches count once),0.05,0.8,10,2026-10-03 17:50:35
net_red,prematch,rm_vs_other_elite,2025,2025/26,14,0.0765447412659873,0.0304047156157125,17,0.0123963986203652,0.140693083911609,0.0221383681926583,0.765447412659873,0.123963986203652,1.40693083911609,0.462571351813766,-0.389276076393859,1.31441878002139,0.302876060846107,204,18,0.280544389183633,0.765447412659873,0.484903023476241,0.302876060846107,0,0,0,0,20261003-175015,4237598ec443fe56d60744856219d211,6c49e2a4c6b741a70851cb47ef9815bc,"season-block cluster, CR1, t(G-1)",team-match (120-minute matches count once),0.05,0.8,10,2026-10-03 17:50:35
net_red,style,rm_vs_nonelite,2007,2007/08,8,0.0280025020352818,0.0511165042248153,17,-0.079843894862616,0.13584889893318,0.590938466922672,0.280025020352818,-0.79843894862616,1.3584889893318,0.220624378013412,-0.803438105861212,1.24468686188804,0.0594006423394062,210,18,0.033297110499086,0.601722849412603,0.568425738913517,0.381098471399191,0,1,0,1,20261003-175015,4237598ec443fe56d60744856219d211,6c49e2a4c6b741a70851cb47ef9815bc,"season-block cluster, CR1, t(G-1)",team-match (120-minute matches count once),0.05,0.8,10,2026-10-03 17:50:35
net_red,style,rm_vs_other_elite,2007,2007/08,8,0.0415263863763613,0.0405892769230491,17,-0.0441095023688781,0.127162275121601,0.320605571296523,0.415263863763613,-0.441095023688781,1.27162275121601,0.395282952318671,-0.420881542174356,1.2114474468117,0.0199809114449423,210,18,0.206707553987342,0.671829790620559,0.465122236633217,0.276546838301889,0,0,0,1,20261003-175015,4237598ec443fe56d60744856219d211,6c49e2a4c6b741a70851cb47ef9815bc,"season-block cluster, CR1, t(G-1)",team-match (120-minute matches count once),0.05,0.8,10,2026-10-03 17:50:35
net_red,style,rm_vs_nonelite,2008,2008/09,8,0.0119593103246722,0.0499649959362856,17,-0.0934576164480814,0.117376237097426,0.813693205785396,0.119593103246722,-0.934576164480814,1.17376237097426,0.220624378013412,-0.803438105861212,1.24468686188804,-0.10103127476669,210,18,0.033297110499086,0.601722849412603,0.568425738913517,0.381098471399191,0,1,0,1,20261003-175015,4237598ec443fe56d60744856219d211,6c49e2a4c6b741a70851cb47ef9815bc,"season-block cluster, CR1, t(G-1)",team-match (120-minute matches count once),0.05,0.8,10,2026-10-03 17:50:35
net_red,style,rm_vs_other_elite,2008,2008/09,8,0.038408475217712,0.0404067943430988,17,-0.046842408937665,0.123659359373089,0.355154780170221,0.38408475217712,-0.46842408937665,1.23659359373089,0.395282952318671,-0.420881542174356,1.2114474468117,-0.0111982001415504,210,18,0.206707553987342,0.671829790620559,0.465122236633217,0.276546838301889,0,0,0,1,20261003-175015,4237598ec443fe56d60744856219d211,6c49e2a4c6b741a70851cb47ef9815bc,"season-block cluster, CR1, t(G-1)",team-match (120-minute matches count once),0.05,0.8,10,2026-10-03 17:50:35
net_red,style,rm_vs_nonelite,2009,2009/10,8,0.0200139135538197,0.0520533345694152,17,-0.0898090225989019,0.129836849706541,0.705383625403535,0.200139135538197,-0.898090225989019,1.29836849706541,0.220624378013412,-0.803438105861212,1.24468686188804,-0.0204852424752153,210,18,0.033297110499086,0.601722849412603,0.568425738913517,0.381098471399191,0,1,0,1,20261003-175015,4237598ec443fe56d60744856219d211,6c49e2a4c6b741a70851cb47ef9815bc,"season-block cluster, CR1, t(G-1)",team-match (120-minute matches count once),0.05,0.8,10,2026-10-03 17:50:35
net_red,style,rm_vs_other_elite,2009,2009/10,8,0.0413084889003894,0.0403361585358438,17,-0.0437933667284881,0.126410344529267,0.320138304406157,0.413084889003894,-0.437933667284881,1.26410344529267,0.395282952318671,-0.420881542174356,1.2114474468117,0.0178019366852239,210,18,0.206707553987342,0.671829790620559,0.465122236633217,0.276546838301889,0,0,0,1,20261003-175015,4237598ec443fe56d60744856219d211,6c49e2a4c6b741a70851cb47ef9815bc,"season-block cluster, CR1, t(G-1)",team-match (120-minute matches count once),0.05,0.8,10,2026-10-03 17:50:35
net_red,style,rm_vs_nonelite,2010,2010/11,12,0.038274726150039,0.048490874968583,17,-0.064032077241445,0.140581529541523,0.440796605730119,0.38274726150039,-0.64032077241445,1.40581529541523,0.220624378013412,-0.803438105861212,1.24468686188804,0.162122883486978,206,18,0.033297110499086,0.601722849412603,0.568425738913517,0.381098471399191,0,1,0,1,20261003-175015,4237598ec443fe56d60744856219d211,6c49e2a4c6b741a70851cb47ef9815bc,"season-block cluster, CR1, t(G-1)",team-match (120-minute matches count once),0.05,0.8,10,2026-10-03 17:50:35
net_red,style,rm_vs_other_elite,2010,2010/11,12,0.0490582490082608,0.0400535302435772,17,-0.0354473130468563,0.133563811063378,0.237345488724046,0.490582490082608,-0.354473130468563,1.33563811063378,0.395282952318671,-0.420881542174356,1.2114474468117,0.095299537763937,206,18,0.206707553987342,0.671829790620559,0.465122236633217,0.276546838301889,0,0,0,1,20261003-175015,4237598ec443fe56d60744856219d211,6c49e2a4c6b741a70851cb47ef9815bc,"season-block cluster, CR1, t(G-1)",team-match (120-minute matches count once),0.05,0.8,10,2026-10-03 17:50:35
net_red,style,rm_vs_nonelite,2011,2011/12,12,0.0185670075383728,0.0506832614433184,17,-0.0883653269901391,0.125499342066885,0.718635147722522,0.185670075383728,-0.883653269901391,1.25499342066885,0.220624378013412,-0.803438105861212,1.24468686188804,-0.0349543026296838,206,18,0.033297110499086,0.601722849412603,0.568425738913517,0.381098471399191,0,1,0,1,20261003-175015,4237598ec443fe56d60744856219d211,6c49e2a4c6b741a70851cb47ef9815bc,"season-block cluster, CR1, t(G-1)",team-match (120-minute matches count once),0.05,0.8,10,2026-10-03 17:50:35
net_red,style,rm_vs_other_elite,2011,2011/12,12,0.0433678185444399,0.0400739068384284,17,-0.0411807343679173,0.127916371456797,0.29427782029068,0.433678185444399,-0.411807343679173,1.27916371456797,0.395282952318671,-0.420881542174356,1.2114474468117,0.0383952331257289,206,18,0.206707553987342,0.671829790620559,0.465122236633217,0.276546838301889,0,0,0,1,20261003-175015,4237598ec443fe56d60744856219d211,6c49e2a4c6b741a70851cb47ef9815bc,"season-block cluster, CR1, t(G-1)",team-match (120-minute matches count once),0.05,0.8,10,2026-10-03 17:50:35
net_red,style,rm_vs_nonelite,2012,2012/13,12,0.026595371450316,0.0509743381096159,17,-0.080951081163094,0.134141824063726,0.608582413581643,0.26595371450316,-0.80951081163094,1.34141824063726,0.220624378013412,-0.803438105861212,1.24468686188804,0.0453293364897478,206,18,0.033297110499086,0.601722849412603,0.568425738913517,0.381098471399191,0,1,0,1,20261003-175015,4237598ec443fe56d60744856219d211,6c49e2a4c6b741a70851cb47ef9815bc,"season-block cluster, CR1, t(G-1)",team-match (120-minute matches count once),0.05,0.8,10,2026-10-03 17:50:35
net_red,style,rm_vs_other_elite,2012,2012/13,12,0.0482223722716442,0.0402036813683982,17,-0.0365999809656493,0.133044725508938,0.246803483418262,0.482223722716442,-0.365999809656493,1.33044725508938,0.395282952318671,-0.420881542174356,1.2114474468117,0.0869407703977714,206,18,0.206707553987342,0.671829790620559,0.465122236633217,0.276546838301889,0,0,0,1,20261003-175015,4237598ec443fe56d60744856219d211,6c49e2a4c6b741a70851cb47ef9815bc,"season-block cluster, CR1, t(G-1)",team-match (120-minute matches count once),0.05,0.8,10,2026-10-03 17:50:35
net_red,style,rm_vs_nonelite,2013,2013/14,13,0.0240455561202329,0.0517256331641933,17,-0.0850859905028736,0.133177102743339,0.647925259694299,0.240455561202329,-0.850859905028736,1.33177102743339,0.220624378013412,-0.803438105861212,1.24468686188804,0.0198311831889171,205,18,0.033297110499086,0.601722849412603,0.568425738913517,0.381098471399191,0,1,0,1,20261003-175015,4237598ec443fe56d60744856219d211,6c49e2a4c6b741a70851cb47ef9815bc,"season-block cluster, CR1, t(G-1)",team-match (120-minute matches count once),0.05,0.8,10,2026-10-03 17:50:35
net_red,style,rm_vs_other_elite,2013,2013/14,13,0.0370841255768492,0.0417014038648475,17,-0.0508981459147245,0.125066397068423,0.386264992674196,0.370841255768493,-0.508981459147245,1.25066397068423,0.395282952318671,-0.420881542174356,1.2114474468117,-0.0244416965501781,205,18,0.206707553987342,0.671829790620559,0.465122236633217,0.276546838301889,0,0,0,1,20261003-175015,4237598ec443fe56d60744856219d211,6c49e2a4c6b741a70851cb47ef9815bc,"season-block cluster, CR1, t(G-1)",team-match (120-minute matches count once),0.05,0.8,10,2026-10-03 17:50:35
net_red,style,rm_vs_nonelite,2014,2014/15,12,0.0196784974891578,0.0502664495704167,17,-0.0863744408568802,0.125731435835196,0.700303267423148,0.196784974891578,-0.863744408568802,1.25731435835196,0.220624378013412,-0.803438105861212,1.24468686188804,-0.0238394031218344,206,18,0.033297110499086,0.601722849412603,0.568425738913517,0.381098471399191,0,1,0,1,20261003-175015,4237598ec443fe56d60744856219d211,6c49e2a4c6b741a70851cb47ef9815bc,"season-block cluster, CR1, t(G-1)",team-match (120-minute matches count once),0.05,0.8,10,2026-10-03 17:50:35
net_red,style,rm_vs_other_elite,2014,2014/15,12,0.0312821679741415,0.040443072592947,17,-0.0540452565979017,0.116609592546185,0.449857227212386,0.312821679741415,-0.540452565979017,1.16609592546185,0.395282952318671,-0.420881542174356,1.2114474468117,-0.0824612725772556,206,18,0.206707553987342,0.671829790620559,0.465122236633217,0.276546838301889,0,0,0,1,20261003-175015,4237598ec443fe56d60744856219d211,6c49e2a4c6b741a70851cb47ef9815bc,"season-block cluster, CR1, t(G-1)",team-match (120-minute matches count once),0.05,0.8,10,2026-10-03 17:50:35
net_red,style,rm_vs_nonelite,2015,2015/16,13,0.0207130187992043,0.0513307118022795,17,-0.0875853165825173,0.129011354180926,0.691595233897858,0.207130187992043,-0.875853165825173,1.29011354180926,0.220624378013412,-0.803438105861212,1.24468686188804,-0.0134941900213687,205,18,0.033297110499086,0.601722849412603,0.568425738913517,0.381098471399191,0,1,0,1,20261003-175015,4237598ec443fe56d60744856219d211,6c49e2a4c6b741a70851cb47ef9815bc,"season-block cluster, CR1, t(G-1)",team-match (120-minute matches count once),0.05,0.8,10,2026-10-03 17:50:35
net_red,style,rm_vs_other_elite,2015,2015/16,13,0.0345602727577011,0.0414591051993547,17,-0.0529107932349276,0.12203133875033,0.41606633742822,0.345602727577011,-0.529107932349276,1.2203133875033,0.395282952318671,-0.420881542174356,1.2114474468117,-0.0496802247416595,205,18,0.206707553987342,0.671829790620559,0.465122236633217,0.276546838301889,0,0,0,1,20261003-175015,4237598ec443fe56d60744856219d211,6c49e2a4c6b741a70851cb47ef9815bc,"season-block cluster, CR1, t(G-1)",team-match (120-minute matches count once),0.05,0.8,10,2026-10-03 17:50:35
net_red,style,rm_vs_nonelite,2016,2016/17,13,0.0033297110499086,0.0468102079604929,17,-0.0954311949067565,0.102090617006574,0.944122699966909,0.033297110499086,-0.954311949067565,1.02090617006574,0.220624378013412,-0.803438105861212,1.24468686188804,-0.187327267514326,205,18,0.033297110499086,0.601722849412603,0.568425738913517,0.381098471399191,0,1,0,1,20261003-175015,4237598ec443fe56d60744856219d211,6c49e2a4c6b741a70851cb47ef9815bc,"season-block cluster, CR1, t(G-1)",team-match (120-minute matches count once),0.05,0.8,10,2026-10-03 17:50:35
net_red,style,rm_vs_other_elite,2016,2016/17,13,0.0206707553987342,0.0365366040532736,17,-0.0564147409939903,0.0977562517914587,0.578952351521927,0.206707553987342,-0.564147409939903,0.977562517914587,0.395282952318671,-0.420881542174356,1.2114474468117,-0.188575398331329,205,18,0.206707553987342,0.671829790620559,0.465122236633217,0.276546838301889,0,0,0,1,20261003-175015,4237598ec443fe56d60744856219d211,6c49e2a4c6b741a70851cb47ef9815bc,"season-block cluster, CR1, t(G-1)",team-match (120-minute matches count once),0.05,0.8,10,2026-10-03 17:50:35
net_red,style,rm_vs_nonelite,2017,2017/18,13,0.0121233412793762,0.0504213568212345,17,-0.0942564227975564,0.118503105356309,0.812864295719547,0.121233412793762,-0.942564227975564,1.18503105356309,0.220624378013412,-0.803438105861212,1.24468686188804,-0.0993909652196505,205,18,0.033297110499086,0.601722849412603,0.568425738913517,0.381098471399191,0,1,0,1,20261003-175015,4237598ec443fe56d60744856219d211,6c49e2a4c6b741a70851cb47ef9815bc,"season-block cluster, CR1, t(G-1)",team-match (120-minute matches count once),0.05,0.8,10,2026-10-03 17:50:35
net_red,style,rm_vs_other_elite,2017,2017/18,13,0.03266367345175,0.0408989703670968,17,-0.053625611346094,0.118952958249594,0.435513658380117,0.3266367345175,-0.53625611346094,1.18952958249594,0.395282952318671,-0.420881542174356,1.2114474468117,-0.0686462178011701,205,18,0.206707553987342,0.671829790620559,0.465122236633217,0.276546838301889,0,0,0,1,20261003-175015,4237598ec443fe56d60744856219d211,6c49e2a4c6b741a70851cb47ef9815bc,"season-block cluster, CR1, t(G-1)",team-match (120-minute matches count once),0.05,0.8,10,2026-10-03 17:50:35
net_red,style,rm_vs_nonelite,2018,2018/19,8,0.024049033329286,0.0508242970627215,17,-0.0831808603460719,0.131278927004644,0.642103751453963,0.24049033329286,-0.831808603460719,1.31278927004644,0.220624378013412,-0.803438105861212,1.24468686188804,0.0198659552794481,210,18,0.033297110499086,0.601722849412603,0.568425738913517,0.381098471399191,0,1,0,1,20261003-175015,4237598ec443fe56d60744856219d211,6c49e2a4c6b741a70851cb47ef9815bc,"season-block cluster, CR1, t(G-1)",team-match (120-minute matches count once),0.05,0.8,10,2026-10-03 17:50:35
net_red,style,rm_vs_other_elite,2018,2018/19,8,0.0404973078822798,0.0399840340075895,17,-0.0438616299315495,0.124856245696109,0.325337443585664,0.404973078822798,-0.438616299315495,1.24856245696109,0.395282952318671,-0.420881542174356,1.2114474468117,0.00969012650412784,210,18,0.206707553987342,0.671829790620559,0.465122236633217,0.276546838301889,0,0,0,1,20261003-175015,4237598ec443fe56d60744856219d211,6c49e2a4c6b741a70851cb47ef9815bc,"season-block cluster, CR1, t(G-1)",team-match (120-minute matches count once),0.05,0.8,10,2026-10-03 17:50:35
net_red,style,rm_vs_nonelite,2019,2019/20,8,0.0232192218325079,0.0500578400590062,17,-0.0823935889166721,0.128832032581688,0.648640842966312,0.232192218325079,-0.823935889166721,1.28832032581688,0.220624378013412,-0.803438105861212,1.24468686188804,0.0115678403116666,210,18,0.033297110499086,0.601722849412603,0.568425738913517,0.381098471399191,0,1,0,1,20261003-175015,4237598ec443fe56d60744856219d211,6c49e2a4c6b741a70851cb47ef9815bc,"season-block cluster, CR1, t(G-1)",team-match (120-minute matches count once),0.05,0.8,10,2026-10-03 17:50:35
net_red,style,rm_vs_other_elite,2019,2019/20,8,0.0428594706934589,0.0398044890908356,17,-0.0411206604580824,0.126839601845,0.296635690515441,0.428594706934589,-0.411206604580824,1.26839601845,0.395282952318671,-0.420881542174356,1.2114474468117,0.0333117546159181,210,18,0.206707553987342,0.671829790620559,0.465122236633217,0.276546838301889,0,0,0,1,20261003-175015,4237598ec443fe56d60744856219d211,6c49e2a4c6b741a70851cb47ef9815bc,"season-block cluster, CR1, t(G-1)",team-match (120-minute matches count once),0.05,0.8,10,2026-10-03 17:50:35
net_red,style,rm_vs_nonelite,2020,2020/21,12,0.0167756555021025,0.0516639107142357,17,-0.0922256681345816,0.125776979138787,0.749364078665701,0.167756555021025,-0.922256681345816,1.25776979138787,0.220624378013412,-0.803438105861212,1.24468686188804,-0.0528678229923869,206,18,0.033297110499086,0.601722849412603,0.568425738913517,0.381098471399191,0,1,0,1,20261003-175015,4237598ec443fe56d60744856219d211,6c49e2a4c6b741a70851cb47ef9815bc,"season-block cluster, CR1, t(G-1)",team-match (120-minute matches count once),0.05,0.8,10,2026-10-03 17:50:35
net_red,style,rm_vs_other_elite,2020,2020/21,12,0.0313903922047508,0.0405261633225537,17,-0.0541123384829902,0.116893122892492,0.449232848238597,0.313903922047508,-0.541123384829902,1.16893122892492,0.395282952318671,-0.420881542174356,1.2114474468117,-0.0813790302711625,206,18,0.206707553987342,0.671829790620559,0.465122236633217,0.276546838301889,0,0,0,1,20261003-175015,4237598ec443fe56d60744856219d211,6c49e2a4c6b741a70851cb47ef9815bc,"season-block cluster, CR1, t(G-1)",team-match (120-minute matches count once),0.05,0.8,10,2026-10-03 17:50:35
net_red,style,rm_vs_nonelite,2021,2021/22,13,0.0111915290118922,0.0504465094470236,17,-0.0952413024667538,0.117624360490538,0.827074253974174,0.111915290118922,-0.952413024667538,1.17624360490538,0.220624378013412,-0.803438105861212,1.24468686188804,-0.10870908789449,205,18,0.033297110499086,0.601722849412603,0.568425738913517,0.381098471399191,0,1,0,1,20261003-175015,4237598ec443fe56d60744856219d211,6c49e2a4c6b741a70851cb47ef9815bc,"season-block cluster, CR1, t(G-1)",team-match (120-minute matches count once),0.05,0.8,10,2026-10-03 17:50:35
net_red,style,rm_vs_other_elite,2021,2021/22,13,0.0287245933891369,0.0397384105812836,17,-0.0551161242935914,0.112565311071865,0.47960446562473,0.287245933891369,-0.551161242935914,1.12565311071865,0.395282952318671,-0.420881542174356,1.2114474468117,-0.108037018427302,205,18,0.206707553987342,0.671829790620559,0.465122236633217,0.276546838301889,0,0,0,1,20261003-175015,4237598ec443fe56d60744856219d211,6c49e2a4c6b741a70851cb47ef9815bc,"season-block cluster, CR1, t(G-1)",team-match (120-minute matches count once),0.05,0.8,10,2026-10-03 17:50:35
net_red,style,rm_vs_nonelite,2022,2022/23,12,0.00896156137027134,0.0474227288929629,17,-0.0910916507914678,0.109014773532011,0.852352553824575,0.0896156137027134,-0.910916507914678,1.09014773532011,0.220624378013412,-0.803438105861212,1.24468686188804,-0.131008764310699,206,18,0.033297110499086,0.601722849412603,0.568425738913517,0.381098471399191,0,1,0,1,20261003-175015,4237598ec443fe56d60744856219d211,6c49e2a4c6b741a70851cb47ef9815bc,"season-block cluster, CR1, t(G-1)",team-match (120-minute matches count once),0.05,0.8,10,2026-10-03 17:50:35
net_red,style,rm_vs_other_elite,2022,2022/23,12,0.0362720638718268,0.0399564394718572,17,-0.0480286545606516,0.120572782304305,0.376678345358189,0.362720638718268,-0.480286545606516,1.20572782304305,0.395282952318671,-0.420881542174356,1.2114474468117,-0.0325623136004028,206,18,0.206707553987342,0.671829790620559,0.465122236633217,0.276546838301889,0,0,0,1,20261003-175015,4237598ec443fe56d60744856219d211,6c49e2a4c6b741a70851cb47ef9815bc,"season-block cluster, CR1, t(G-1)",team-match (120-minute matches count once),0.05,0.8,10,2026-10-03 17:50:35
net_red,style,rm_vs_nonelite,2023,2023/24,13,0.0274539620682768,0.0519238834359225,17,-0.0820958560664339,0.137003780202988,0.60382485134687,0.274539620682768,-0.820958560664339,1.37003780202988,0.220624378013412,-0.803438105861212,1.24468686188804,0.0539152426693559,205,18,0.033297110499086,0.601722849412603,0.568425738913517,0.381098471399191,0,1,0,1,20261003-175015,4237598ec443fe56d60744856219d211,6c49e2a4c6b741a70851cb47ef9815bc,"season-block cluster, CR1, t(G-1)",team-match (120-minute matches count once),0.05,0.8,10,2026-10-03 17:50:35
net_red,style,rm_vs_other_elite,2023,2023/24,13,0.041425599673229,0.0410286675539681,17,-0.0451373222698773,0.127988521616335,0.326807241698033,0.41425599673229,-0.451373222698773,1.27988521616335,0.395282952318671,-0.420881542174356,1.2114474468117,0.0189730444136196,205,18,0.206707553987342,0.671829790620559,0.465122236633217,0.276546838301889,0,0,0,1,20261003-175015,4237598ec443fe56d60744856219d211,6c49e2a4c6b741a70851cb47ef9815bc,"season-block cluster, CR1, t(G-1)",team-match (120-minute matches count once),0.05,0.8,10,2026-10-03 17:50:35
net_red,style,rm_vs_nonelite,2024,2024/25,14,0.0302025503071808,0.0541502955621249,17,-0.0840445868140686,0.14444968742843,0.584283090352247,0.302025503071808,-0.840445868140686,1.4444968742843,0.220624378013412,-0.803438105861212,1.24468686188804,0.0814011250583957,204,18,0.033297110499086,0.601722849412603,0.568425738913517,0.381098471399191,0,1,0,1,20261003-175015,4237598ec443fe56d60744856219d211,6c49e2a4c6b741a70851cb47ef9815bc,"season-block cluster, CR1, t(G-1)",team-match (120-minute matches count once),0.05,0.8,10,2026-10-03 17:50:35
net_red,style,rm_vs_other_elite,2024,2024/25,14,0.0460816222686623,0.042166238505763,17,-0.0428813645894314,0.135044609126756,0.289702453116734,0.460816222686623,-0.428813645894314,1.35044609126756,0.395282952318671,-0.420881542174356,1.2114474468117,0.0655332703679527,204,18,0.206707553987342,0.671829790620559,0.465122236633217,0.276546838301889,0,0,0,1,20261003-175015,4237598ec443fe56d60744856219d211,6c49e2a4c6b741a70851cb47ef9815bc,"season-block cluster, CR1, t(G-1)",team-match (120-minute matches count once),0.05,0.8,10,2026-10-03 17:50:35
net_red,style,rm_vs_nonelite,2025,2025/26,14,0.0601722849412603,0.0380727154125881,17,-0.0201541231266327,0.140498693009153,0.132427745143235,0.601722849412603,-0.201541231266327,1.40498693009153,0.220624378013412,-0.803438105861212,1.24468686188804,0.381098471399191,204,18,0.033297110499086,0.601722849412603,0.568425738913517,0.381098471399191,0,1,0,1,20261003-175015,4237598ec443fe56d60744856219d211,6c49e2a4c6b741a70851cb47ef9815bc,"season-block cluster, CR1, t(G-1)",team-match (120-minute matches count once),0.05,0.8,10,2026-10-03 17:50:35
net_red,style,rm_vs_other_elite,2025,2025/26,14,0.0671829790620559,0.030583626368353,17,0.00265716772347099,0.131708790400641,0.0421978383868329,0.671829790620559,0.0265716772347099,1.31708790400641,0.395282952318671,-0.420881542174356,1.2114474468117,0.276546838301889,204,18,0.206707553987342,0.671829790620559,0.465122236633217,0.276546838301889,0,0,0,1,20261003-175015,4237598ec443fe56d60744856219d211,6c49e2a4c6b741a70851cb47ef9815bc,"season-block cluster, CR1, t(G-1)",team-match (120-minute matches count once),0.05,0.8,10,2026-10-03 17:50:35
net_yellow_fouls,prematch,rm_vs_nonelite,2007,2007/08,8,-0.265548105671021,0.12110284617892,17,-0.521052777059258,-0.0100434342827835,0.0425266575968009,-2.65548105671021,-5.21052777059258,-0.100434342827835,-2.51325428115239,-4.96493531506277,-0.061573247241998,-0.142226775557823,210,18,-2.98044835110542,-2.00095771693983,0.97949063416559,0.512296564212556,0,0,0,0,20261003-175015,4237598ec443fe56d60744856219d211,6c49e2a4c6b741a70851cb47ef9815bc,"season-block cluster, CR1, t(G-1)",team-match (120-minute matches count once),0.05,0.8,10,2026-10-03 17:50:35
net_yellow_fouls,prematch,rm_vs_other_elite,2007,2007/08,8,-0.282444682233749,0.0859115259565017,17,-0.463702158012208,-0.101187206455291,0.00434462816496798,-2.82444682233749,-4.63702158012208,-1.01187206455291,-2.72900281939883,-4.53992165084806,-0.918083987949612,-0.0954440029386577,210,18,-3.16308447924252,-2.34078302275447,0.82230145648805,0.434081659843681,0,0,1,0,20261003-175015,4237598ec443fe56d60744856219d211,6c49e2a4c6b741a70851cb47ef9815bc,"season-block cluster, CR1, t(G-1)",team-match (120-minute matches count once),0.05,0.8,10,2026-10-03 17:50:35
net_yellow_fouls,prematch,rm_vs_nonelite,2008,2008/09,8,-0.298044835110542,0.115311818714139,17,-0.541331506541923,-0.0547581636791605,0.0192807225966107,-2.98044835110542,-5.41331506541923,-0.547581636791605,-2.51325428115239,-4.96493531506277,-0.061573247241998,-0.467194069953034,210,18,-2.98044835110542,-2.00095771693983,0.97949063416559,0.512296564212556,0,0,0,0,20261003-175015,4237598ec443fe56d60744856219d211,6c49e2a4c6b741a70851cb47ef9815bc,"season-block cluster, CR1, t(G-1)",team-match (120-minute matches count once),0.05,0.8,10,2026-10-03 17:50:35
net_yellow_fouls,prematch,rm_vs_other_elite,2008,2008/09,8,-0.292009635292446,0.0874035147798509,17,-0.476414932332359,-0.107604338252532,0.00387211217331619,-2.92009635292446,-4.76414932332359,-1.07604338252532,-2.72900281939883,-4.53992165084806,-0.918083987949612,-0.191093533525621,210,18,-3.16308447924252,-2.34078302275447,0.82230145648805,0.434081659843681,0,0,1,0,20261003-175015,4237598ec443fe56d60744856219d211,6c49e2a4c6b741a70851cb47ef9815bc,"season-block cluster, CR1, t(G-1)",team-match (120-minute matches count once),0.05,0.8,10,2026-10-03 17:50:35
net_yellow_fouls,prematch,rm_vs_nonelite,2009,2009/10,8,-0.200095771693983,0.110038005687494,17,-0.43225567024717,0.0320641268592039,0.0866626213261697,-2.00095771693983,-4.3225567024717,0.320641268592039,-2.51325428115239,-4.96493531506277,-0.061573247241998,0.512296564212556,210,18,-2.98044835110542,-2.00095771693983,0.97949063416559,0.512296564212556,0,0,0,0,20261003-175015,4237598ec443fe56d60744856219d211,6c49e2a4c6b741a70851cb47ef9815bc,"season-block cluster, CR1, t(G-1)",team-match (120-minute matches count once),0.05,0.8,10,2026-10-03 17:50:35
net_yellow_fouls,prematch,rm_vs_other_elite,2009,2009/10,8,-0.261564604215835,0.0874755594279769,17,-0.446121902176665,-0.0770073062550055,0.00822567697338656,-2.61564604215835,-4.46121902176665,-0.770073062550055,-2.72900281939883,-4.53992165084806,-0.918083987949612,0.113356777240483,210,18,-3.16308447924252,-2.34078302275447,0.82230145648805,0.434081659843681,0,0,1,0,20261003-175015,4237598ec443fe56d60744856219d211,6c49e2a4c6b741a70851cb47ef9815bc,"season-block cluster, CR1, t(G-1)",team-match (120-minute matches count once),0.05,0.8,10,2026-10-03 17:50:35
net_yellow_fouls,prematch,rm_vs_nonelite,2010,2010/11,12,-0.20181131529788,0.107262134232289,17,-0.428114637012811,0.0244920064170501,0.0771453959281899,-2.0181131529788,-4.28114637012811,0.244920064170501,-2.51325428115239,-4.96493531506277,-0.061573247241998,0.49514112817358,206,18,-2.98044835110542,-2.00095771693983,0.97949063416559,0.512296564212556,0,0,0,0,20261003-175015,4237598ec443fe56d60744856219d211,6c49e2a4c6b741a70851cb47ef9815bc,"season-block cluster, CR1, t(G-1)",team-match (120-minute matches count once),0.05,0.8,10,2026-10-03 17:50:35
net_yellow_fouls,prematch,rm_vs_other_elite,2010,2010/11,12,-0.259687628244098,0.0891823469721541,17,-0.447845933153685,-0.0715293233345114,0.00971493777861613,-2.59687628244098,-4.47845933153685,-0.715293233345114,-2.72900281939883,-4.53992165084806,-0.918083987949612,0.132126536957854,206,18,-3.16308447924252,-2.34078302275447,0.82230145648805,0.434081659843681,0,0,1,0,20261003-175015,4237598ec443fe56d60744856219d211,6c49e2a4c6b741a70851cb47ef9815bc,"season-block cluster, CR1, t(G-1)",team-match (120-minute matches count once),0.05,0.8,10,2026-10-03 17:50:35
net_yellow_fouls,prematch,rm_vs_nonelite,2011,2011/12,12,-0.260856430264929,0.122650383059485,17,-0.519626119071054,-0.00208674145880339,0.0483752886746644,-2.60856430264929,-5.19626119071054,-0.0208674145880339,-2.51325428115239,-4.96493531506277,-0.061573247241998,-0.0953100214969027,206,18,-2.98044835110542,-2.00095771693983,0.97949063416559,0.512296564212556,0,0,0,0,20261003-175015,4237598ec443fe56d60744856219d211,6c49e2a4c6b741a70851cb47ef9815bc,"season-block cluster, CR1, t(G-1)",team-match (120-minute matches count once),0.05,0.8,10,2026-10-03 17:50:35
net_yellow_fouls,prematch,rm_vs_other_elite,2011,2011/12,12,-0.257558848227515,0.0889638676390667,17,-0.445256202036719,-0.0698614944183103,0.0100666565230497,-2.57558848227515,-4.45256202036719,-0.698614944183103,-2.72900281939883,-4.53992165084806,-0.918083987949612,0.153414337123689,206,18,-3.16308447924252,-2.34078302275447,0.82230145648805,0.434081659843681,0,0,1,0,20261003-175015,4237598ec443fe56d60744856219d211,6c49e2a4c6b741a70851cb47ef9815bc,"season-block cluster, CR1, t(G-1)",team-match (120-minute matches count once),0.05,0.8,10,2026-10-03 17:50:35
net_yellow_fouls,prematch,rm_vs_nonelite,2012,2012/13,12,-0.257987420715339,0.120556217785788,17,-0.51233880700446,-0.00363603442621702,0.0471530851750317,-2.57987420715339,-5.1233880700446,-0.0363603442621702,-2.51325428115239,-4.96493531506277,-0.061573247241998,-0.0666199260010009,206,18,-2.98044835110542,-2.00095771693983,0.97949063416559,0.512296564212556,0,0,0,0,20261003-175015,4237598ec443fe56d60744856219d211,6c49e2a4c6b741a70851cb47ef9815bc,"season-block cluster, CR1, t(G-1)",team-match (120-minute matches count once),0.05,0.8,10,2026-10-03 17:50:35
net_yellow_fouls,prematch,rm_vs_other_elite,2012,2012/13,12,-0.301846147654113,0.0860480079854285,17,-0.483391575343295,-0.12030071996493,0.00269755650981371,-3.01846147654113,-4.83391575343295,-1.2030071996493,-2.72900281939883,-4.53992165084806,-0.918083987949612,-0.289458657142291,206,18,-3.16308447924252,-2.34078302275447,0.82230145648805,0.434081659843681,0,0,1,0,20261003-175015,4237598ec443fe56d60744856219d211,6c49e2a4c6b741a70851cb47ef9815bc,"season-block cluster, CR1, t(G-1)",team-match (120-minute matches count once),0.05,0.8,10,2026-10-03 17:50:35
net_yellow_fouls,prematch,rm_vs_nonelite,2013,2013/14,13,-0.248296410123646,0.122958422485489,17,-0.507716005309342,0.0111231850620497,0.0595041873511216,-2.48296410123646,-5.07716005309342,0.111231850620497,-2.51325428115239,-4.96493531506277,-0.061573247241998,0.0302901799159255,205,18,-2.98044835110542,-2.00095771693983,0.97949063416559,0.512296564212556,0,0,0,0,20261003-175015,4237598ec443fe56d60744856219d211,6c49e2a4c6b741a70851cb47ef9815bc,"season-block cluster, CR1, t(G-1)",team-match (120-minute matches count once),0.05,0.8,10,2026-10-03 17:50:35
net_yellow_fouls,prematch,rm_vs_other_elite,2013,2013/14,13,-0.279580320755667,0.0943226271891277,17,-0.478583668941453,-0.0805769725698814,0.00869500054934089,-2.79580320755667,-4.78583668941453,-0.805769725698814,-2.72900281939883,-4.53992165084806,-0.918083987949612,-0.0668003881578383,205,18,-3.16308447924252,-2.34078302275447,0.82230145648805,0.434081659843681,0,0,1,0,20261003-175015,4237598ec443fe56d60744856219d211,6c49e2a4c6b741a70851cb47ef9815bc,"season-block cluster, CR1, t(G-1)",team-match (120-minute matches count once),0.05,0.8,10,2026-10-03 17:50:35
net_yellow_fouls,prematch,rm_vs_nonelite,2014,2014/15,12,-0.258231216368435,0.122195053117074,17,-0.516040242969007,-0.000422189767864012,0.0496660842296042,-2.58231216368435,-5.16040242969007,-0.00422189767864012,-2.51325428115239,-4.96493531506277,-0.061573247241998,-0.0690578825319688,206,18,-2.98044835110542,-2.00095771693983,0.97949063416559,0.512296564212556,0,0,0,0,20261003-175015,4237598ec443fe56d60744856219d211,6c49e2a4c6b741a70851cb47ef9815bc,"season-block cluster, CR1, t(G-1)",team-match (120-minute matches count once),0.05,0.8,10,2026-10-03 17:50:35
net_yellow_fouls,prematch,rm_vs_other_elite,2014,2014/15,12,-0.288532583589998,0.089579746875942,17,-0.477529329007226,-0.0995358381727701,0.00501609124254673,-2.88532583589998,-4.77529329007226,-0.995358381727701,-2.72900281939883,-4.53992165084806,-0.918083987949612,-0.156323016501145,206,18,-3.16308447924252,-2.34078302275447,0.82230145648805,0.434081659843681,0,0,1,0,20261003-175015,4237598ec443fe56d60744856219d211,6c49e2a4c6b741a70851cb47ef9815bc,"season-block cluster, CR1, t(G-1)",team-match (120-minute matches count once),0.05,0.8,10,2026-10-03 17:50:35
net_yellow_fouls,prematch,rm_vs_nonelite,2015,2015/16,13,-0.253272684860797,0.127313335230884,17,-0.521880342796832,0.0153349730752371,0.0629984726807677,-2.53272684860797,-5.21880342796832,0.153349730752371,-2.51325428115239,-4.96493531506277,-0.061573247241998,-0.0194725674555896,205,18,-2.98044835110542,-2.00095771693983,0.97949063416559,0.512296564212556,0,0,0,0,20261003-175015,4237598ec443fe56d60744856219d211,6c49e2a4c6b741a70851cb47ef9815bc,"season-block cluster, CR1, t(G-1)",team-match (120-minute matches count once),0.05,0.8,10,2026-10-03 17:50:35
net_yellow_fouls,prematch,rm_vs_other_elite,2015,2015/16,13,-0.261929692724091,0.0917681770020621,17,-0.455543622112407,-0.0683157633357753,0.0109751696474478,-2.61929692724091,-4.55543622112407,-0.683157633357753,-2.72900281939883,-4.53992165084806,-0.918083987949612,0.109705892157924,205,18,-3.16308447924252,-2.34078302275447,0.82230145648805,0.434081659843681,0,0,1,0,20261003-175015,4237598ec443fe56d60744856219d211,6c49e2a4c6b741a70851cb47ef9815bc,"season-block cluster, CR1, t(G-1)",team-match (120-minute matches count once),0.05,0.8,10,2026-10-03 17:50:35
net_yellow_fouls,prematch,rm_vs_nonelite,2016,2016/17,13,-0.292515948606022,0.113073169161604,17,-0.531079482338155,-0.0539524148738887,0.0191903149220746,-2.92515948606022,-5.31079482338155,-0.539524148738887,-2.51325428115239,-4.96493531506277,-0.061573247241998,-0.411905204907833,205,18,-2.98044835110542,-2.00095771693983,0.97949063416559,0.512296564212556,0,0,0,0,20261003-175015,4237598ec443fe56d60744856219d211,6c49e2a4c6b741a70851cb47ef9815bc,"season-block cluster, CR1, t(G-1)",team-match (120-minute matches count once),0.05,0.8,10,2026-10-03 17:50:35
net_yellow_fouls,prematch,rm_vs_other_elite,2016,2016/17,13,-0.316308447924252,0.0802468178405816,17,-0.485614434275863,-0.14700246157264,0.00105211461370607,-3.16308447924252,-4.85614434275863,-1.4700246157264,-2.72900281939883,-4.53992165084806,-0.918083987949612,-0.434081659843681,205,18,-3.16308447924252,-2.34078302275447,0.82230145648805,0.434081659843681,0,0,1,0,20261003-175015,4237598ec443fe56d60744856219d211,6c49e2a4c6b741a70851cb47ef9815bc,"season-block cluster, CR1, t(G-1)",team-match (120-minute matches count once),0.05,0.8,10,2026-10-03 17:50:35
net_yellow_fouls,prematch,rm_vs_nonelite,2017,2017/18,13,-0.276126673126308,0.123869417899312,17,-0.537468300627422,-0.0147850456251945,0.0395810871751914,-2.76126673126308,-5.37468300627422,-0.147850456251945,-2.51325428115239,-4.96493531506277,-0.061573247241998,-0.248012450110698,205,18,-2.98044835110542,-2.00095771693983,0.97949063416559,0.512296564212556,0,0,0,0,20261003-175015,4237598ec443fe56d60744856219d211,6c49e2a4c6b741a70851cb47ef9815bc,"season-block cluster, CR1, t(G-1)",team-match (120-minute matches count once),0.05,0.8,10,2026-10-03 17:50:35
net_yellow_fouls,prematch,rm_vs_other_elite,2017,2017/18,13,-0.283292010936345,0.0918286274651042,17,-0.477033479653274,-0.0895505422194163,0.00671681839024539,-2.83292010936345,-4.77033479653274,-0.895505422194163,-2.72900281939883,-4.53992165084806,-0.918083987949612,-0.10391728996462,205,18,-3.16308447924252,-2.34078302275447,0.82230145648805,0.434081659843681,0,0,1,0,20261003-175015,4237598ec443fe56d60744856219d211,6c49e2a4c6b741a70851cb47ef9815bc,"season-block cluster, CR1, t(G-1)",team-match (120-minute matches count once),0.05,0.8,10,2026-10-03 17:50:35
net_yellow_fouls,prematch,rm_vs_nonelite,2018,2018/19,8,-0.233610851884786,0.123302108559939,17,-0.49375556130424,0.0265338575346671,0.075282347913147,-2.33610851884786,-4.9375556130424,0.265338575346671,-2.51325428115239,-4.96493531506277,-0.061573247241998,0.177145762304523,210,18,-2.98044835110542,-2.00095771693983,0.97949063416559,0.512296564212556,0,0,0,0,20261003-175015,4237598ec443fe56d60744856219d211,6c49e2a4c6b741a70851cb47ef9815bc,"season-block cluster, CR1, t(G-1)",team-match (120-minute matches count once),0.05,0.8,10,2026-10-03 17:50:35
net_yellow_fouls,prematch,rm_vs_other_elite,2018,2018/19,8,-0.239145868781205,0.0832073487026292,17,-0.414698029264221,-0.0635937082981891,0.0105242993071687,-2.39145868781205,-4.14698029264221,-0.635937082981891,-2.72900281939883,-4.53992165084806,-0.918083987949612,0.337544131586784,210,18,-3.16308447924252,-2.34078302275447,0.82230145648805,0.434081659843681,0,0,1,0,20261003-175015,4237598ec443fe56d60744856219d211,6c49e2a4c6b741a70851cb47ef9815bc,"season-block cluster, CR1, t(G-1)",team-match (120-minute matches count once),0.05,0.8,10,2026-10-03 17:50:35
net_yellow_fouls,prematch,rm_vs_nonelite,2019,2019/20,8,-0.26647311702683,0.12854013244665,17,-0.53766909083953,0.0047228567858707,0.053679842038786,-2.6647311702683,-5.3766909083953,0.047228567858707,-2.51325428115239,-4.96493531506277,-0.061573247241998,-0.151476889115912,210,18,-2.98044835110542,-2.00095771693983,0.97949063416559,0.512296564212556,0,0,0,0,20261003-175015,4237598ec443fe56d60744856219d211,6c49e2a4c6b741a70851cb47ef9815bc,"season-block cluster, CR1, t(G-1)",team-match (120-minute matches count once),0.05,0.8,10,2026-10-03 17:50:35
net_yellow_fouls,prematch,rm_vs_other_elite,2019,2019/20,8,-0.278404194486081,0.0953853248017127,17,-0.479649638649425,-0.0771587503227366,0.00957459825213176,-2.78404194486081,-4.79649638649425,-0.771587503227367,-2.72900281939883,-4.53992165084806,-0.918083987949612,-0.055039125461972,210,18,-3.16308447924252,-2.34078302275447,0.82230145648805,0.434081659843681,0,0,1,0,20261003-175015,4237598ec443fe56d60744856219d211,6c49e2a4c6b741a70851cb47ef9815bc,"season-block cluster, CR1, t(G-1)",team-match (120-minute matches count once),0.05,0.8,10,2026-10-03 17:50:35
net_yellow_fouls,prematch,rm_vs_nonelite,2020,2020/21,12,-0.232356003573874,0.126150697144739,17,-0.498510709564377,0.0337987024166286,0.0830056904261347,-2.32356003573874,-4.98510709564377,0.337987024166286,-2.51325428115239,-4.96493531506277,-0.061573247241998,0.189694245413644,206,18,-2.98044835110542,-2.00095771693983,0.97949063416559,0.512296564212556,0,0,0,0,20261003-175015,4237598ec443fe56d60744856219d211,6c49e2a4c6b741a70851cb47ef9815bc,"season-block cluster, CR1, t(G-1)",team-match (120-minute matches count once),0.05,0.8,10,2026-10-03 17:50:35
net_yellow_fouls,prematch,rm_vs_other_elite,2020,2020/21,12,-0.249721605403309,0.0918428504633181,17,-0.443493082023433,-0.0559501287831846,0.0145841799895592,-2.49721605403309,-4.43493082023433,-0.559501287831846,-2.72900281939883,-4.53992165084806,-0.918083987949612,0.231786765365745,206,18,-3.16308447924252,-2.34078302275447,0.82230145648805,0.434081659843681,0,0,1,0,20261003-175015,4237598ec443fe56d60744856219d211,6c49e2a4c6b741a70851cb47ef9815bc,"season-block cluster, CR1, t(G-1)",team-match (120-minute matches count once),0.05,0.8,10,2026-10-03 17:50:35
net_yellow_fouls,prematch,rm_vs_nonelite,2021,2021/22,13,-0.257921374604222,0.123485423885195,17,-0.518452845552556,0.0026100963441123,0.0520877888179984,-2.57921374604222,-5.18452845552556,0.026100963441123,-2.51325428115239,-4.96493531506277,-0.061573247241998,-0.0659594648898343,205,18,-2.98044835110542,-2.00095771693983,0.97949063416559,0.512296564212556,0,0,0,0,20261003-175015,4237598ec443fe56d60744856219d211,6c49e2a4c6b741a70851cb47ef9815bc,"season-block cluster, CR1, t(G-1)",team-match (120-minute matches count once),0.05,0.8,10,2026-10-03 17:50:35
net_yellow_fouls,prematch,rm_vs_other_elite,2021,2021/22,13,-0.266743613166673,0.0901487582691288,17,-0.456940867685211,-0.0765463586481351,0.00879093783049422,-2.66743613166673,-4.56940867685211,-0.765463586481351,-2.72900281939883,-4.53992165084806,-0.918083987949612,0.0615666877321031,205,18,-3.16308447924252,-2.34078302275447,0.82230145648805,0.434081659843681,0,0,1,0,20261003-175015,4237598ec443fe56d60744856219d211,6c49e2a4c6b741a70851cb47ef9815bc,"season-block cluster, CR1, t(G-1)",team-match (120-minute matches count once),0.05,0.8,10,2026-10-03 17:50:35
net_yellow_fouls,prematch,rm_vs_nonelite,2022,2022/23,12,-0.287092228088842,0.118895357115542,17,-0.537939504663267,-0.0362449515144173,0.0273037964623791,-2.87092228088842,-5.37939504663267,-0.362449515144173,-2.51325428115239,-4.96493531506277,-0.061573247241998,-0.357667999736036,206,18,-2.98044835110542,-2.00095771693983,0.97949063416559,0.512296564212556,0,0,0,0,20261003-175015,4237598ec443fe56d60744856219d211,6c49e2a4c6b741a70851cb47ef9815bc,"season-block cluster, CR1, t(G-1)",team-match (120-minute matches count once),0.05,0.8,10,2026-10-03 17:50:35
net_yellow_fouls,prematch,rm_vs_other_elite,2022,2022/23,12,-0.296189744400584,0.0893905797774442,17,-0.484787382126588,-0.10759210667458,0.00410916264160891,-2.96189744400584,-4.84787382126588,-1.0759210667458,-2.72900281939883,-4.53992165084806,-0.918083987949612,-0.232894624607005,206,18,-3.16308447924252,-2.34078302275447,0.82230145648805,0.434081659843681,0,0,1,0,20261003-175015,4237598ec443fe56d60744856219d211,6c49e2a4c6b741a70851cb47ef9815bc,"season-block cluster, CR1, t(G-1)",team-match (120-minute matches count once),0.05,0.8,10,2026-10-03 17:50:35
net_yellow_fouls,prematch,rm_vs_nonelite,2023,2023/24,13,-0.231183983192924,0.121056475254783,17,-0.486590820483059,0.0242228540972114,0.073191753460847,-2.31183983192924,-4.86590820483059,0.242228540972114,-2.51325428115239,-4.96493531506277,-0.061573247241998,0.201414449223147,205,18,-2.98044835110542,-2.00095771693983,0.97949063416559,0.512296564212556,0,0,0,0,20261003-175015,4237598ec443fe56d60744856219d211,6c49e2a4c6b741a70851cb47ef9815bc,"season-block cluster, CR1, t(G-1)",team-match (120-minute matches count once),0.05,0.8,10,2026-10-03 17:50:35
net_yellow_fouls,prematch,rm_vs_other_elite,2023,2023/24,13,-0.274930747022257,0.0928479280011993,17,-0.470822751888733,-0.0790387421557806,0.00875065219058268,-2.74930747022257,-4.70822751888733,-0.790387421557806,-2.72900281939883,-4.53992165084806,-0.918083987949612,-0.0203046508237353,205,18,-3.16308447924252,-2.34078302275447,0.82230145648805,0.434081659843681,0,0,1,0,20261003-175015,4237598ec443fe56d60744856219d211,6c49e2a4c6b741a70851cb47ef9815bc,"season-block cluster, CR1, t(G-1)",team-match (120-minute matches count once),0.05,0.8,10,2026-10-03 17:50:35
net_yellow_fouls,prematch,rm_vs_nonelite,2024,2024/25,14,-0.207359153826473,0.114524436052584,17,-0.44898459305279,0.0342662853998431,0.0879112618861962,-2.07359153826473,-4.4898459305279,0.342662853998431,-2.51325428115239,-4.96493531506277,-0.061573247241998,0.439662742887651,204,18,-2.98044835110542,-2.00095771693983,0.97949063416559,0.512296564212556,0,0,0,0,20261003-175015,4237598ec443fe56d60744856219d211,6c49e2a4c6b741a70851cb47ef9815bc,"season-block cluster, CR1, t(G-1)",team-match (120-minute matches count once),0.05,0.8,10,2026-10-03 17:50:35
net_yellow_fouls,prematch,rm_vs_other_elite,2024,2024/25,14,-0.234078302275447,0.0814555010257843,17,-0.405934387239864,-0.0622222173110292,0.0105332109771074,-2.34078302275447,-4.05934387239864,-0.622222173110292,-2.72900281939883,-4.53992165084806,-0.918083987949612,0.388219796644369,204,18,-3.16308447924252,-2.34078302275447,0.82230145648805,0.434081659843681,0,0,1,0,20261003-175015,4237598ec443fe56d60744856219d211,6c49e2a4c6b741a70851cb47ef9815bc,"season-block cluster, CR1, t(G-1)",team-match (120-minute matches count once),0.05,0.8,10,2026-10-03 17:50:35
net_yellow_fouls,prematch,rm_vs_nonelite,2025,2025/26,14,-0.244621624355795,0.122830663957325,17,-0.503771672608569,0.0145284238969786,0.0627394782129768,-2.44621624355795,-5.03771672608569,0.145284238969786,-2.51325428115239,-4.96493531506277,-0.061573247241998,0.067038037594433,204,18,-2.98044835110542,-2.00095771693983,0.97949063416559,0.512296564212556,0,0,0,0,20261003-175015,4237598ec443fe56d60744856219d211,6c49e2a4c6b741a70851cb47ef9815bc,"season-block cluster, CR1, t(G-1)",team-match (120-minute matches count once),0.05,0.8,10,2026-10-03 17:50:35
net_yellow_fouls,prematch,rm_vs_other_elite,2025,2025/26,14,-0.261246752743181,0.0893656458703356,17,-0.44979178452355,-0.0727017209628113,0.00948129469448753,-2.61246752743181,-4.4979178452355,-0.727017209628113,-2.72900281939883,-4.53992165084806,-0.918083987949612,0.116535291967025,204,18,-3.16308447924252,-2.34078302275447,0.82230145648805,0.434081659843681,0,0,1,0,20261003-175015,4237598ec443fe56d60744856219d211,6c49e2a4c6b741a70851cb47ef9815bc,"season-block cluster, CR1, t(G-1)",team-match (120-minute matches count once),0.05,0.8,10,2026-10-03 17:50:35
net_yellow_fouls,style,rm_vs_nonelite,2007,2007/08,8,-0.315000328128683,0.121168579824862,17,-0.570643685387117,-0.0593569708702491,0.0186921729677689,-3.15000328128683,-5.70643685387117,-0.593569708702491,-2.98232893128646,-5.43090249012713,-0.533755372445781,-0.167674350000372,210,18,-3.44616489473158,-2.45729129878045,0.988873595951136,0.52503763250601,0,0,1,1,20261003-175015,4237598ec443fe56d60744856219d211,6c49e2a4c6b741a70851cb47ef9815bc,"season-block cluster, CR1, t(G-1)",team-match (120-minute matches count once),0.05,0.8,10,2026-10-03 17:50:35
net_yellow_fouls,style,rm_vs_other_elite,2007,2007/08,8,-0.321187739347804,0.0808248002160915,17,-0.49171316191898,-0.150662316776629,0.000981212370285059,-3.21187739347804,-4.9171316191898,-1.50662316776629,-3.07289781517178,-4.81860485753494,-1.32719077280863,-0.138979578306259,210,18,-3.5330391080576,-2.70663629384888,0.826402814208728,0.46014129288582,0,0,1,1,20261003-175015,4237598ec443fe56d60744856219d211,6c49e2a4c6b741a70851cb47ef9815bc,"season-block cluster, CR1, t(G-1)",team-match (120-minute matches count once),0.05,0.8,10,2026-10-03 17:50:35
net_yellow_fouls,style,rm_vs_nonelite,2008,2008/09,8,-0.344616489473158,0.11657650541073,17,-0.590571416598087,-0.0986615623482295,0.00884320162117572,-3.44616489473158,-5.90571416598087,-0.986615623482295,-2.98232893128646,-5.43090249012713,-0.533755372445781,-0.463835963445126,210,18,-3.44616489473158,-2.45729129878045,0.988873595951136,0.52503763250601,0,0,1,1,20261003-175015,4237598ec443fe56d60744856219d211,6c49e2a4c6b741a70851cb47ef9815bc,"season-block cluster, CR1, t(G-1)",team-match (120-minute matches count once),0.05,0.8,10,2026-10-03 17:50:35
net_yellow_fouls,style,rm_vs_other_elite,2008,2008/09,8,-0.32107195755056,0.0870456893185052,17,-0.504722308857981,-0.137421606243139,0.00182260734353275,-3.2107195755056,-5.04722308857981,-1.37421606243139,-3.07289781517178,-4.81860485753494,-1.32719077280863,-0.137821760333817,210,18,-3.5330391080576,-2.70663629384888,0.826402814208728,0.46014129288582,0,0,1,1,20261003-175015,4237598ec443fe56d60744856219d211,6c49e2a4c6b741a70851cb47ef9815bc,"season-block cluster, CR1, t(G-1)",team-match (120-minute matches count once),0.05,0.8,10,2026-10-03 17:50:35
net_yellow_fouls,style,rm_vs_nonelite,2009,2009/10,8,-0.245729129878045,0.108716737353634,17,-0.475101395917954,-0.0163568638381354,0.0372171411825442,-2.45729129878045,-4.75101395917954,-0.163568638381354,-2.98232893128646,-5.43090249012713,-0.533755372445781,0.52503763250601,210,18,-3.44616489473158,-2.45729129878045,0.988873595951136,0.52503763250601,0,0,1,1,20261003-175015,4237598ec443fe56d60744856219d211,6c49e2a4c6b741a70851cb47ef9815bc,"season-block cluster, CR1, t(G-1)",team-match (120-minute matches count once),0.05,0.8,10,2026-10-03 17:50:35
net_yellow_fouls,style,rm_vs_other_elite,2009,2009/10,8,-0.295189304926417,0.083820572847805,17,-0.472035255263629,-0.118343354589206,0.0026180262531331,-2.95189304926417,-4.72035255263629,-1.18343354589206,-3.07289781517178,-4.81860485753494,-1.32719077280863,0.121004765907612,210,18,-3.5330391080576,-2.70663629384888,0.826402814208728,0.46014129288582,0,0,1,1,20261003-175015,4237598ec443fe56d60744856219d211,6c49e2a4c6b741a70851cb47ef9815bc,"season-block cluster, CR1, t(G-1)",team-match (120-minute matches count once),0.05,0.8,10,2026-10-03 17:50:35
net_yellow_fouls,style,rm_vs_nonelite,2010,2010/11,12,-0.247090073464178,0.106049677170894,17,-0.470835334383524,-0.0233448125448318,0.0323876143293687,-2.47090073464178,-4.70835334383524,-0.233448125448318,-2.98232893128646,-5.43090249012713,-0.533755372445781,0.511428196644675,206,18,-3.44616489473158,-2.45729129878045,0.988873595951136,0.52503763250601,0,0,1,1,20261003-175015,4237598ec443fe56d60744856219d211,6c49e2a4c6b741a70851cb47ef9815bc,"season-block cluster, CR1, t(G-1)",team-match (120-minute matches count once),0.05,0.8,10,2026-10-03 17:50:35
net_yellow_fouls,style,rm_vs_other_elite,2010,2010/11,12,-0.290168162611173,0.0842906747369835,17,-0.468005941237342,-0.112330383985004,0.0031083913995523,-2.90168162611173,-4.68005941237342,-1.12330383985004,-3.07289781517178,-4.81860485753494,-1.32719077280863,0.171216189060057,206,18,-3.5330391080576,-2.70663629384888,0.826402814208728,0.46014129288582,0,0,1,1,20261003-175015,4237598ec443fe56d60744856219d211,6c49e2a4c6b741a70851cb47ef9815bc,"season-block cluster, CR1, t(G-1)",team-match (120-minute matches count once),0.05,0.8,10,2026-10-03 17:50:35
net_yellow_fouls,style,rm_vs_nonelite,2011,2011/12,12,-0.313001298657825,0.12209748721928,17,-0.570604479207365,-0.0553981181082844,0.0201405592377126,-3.13001298657825,-5.70604479207365,-0.553981181082844,-2.98232893128646,-5.43090249012713,-0.533755372445781,-0.147684055291791,206,18,-3.44616489473158,-2.45729129878045,0.988873595951136,0.52503763250601,0,0,1,1,20261003-175015,4237598ec443fe56d60744856219d211,6c49e2a4c6b741a70851cb47ef9815bc,"season-block cluster, CR1, t(G-1)",team-match (120-minute matches count once),0.05,0.8,10,2026-10-03 17:50:35
net_yellow_fouls,style,rm_vs_other_elite,2011,2011/12,12,-0.293281959264276,0.0865669701931146,17,-0.475922301503541,-0.110641617025011,0.00349803504070827,-2.93281959264276,-4.75922301503541,-1.10641617025011,-3.07289781517178,-4.81860485753494,-1.32719077280863,0.140078222529025,206,18,-3.5330391080576,-2.70663629384888,0.826402814208728,0.46014129288582,0,0,1,1,20261003-175015,4237598ec443fe56d60744856219d211,6c49e2a4c6b741a70851cb47ef9815bc,"season-block cluster, CR1, t(G-1)",team-match (120-minute matches count once),0.05,0.8,10,2026-10-03 17:50:35
net_yellow_fouls,style,rm_vs_nonelite,2012,2012/13,12,-0.305588459868558,0.122053130467041,17,-0.563098055851243,-0.0480788638858734,0.022773108449324,-3.05588459868558,-5.63098055851243,-0.480788638858734,-2.98232893128646,-5.43090249012713,-0.533755372445781,-0.0735556673991278,206,18,-3.44616489473158,-2.45729129878045,0.988873595951136,0.52503763250601,0,0,1,1,20261003-175015,4237598ec443fe56d60744856219d211,6c49e2a4c6b741a70851cb47ef9815bc,"season-block cluster, CR1, t(G-1)",team-match (120-minute matches count once),0.05,0.8,10,2026-10-03 17:50:35
net_yellow_fouls,style,rm_vs_other_elite,2012,2012/13,12,-0.330662405952463,0.085739523240438,17,-0.511556987721141,-0.149767824183785,0.00126544350116145,-3.30662405952463,-5.11556987721141,-1.49767824183785,-3.07289781517178,-4.81860485753494,-1.32719077280863,-0.233726244352846,206,18,-3.5330391080576,-2.70663629384888,0.826402814208728,0.46014129288582,0,0,1,1,20261003-175015,4237598ec443fe56d60744856219d211,6c49e2a4c6b741a70851cb47ef9815bc,"season-block cluster, CR1, t(G-1)",team-match (120-minute matches count once),0.05,0.8,10,2026-10-03 17:50:35
net_yellow_fouls,style,rm_vs_nonelite,2013,2013/14,13,-0.292386218761635,0.121148614702817,17,-0.547987453294565,-0.0367849842287056,0.027370946986459,-2.92386218761635,-5.47987453294565,-0.367849842287056,-2.98232893128646,-5.43090249012713,-0.533755372445781,0.0584667436701031,205,18,-3.44616489473158,-2.45729129878045,0.988873595951136,0.52503763250601,0,0,1,1,20261003-175015,4237598ec443fe56d60744856219d211,6c49e2a4c6b741a70851cb47ef9815bc,"season-block cluster, CR1, t(G-1)",team-match (120-minute matches count once),0.05,0.8,10,2026-10-03 17:50:35
net_yellow_fouls,style,rm_vs_other_elite,2013,2013/14,13,-0.311033444383371,0.0910110365379545,17,-0.503049947025905,-0.119016941740837,0.00328085191952705,-3.11033444383371,-5.03049947025905,-1.19016941740837,-3.07289781517178,-4.81860485753494,-1.32719077280863,-0.0374366286619238,205,18,-3.5330391080576,-2.70663629384888,0.826402814208728,0.46014129288582,0,0,1,1,20261003-175015,4237598ec443fe56d60744856219d211,6c49e2a4c6b741a70851cb47ef9815bc,"season-block cluster, CR1, t(G-1)",team-match (120-minute matches count once),0.05,0.8,10,2026-10-03 17:50:35
net_yellow_fouls,style,rm_vs_nonelite,2014,2014/15,12,-0.299089158653483,0.120982397904757,17,-0.554339706396567,-0.0438386109103985,0.0242906298127676,-2.99089158653483,-5.54339706396567,-0.438386109103985,-2.98232893128646,-5.43090249012713,-0.533755372445781,-0.0085626552483703,206,18,-3.44616489473158,-2.45729129878045,0.988873595951136,0.52503763250601,0,0,1,1,20261003-175015,4237598ec443fe56d60744856219d211,6c49e2a4c6b741a70851cb47ef9815bc,"season-block cluster, CR1, t(G-1)",team-match (120-minute matches count once),0.05,0.8,10,2026-10-03 17:50:35
net_yellow_fouls,style,rm_vs_other_elite,2014,2014/15,12,-0.316201853403042,0.085188233231111,17,-0.495933314922138,-0.136470391883947,0.00173285260959263,-3.16201853403042,-4.95933314922138,-1.36470391883947,-3.07289781517178,-4.81860485753494,-1.32719077280863,-0.0891207188586385,206,18,-3.5330391080576,-2.70663629384888,0.826402814208728,0.46014129288582,0,0,1,1,20261003-175015,4237598ec443fe56d60744856219d211,6c49e2a4c6b741a70851cb47ef9815bc,"season-block cluster, CR1, t(G-1)",team-match (120-minute matches count once),0.05,0.8,10,2026-10-03 17:50:35
net_yellow_fouls,style,rm_vs_nonelite,2015,2015/16,13,-0.29167552271734,0.127299604785038,17,-0.560254211944837,-0.0230968334898419,0.0349924118000177,-2.9167552271734,-5.60254211944837,-0.230968334898419,-2.98232893128646,-5.43090249012713,-0.533755372445781,0.0655737041130605,205,18,-3.44616489473158,-2.45729129878045,0.988873595951136,0.52503763250601,0,0,1,1,20261003-175015,4237598ec443fe56d60744856219d211,6c49e2a4c6b741a70851cb47ef9815bc,"season-block cluster, CR1, t(G-1)",team-match (120-minute matches count once),0.05,0.8,10,2026-10-03 17:50:35
net_yellow_fouls,style,rm_vs_other_elite,2015,2015/16,13,-0.289530779719394,0.0879152180501892,17,-0.475015676290296,-0.104045883148492,0.00429176260122754,-2.89530779719394,-4.75015676290296,-1.04045883148492,-3.07289781517178,-4.81860485753494,-1.32719077280863,0.177590017977844,205,18,-3.5330391080576,-2.70663629384888,0.826402814208728,0.46014129288582,0,0,1,1,20261003-175015,4237598ec443fe56d60744856219d211,6c49e2a4c6b741a70851cb47ef9815bc,"season-block cluster, CR1, t(G-1)",team-match (120-minute matches count once),0.05,0.8,10,2026-10-03 17:50:35
net_yellow_fouls,style,rm_vs_nonelite,2016,2016/17,13,-0.342552418297598,0.112071461074306,17,-0.579002532702709,-0.106102303892487,0.00713848930319721,-3.42552418297598,-5.79002532702709,-1.06102303892487,-2.98232893128646,-5.43090249012713,-0.533755372445781,-0.443195251689522,205,18,-3.44616489473158,-2.45729129878045,0.988873595951136,0.52503763250601,0,0,1,1,20261003-175015,4237598ec443fe56d60744856219d211,6c49e2a4c6b741a70851cb47ef9815bc,"season-block cluster, CR1, t(G-1)",team-match (120-minute matches count once),0.05,0.8,10,2026-10-03 17:50:35
net_yellow_fouls,style,rm_vs_other_elite,2016,2016/17,13,-0.35330391080576,0.0756653931775835,17,-0.512943936034709,-0.193663885576812,0.000220097704425916,-3.5330391080576,-5.12943936034709,-1.93663885576812,-3.07289781517178,-4.81860485753494,-1.32719077280863,-0.46014129288582,205,18,-3.5330391080576,-2.70663629384888,0.826402814208728,0.46014129288582,0,0,1,1,20261003-175015,4237598ec443fe56d60744856219d211,6c49e2a4c6b741a70851cb47ef9815bc,"season-block cluster, CR1, t(G-1)",team-match (120-minute matches count once),0.05,0.8,10,2026-10-03 17:50:35
net_yellow_fouls,style,rm_vs_nonelite,2017,2017/18,13,-0.317203855282524,0.126183143283152,17,-0.583427016641291,-0.0509806939237567,0.0223065597987017,-3.17203855282524,-5.83427016641291,-0.509806939237567,-2.98232893128646,-5.43090249012713,-0.533755372445781,-0.189709621538782,205,18,-3.44616489473158,-2.45729129878045,0.988873595951136,0.52503763250601,0,0,1,1,20261003-175015,4237598ec443fe56d60744856219d211,6c49e2a4c6b741a70851cb47ef9815bc,"season-block cluster, CR1, t(G-1)",team-match (120-minute matches count once),0.05,0.8,10,2026-10-03 17:50:35
net_yellow_fouls,style,rm_vs_other_elite,2017,2017/18,13,-0.31703883315123,0.0896668982990194,17,-0.506219451998497,-0.127858214303963,0.002539400469284,-3.1703883315123,-5.06219451998497,-1.27858214303963,-3.07289781517178,-4.81860485753494,-1.32719077280863,-0.0974905163405182,205,18,-3.5330391080576,-2.70663629384888,0.826402814208728,0.46014129288582,0,0,1,1,20261003-175015,4237598ec443fe56d60744856219d211,6c49e2a4c6b741a70851cb47ef9815bc,"season-block cluster, CR1, t(G-1)",team-match (120-minute matches count once),0.05,0.8,10,2026-10-03 17:50:35
net_yellow_fouls,style,rm_vs_nonelite,2018,2018/19,8,-0.278935038755927,0.123264157591161,17,-0.538999678630258,-0.0188703988815952,0.0370229372201875,-2.78935038755927,-5.38999678630258,-0.188703988815952,-2.98232893128646,-5.43090249012713,-0.533755372445781,0.19297854372719,210,18,-3.44616489473158,-2.45729129878045,0.988873595951136,0.52503763250601,0,0,1,1,20261003-175015,4237598ec443fe56d60744856219d211,6c49e2a4c6b741a70851cb47ef9815bc,"season-block cluster, CR1, t(G-1)",team-match (120-minute matches count once),0.05,0.8,10,2026-10-03 17:50:35
net_yellow_fouls,style,rm_vs_other_elite,2018,2018/19,8,-0.270663629384888,0.0795116316188465,17,-0.438418508393274,-0.102908750376501,0.00337784922628472,-2.70663629384888,-4.38418508393274,-1.02908750376501,-3.07289781517178,-4.81860485753494,-1.32719077280863,0.366261521322909,210,18,-3.5330391080576,-2.70663629384888,0.826402814208728,0.46014129288582,0,0,1,1,20261003-175015,4237598ec443fe56d60744856219d211,6c49e2a4c6b741a70851cb47ef9815bc,"season-block cluster, CR1, t(G-1)",team-match (120-minute matches count once),0.05,0.8,10,2026-10-03 17:50:35
net_yellow_fouls,style,rm_vs_nonelite,2019,2019/20,8,-0.305334759859772,0.12812481624649,17,-0.575654493083647,-0.0350150266358956,0.0291032868875754,-3.05334759859772,-5.75654493083647,-0.350150266358956,-2.98232893128646,-5.43090249012713,-0.533755372445781,-0.0710186673112589,210,18,-3.44616489473158,-2.45729129878045,0.988873595951136,0.52503763250601,0,0,1,1,20261003-175015,4237598ec443fe56d60744856219d211,6c49e2a4c6b741a70851cb47ef9815bc,"season-block cluster, CR1, t(G-1)",team-match (120-minute matches count once),0.05,0.8,10,2026-10-03 17:50:35
net_yellow_fouls,style,rm_vs_other_elite,2019,2019/20,8,-0.310426716066839,0.0917549610396742,17,-0.504012762211833,-0.116840669921845,0.00353382776002995,-3.10426716066839,-5.04012762211833,-1.16840669921845,-3.07289781517178,-4.81860485753494,-1.32719077280863,-0.031369345496603,210,18,-3.5330391080576,-2.70663629384888,0.826402814208728,0.46014129288582,0,0,1,1,20261003-175015,4237598ec443fe56d60744856219d211,6c49e2a4c6b741a70851cb47ef9815bc,"season-block cluster, CR1, t(G-1)",team-match (120-minute matches count once),0.05,0.8,10,2026-10-03 17:50:35
net_yellow_fouls,style,rm_vs_nonelite,2020,2020/21,12,-0.280592699128073,0.125516293076671,17,-0.545408929533126,-0.0157764687230207,0.0390886613548002,-2.80592699128073,-5.45408929533126,-0.157764687230207,-2.98232893128646,-5.43090249012713,-0.533755372445781,0.176401940005724,206,18,-3.44616489473158,-2.45729129878045,0.988873595951136,0.52503763250601,0,0,1,1,20261003-175015,4237598ec443fe56d60744856219d211,6c49e2a4c6b741a70851cb47ef9815bc,"season-block cluster, CR1, t(G-1)",team-match (120-minute matches count once),0.05,0.8,10,2026-10-03 17:50:35
net_yellow_fouls,style,rm_vs_other_elite,2020,2020/21,12,-0.286463867358669,0.0893685663076138,17,-0.475015060723103,-0.0979126739942361,0.00518669906995848,-2.86463867358669,-4.75015060723103,-0.979126739942361,-3.07289781517178,-4.81860485753494,-1.32719077280863,0.208259141585092,206,18,-3.5330391080576,-2.70663629384888,0.826402814208728,0.46014129288582,0,0,1,1,20261003-175015,4237598ec443fe56d60744856219d211,6c49e2a4c6b741a70851cb47ef9815bc,"season-block cluster, CR1, t(G-1)",team-match (120-minute matches count once),0.05,0.8,10,2026-10-03 17:50:35
net_yellow_fouls,style,rm_vs_nonelite,2021,2021/22,13,-0.314996796688255,0.120878961935044,17,-0.570029113611132,-0.0599644797653788,0.0184539674970067,-3.14996796688255,-5.70029113611132,-0.599644797653788,-2.98232893128646,-5.43090249012713,-0.533755372445781,-0.167639035596097,205,18,-3.44616489473158,-2.45729129878045,0.988873595951136,0.52503763250601,0,0,1,1,20261003-175015,4237598ec443fe56d60744856219d211,6c49e2a4c6b741a70851cb47ef9815bc,"season-block cluster, CR1, t(G-1)",team-match (120-minute matches count once),0.05,0.8,10,2026-10-03 17:50:35
net_yellow_fouls,style,rm_vs_other_elite,2021,2021/22,13,-0.308661157115949,0.0865805286636058,17,-0.491330105227469,-0.12599220900443,0.00238312092821843,-3.08661157115949,-4.91330105227469,-1.2599220900443,-3.07289781517178,-4.81860485753494,-1.32719077280863,-0.0137137559877054,205,18,-3.5330391080576,-2.70663629384888,0.826402814208728,0.46014129288582,0,0,1,1,20261003-175015,4237598ec443fe56d60744856219d211,6c49e2a4c6b741a70851cb47ef9815bc,"season-block cluster, CR1, t(G-1)",team-match (120-minute matches count once),0.05,0.8,10,2026-10-03 17:50:35
net_yellow_fouls,style,rm_vs_nonelite,2022,2022/23,12,-0.331757417263301,0.118298433989345,17,-0.581345296127306,-0.0821695383992954,0.0121916833407403,-3.31757417263301,-5.81345296127306,-0.821695383992954,-2.98232893128646,-5.43090249012713,-0.533755372445781,-0.335245241346552,206,18,-3.44616489473158,-2.45729129878045,0.988873595951136,0.52503763250601,0,0,1,1,20261003-175015,4237598ec443fe56d60744856219d211,6c49e2a4c6b741a70851cb47ef9815bc,"season-block cluster, CR1, t(G-1)",team-match (120-minute matches count once),0.05,0.8,10,2026-10-03 17:50:35
net_yellow_fouls,style,rm_vs_other_elite,2022,2022/23,12,-0.328692958345891,0.084502634810162,17,-0.50697793363633,-0.150407983055451,0.00117762815097159,-3.28692958345891,-5.0697793363633,-1.50407983055451,-3.07289781517178,-4.81860485753494,-1.32719077280863,-0.214031768287122,206,18,-3.5330391080576,-2.70663629384888,0.826402814208728,0.46014129288582,0,0,1,1,20261003-175015,4237598ec443fe56d60744856219d211,6c49e2a4c6b741a70851cb47ef9815bc,"season-block cluster, CR1, t(G-1)",team-match (120-minute matches count once),0.05,0.8,10,2026-10-03 17:50:35
net_yellow_fouls,style,rm_vs_nonelite,2023,2023/24,13,-0.27671923947906,0.121440441716126,17,-0.532936175190701,-0.020502303767419,0.0358825951543746,-2.7671923947906,-5.32936175190701,-0.20502303767419,-2.98232893128646,-5.43090249012713,-0.533755372445781,0.215136536495858,205,18,-3.44616489473158,-2.45729129878045,0.988873595951136,0.52503763250601,0,0,1,1,20261003-175015,4237598ec443fe56d60744856219d211,6c49e2a4c6b741a70851cb47ef9815bc,"season-block cluster, CR1, t(G-1)",team-match (120-minute matches count once),0.05,0.8,10,2026-10-03 17:50:35
net_yellow_fouls,style,rm_vs_other_elite,2023,2023/24,13,-0.31195090538093,0.089824607065329,17,-0.501464260640117,-0.122437550121742,0.00291013530077406,-3.1195090538093,-5.01464260640117,-1.22437550121742,-3.07289781517178,-4.81860485753494,-1.32719077280863,-0.0466112386375128,205,18,-3.5330391080576,-2.70663629384888,0.826402814208728,0.46014129288582,0,0,1,1,20261003-175015,4237598ec443fe56d60744856219d211,6c49e2a4c6b741a70851cb47ef9815bc,"season-block cluster, CR1, t(G-1)",team-match (120-minute matches count once),0.05,0.8,10,2026-10-03 17:50:35
net_yellow_fouls,style,rm_vs_nonelite,2024,2024/25,14,-0.258497495269856,0.117910357808021,17,-0.507266604961118,-0.0097283855785931,0.0425623100226884,-2.58497495269856,-5.07266604961118,-0.097283855785931,-2.98232893128646,-5.43090249012713,-0.533755372445781,0.397353978587899,204,18,-3.44616489473158,-2.45729129878045,0.988873595951136,0.52503763250601,0,0,1,1,20261003-175015,4237598ec443fe56d60744856219d211,6c49e2a4c6b741a70851cb47ef9815bc,"season-block cluster, CR1, t(G-1)",team-match (120-minute matches count once),0.05,0.8,10,2026-10-03 17:50:35
net_yellow_fouls,style,rm_vs_other_elite,2024,2024/25,14,-0.272891142473302,0.0805407195337748,17,-0.442817207195564,-0.10296507775104,0.00349562665525815,-2.72891142473302,-4.42817207195564,-1.0296507775104,-3.07289781517178,-4.81860485753494,-1.32719077280863,0.343986390438762,204,18,-3.5330391080576,-2.70663629384888,0.826402814208728,0.46014129288582,0,0,1,1,20261003-175015,4237598ec443fe56d60744856219d211,6c49e2a4c6b741a70851cb47ef9815bc,"season-block cluster, CR1, t(G-1)",team-match (120-minute matches count once),0.05,0.8,10,2026-10-03 17:50:35
net_yellow_fouls,style,rm_vs_nonelite,2025,2025/26,14,-0.297713573209429,0.123520100824717,17,-0.55831820610496,-0.0371089403138984,0.027549327970715,-2.97713573209429,-5.5831820610496,-0.371089403138984,-2.98232893128646,-5.43090249012713,-0.533755372445781,0.0051931991921661,204,18,-3.44616489473158,-2.45729129878045,0.988873595951136,0.52503763250601,0,0,1,1,20261003-175015,4237598ec443fe56d60744856219d211,6c49e2a4c6b741a70851cb47ef9815bc,"season-block cluster, CR1, t(G-1)",team-match (120-minute matches count once),0.05,0.8,10,2026-10-03 17:50:35
net_yellow_fouls,style,rm_vs_other_elite,2025,2025/26,14,-0.305215072673485,0.0875292241366093,17,-0.489885593272567,-0.120544552074402,0.00282243206007882,-3.05215072673485,-4.89885593272567,-1.20544552074402,-3.07289781517178,-4.81860485753494,-1.32719077280863,0.0207470884369393,204,18,-3.5330391080576,-2.70663629384888,0.826402814208728,0.46014129288582,0,0,1,1,20261003-175015,4237598ec443fe56d60744856219d211,6c49e2a4c6b741a70851cb47ef9815bc,"season-block cluster, CR1, t(G-1)",team-match (120-minute matches count once),0.05,0.8,10,2026-10-03 17:50:35
