team_id,fe,matches,team,home_league,outcome,spec,rank,n_teams,percentile,club,highlight,outcome_lab
83,0.2310757966512883,798,Barcelona,esp.1,net_yellow,Pre-match controls,11,144,93.05555555555556,Barcelona,Barcelona,Net yellow cards (opp. - own)
84,-0.08673371479962445,531,Mallorca,esp.1,net_yellow,Pre-match controls,101,144,30.555555555555557,NA,All other clubs,Net yellow cards (opp. - own)
85,0.275149121340888,608,Celta Vigo,esp.1,net_yellow,Pre-match controls,10,144,93.75,NA,All other clubs,Net yellow cards (opp. - own)
86,0.07902002665386108,797,Real Madrid,esp.1,net_yellow,Pre-match controls,44,144,70.13888888888889,Real Madrid,Real Madrid,Net yellow cards (opp. - own)
87,-0.4680378584408096,266,Racing Santander,esp.1,net_yellow,Pre-match controls,144,144,0.694444444444442,NA,All other clubs,Net yellow cards (opp. - own)
88,-0.08080861830740767,721,Espanyol,esp.1,net_yellow,Pre-match controls,96,144,34.02777777777778,NA,All other clubs,Net yellow cards (opp. - own)
89,0.4047287813106339,683,Real Sociedad,esp.1,net_yellow,Pre-match controls,2,144,99.30555555555556,NA,All other clubs,Net yellow cards (opp. - own)
90,0.08219123433577906,418,Deportivo,esp.1,net_yellow,Pre-match controls,43,144,70.83333333333333,NA,All other clubs,Net yellow cards (opp. - own)
91,-0.3460826986733879,266,Real Zaragoza,esp.1,net_yellow,Pre-match controls,140,144,3.472222222222221,NA,All other clubs,Net yellow cards (opp. - own)
93,0.16183474152958516,796,Athletic Club,esp.1,net_yellow,Pre-match controls,24,144,84.02777777777779,NA,All other clubs,Net yellow cards (opp. - own)
94,0.03388854751804048,797,Valencia,esp.1,net_yellow,Pre-match controls,61,144,58.33333333333333,NA,All other clubs,Net yellow cards (opp. - own)
95,0.04048339564366675,380,Real Valladolid,esp.1,net_yellow,Pre-match controls,55,144,62.5,NA,All other clubs,Net yellow cards (opp. - own)
96,0.027379234151329743,380,Alavés,esp.1,net_yellow,Pre-match controls,63,144,56.94444444444444,NA,All other clubs,Net yellow cards (opp. - own)
97,-0.16125627901784534,646,Osasuna,esp.1,net_yellow,Pre-match controls,119,144,18.055555555555557,NA,All other clubs,Net yellow cards (opp. - own)
98,0.28236613610026073,190,Las Palmas,esp.1,net_yellow,Pre-match controls,9,144,94.44444444444444,NA,All other clubs,Net yellow cards (opp. - own)
99,0.010267397853838997,418,Málaga,esp.1,net_yellow,Pre-match controls,68,144,53.47222222222222,NA,All other clubs,Net yellow cards (opp. - own)
101,-0.25146632269353036,418,Rayo Vallecano,esp.1,net_yellow,Pre-match controls,135,144,6.944444444444442,NA,All other clubs,Net yellow cards (opp. - own)
102,-0.03244674345196359,760,Villarreal,esp.1,net_yellow,Pre-match controls,84,144,42.361111111111114,NA,All other clubs,Net yellow cards (opp. - own)
103,0.02362163383883542,798,AC Milan,ita.1,net_yellow,Pre-match controls,64,144,56.25,AC Milan,Other elite clubs,Net yellow cards (opp. - own)
104,0.039926102266060304,797,AS Roma,ita.1,net_yellow,Pre-match controls,56,144,61.80555555555556,NA,All other clubs,Net yellow cards (opp. - own)
105,-0.13616298965592938,722,Atalanta,ita.1,net_yellow,Pre-match controls,114,144,21.52777777777778,NA,All other clubs,Net yellow cards (opp. - own)
107,0.08294780334229501,646,Bologna,ita.1,net_yellow,Pre-match controls,42,144,71.52777777777779,NA,All other clubs,Net yellow cards (opp. - own)
109,0.07782675883887502,797,Fiorentina,ita.1,net_yellow,Pre-match controls,46,144,68.75,NA,All other clubs,Net yellow cards (opp. - own)
110,-0.044281927537699384,798,Internazionale,ita.1,net_yellow,Pre-match controls,89,144,38.888888888888886,Internazionale,Other elite clubs,Net yellow cards (opp. - own)
111,-0.04223093670358452,760,Juventus,ita.1,net_yellow,Pre-match controls,88,144,39.583333333333336,Juventus,Other elite clubs,Net yellow cards (opp. - own)
112,-0.1163500279248022,798,Lazio,ita.1,net_yellow,Pre-match controls,108,144,25.694444444444443,NA,All other clubs,Net yellow cards (opp. - own)
113,0.10339250648133413,342,Lecce,ita.1,net_yellow,Pre-match controls,38,144,74.30555555555556,NA,All other clubs,Net yellow cards (opp. - own)
114,0.17810587055089422,722,Napoli,ita.1,net_yellow,Pre-match controls,19,144,87.5,NA,All other clubs,Net yellow cards (opp. - own)
115,-0.13016603496136303,532,Parma,ita.1,net_yellow,Pre-match controls,112,144,22.916666666666664,NA,All other clubs,Net yellow cards (opp. - own)
117,0.09935875266417993,152,Reggina,ita.1,net_yellow,Pre-match controls,39,144,73.61111111111111,NA,All other clubs,Net yellow cards (opp. - own)
118,0.04884433116889442,798,Udinese,ita.1,net_yellow,Pre-match controls,53,144,63.888888888888886,NA,All other clubs,Net yellow cards (opp. - own)
119,-0.11764865790622442,418,Hellas Verona,ita.1,net_yellow,Pre-match controls,110,144,24.305555555555557,NA,All other clubs,Net yellow cards (opp. - own)
121,-0.08899942926043669,272,VfL Bochum,ger.1,net_yellow,Pre-match controls,103,144,29.166666666666664,NA,All other clubs,Net yellow cards (opp. - own)
122,-0.02301639608884154,510,FC Cologne,ger.1,net_yellow,Pre-match controls,79,144,45.833333333333336,NA,All other clubs,Net yellow cards (opp. - own)
124,0.11555460217567476,714,Borussia Dortmund,ger.1,net_yellow,Pre-match controls,35,144,76.38888888888889,Borussia Dortmund,Other elite clubs,Net yellow cards (opp. - own)
125,-0.0818098201301597,679,Eintracht Frankfurt,ger.1,net_yellow,Pre-match controls,97,144,33.333333333333336,NA,All other clubs,Net yellow cards (opp. - own)
126,0.3038683389756295,544,SC Freiburg,ger.1,net_yellow,Pre-match controls,8,144,95.13888888888889,NA,All other clubs,Net yellow cards (opp. - own)
127,-0.009904069111463437,476,Hamburg SV,ger.1,net_yellow,Pre-match controls,75,144,48.611111111111114,NA,All other clubs,Net yellow cards (opp. - own)
129,-0.16313109157110905,544,Hertha Berlin,ger.1,net_yellow,Pre-match controls,121,144,16.666666666666664,NA,All other clubs,Net yellow cards (opp. - own)
131,-0.11685644438665499,714,Bayer Leverkusen,ger.1,net_yellow,Pre-match controls,109,144,25,NA,All other clubs,Net yellow cards (opp. - own)
132,-0.16222384637295315,714,Bayern Munich,ger.1,net_yellow,Pre-match controls,120,144,17.361111111111114,Bayern Munich,Other elite clubs,Net yellow cards (opp. - own)
133,0.035935043860348875,578,Schalke 04,ger.1,net_yellow,Pre-match controls,59,144,59.72222222222222,NA,All other clubs,Net yellow cards (opp. - own)
134,-0.02460423021144975,645,VfB Stuttgart,ger.1,net_yellow,Pre-match controls,80,144,45.138888888888886,NA,All other clubs,Net yellow cards (opp. - own)
137,0.0016595440152716023,680,Werder Bremen,ger.1,net_yellow,Pre-match controls,71,144,51.388888888888886,NA,All other clubs,Net yellow cards (opp. - own)
138,-0.08427651799920188,714,VfL Wolfsburg,ger.1,net_yellow,Pre-match controls,98,144,32.638888888888886,NA,All other clubs,Net yellow cards (opp. - own)
159,0.019730711419688185,636,Bordeaux,fra.1,net_yellow,Pre-match controls,65,144,55.55555555555556,NA,All other clubs,Net yellow cards (opp. - own)
160,-0.37607043670282336,775,Paris Saint-Germain,fra.1,net_yellow,Pre-match controls,143,144,1.388888888888884,Paris Saint-Germain,Other elite clubs,Net yellow cards (opp. - own)
165,0.08445291900373397,585,Nantes,fra.1,net_yellow,Pre-match controls,40,144,72.91666666666667,NA,All other clubs,Net yellow cards (opp. - own)
166,-0.01982000207528556,776,Lille,fra.1,net_yellow,Pre-match controls,78,144,46.52777777777778,NA,All other clubs,Net yellow cards (opp. - own)
167,0.027518973076983033,775,Lyon,fra.1,net_yellow,Pre-match controls,62,144,57.638888888888886,NA,All other clubs,Net yellow cards (opp. - own)
169,0.11075671602281711,776,Stade Rennais,fra.1,net_yellow,Pre-match controls,36,144,75.69444444444444,NA,All other clubs,Net yellow cards (opp. - own)
170,-0.0024473805962499373,266,Troyes,fra.1,net_yellow,Pre-match controls,72,144,50.69444444444444,NA,All other clubs,Net yellow cards (opp. - own)
171,0.372794100034183,228,Guingamp,fra.1,net_yellow,Pre-match controls,3,144,98.61111111111111,NA,All other clubs,Net yellow cards (opp. - own)
172,0.035559439626623224,372,AJ Auxerre,fra.1,net_yellow,Pre-match controls,60,144,59.02777777777778,NA,All other clubs,Net yellow cards (opp. - own)
173,-0.04651594428373762,189,Bastia,fra.1,net_yellow,Pre-match controls,92,144,36.80555555555556,NA,All other clubs,Net yellow cards (opp. - own)
174,-0.35682317823988147,700,AS Monaco,fra.1,net_yellow,Pre-match controls,142,144,2.083333333333337,NA,All other clubs,Net yellow cards (opp. - own)
175,-0.026089258558752215,444,Lens,fra.1,net_yellow,Pre-match controls,81,144,44.44444444444444,NA,All other clubs,Net yellow cards (opp. - own)
176,-0.22546446872777293,776,Marseille,fra.1,net_yellow,Pre-match controls,133,144,8.333333333333337,NA,All other clubs,Net yellow cards (opp. - own)
177,-0.20292123523458905,362,Metz,fra.1,net_yellow,Pre-match controls,129,144,11.111111111111116,NA,All other clubs,Net yellow cards (opp. - own)
178,-0.039994005978192915,670,Saint-Étienne,fra.1,net_yellow,Pre-match controls,86,144,40.97222222222222,NA,All other clubs,Net yellow cards (opp. - own)
179,-0.1364623700801435,699,Toulouse,fra.1,net_yellow,Pre-match controls,115,144,20.833333333333336,NA,All other clubs,Net yellow cards (opp. - own)
180,0.16455507437112715,395,Strasbourg,fra.1,net_yellow,Pre-match controls,23,144,84.72222222222221,NA,All other clubs,Net yellow cards (opp. - own)
238,-0.18347234038918409,494,Chievo Verona,ita.1,net_yellow,Pre-match controls,125,144,13.888888888888884,NA,All other clubs,Net yellow cards (opp. - own)
239,-0.014589129868012418,644,Torino,ita.1,net_yellow,Pre-match controls,77,144,47.22222222222222,NA,All other clubs,Net yellow cards (opp. - own)
243,-0.008870560243427375,797,Sevilla,esp.1,net_yellow,Pre-match controls,74,144,49.30555555555556,NA,All other clubs,Net yellow cards (opp. - own)
244,0.16079876096530504,682,Real Betis,esp.1,net_yellow,Pre-match controls,26,144,82.63888888888889,NA,All other clubs,Net yellow cards (opp. - own)
268,0.14103408610921941,680,Borussia Mönchengladbach,ger.1,net_yellow,Pre-match controls,28,144,81.25,NA,All other clubs,Net yellow cards (opp. - own)
269,0.13093787959588454,306,1. FC Nürnberg,ger.1,net_yellow,Pre-match controls,32,144,78.47222222222221,NA,All other clubs,Net yellow cards (opp. - own)
272,0.08405394717006798,342,Sochaux,fra.1,net_yellow,Pre-match controls,41,144,72.22222222222221,NA,All other clubs,Net yellow cards (opp. - own)
273,0.32447332581230637,600,Lorient,fra.1,net_yellow,Pre-match controls,7,144,95.83333333333334,NA,All other clubs,Net yellow cards (opp. - own)
274,0.1957190726737723,590,Montpellier,fra.1,net_yellow,Pre-match controls,17,144,88.88888888888889,NA,All other clubs,Net yellow cards (opp. - own)
306,0.1645673875414826,190,Hull City,eng.1,net_yellow,Pre-match controls,22,144,85.41666666666666,NA,All other clubs,Net yellow cards (opp. - own)
318,0.5400285383896326,266,Swansea City,eng.1,net_yellow,Pre-match controls,1,144,100,NA,All other clubs,Net yellow cards (opp. - own)
331,0.1079445571376465,342,Brighton & Hove Albion,eng.1,net_yellow,Pre-match controls,37,144,75,NA,All other clubs,Net yellow cards (opp. - own)
336,-0.2201911135862903,380,Stoke City,eng.1,net_yellow,Pre-match controls,132,144,9.027777777777779,NA,All other clubs,Net yellow cards (opp. - own)
337,0.0673553690335229,190,Brentford,eng.1,net_yellow,Pre-match controls,49,144,66.66666666666667,NA,All other clubs,Net yellow cards (opp. - own)
349,0.15830645480281358,342,AFC Bournemouth,eng.1,net_yellow,Pre-match controls,27,144,81.94444444444444,NA,All other clubs,Net yellow cards (opp. - own)
350,0.06418096804317985,304,Wigan Athletic,eng.1,net_yellow,Pre-match controls,51,144,65.27777777777779,NA,All other clubs,Net yellow cards (opp. - own)
357,-0.22930057908705131,152,Leeds United,eng.1,net_yellow,Pre-match controls,134,144,7.638888888888884,NA,All other clubs,Net yellow cards (opp. - own)
358,-0.33594588204758447,266,Bolton Wanderers,eng.1,net_yellow,Pre-match controls,139,144,4.1666666666666625,NA,All other clubs,Net yellow cards (opp. - own)
359,0.0059467418954592954,798,Arsenal,eng.1,net_yellow,Pre-match controls,70,144,52.08333333333333,Arsenal,Other elite clubs,Net yellow cards (opp. - own)
360,-0.20283988765412186,798,Manchester United,eng.1,net_yellow,Pre-match controls,128,144,11.805555555555557,Manchester United,Other elite clubs,Net yellow cards (opp. - own)
361,0.21132443193435457,722,Newcastle United,eng.1,net_yellow,Pre-match controls,13,144,91.66666666666666,NA,All other clubs,Net yellow cards (opp. - own)
362,0.058573091377588704,684,Aston Villa,eng.1,net_yellow,Pre-match controls,52,144,64.58333333333333,NA,All other clubs,Net yellow cards (opp. - own)
363,-0.12980050610056737,798,Chelsea,eng.1,net_yellow,Pre-match controls,111,144,23.611111111111114,Chelsea,Other elite clubs,Net yellow cards (opp. - own)
364,-0.044941150547670894,798,Liverpool,eng.1,net_yellow,Pre-match controls,90,144,38.19444444444444,Liverpool,Other elite clubs,Net yellow cards (opp. - own)
365,-0.16813009956181169,266,Blackburn Rovers,eng.1,net_yellow,Pre-match controls,123,144,15.277777777777779,NA,All other clubs,Net yellow cards (opp. - own)
366,0.006447303262329118,456,Sunderland,eng.1,net_yellow,Pre-match controls,69,144,52.77777777777778,NA,All other clubs,Net yellow cards (opp. - own)
367,0.06814436687591341,798,Tottenham Hotspur,eng.1,net_yellow,Pre-match controls,48,144,67.36111111111111,NA,All other clubs,Net yellow cards (opp. - own)
368,0.038765894260304856,798,Everton,eng.1,net_yellow,Pre-match controls,57,144,61.111111111111114,NA,All other clubs,Net yellow cards (opp. - own)
369,-0.05632382040631756,190,Middlesbrough,eng.1,net_yellow,Pre-match controls,94,144,35.416666666666664,NA,All other clubs,Net yellow cards (opp. - own)
370,-0.1105772806962132,570,Fulham,eng.1,net_yellow,Pre-match controls,106,144,27.083333333333336,NA,All other clubs,Net yellow cards (opp. - own)
371,-0.026673685147966975,760,West Ham United,eng.1,net_yellow,Pre-match controls,82,144,43.75,NA,All other clubs,Net yellow cards (opp. - own)
375,0.16540973947417792,380,Leicester City,eng.1,net_yellow,Pre-match controls,21,144,86.11111111111111,NA,All other clubs,Net yellow cards (opp. - own)
376,-0.060280422691590674,456,Southampton,eng.1,net_yellow,Pre-match controls,95,144,34.72222222222222,NA,All other clubs,Net yellow cards (opp. - own)
379,0.012001313009067593,380,Burnley,eng.1,net_yellow,Pre-match controls,67,144,54.16666666666667,NA,All other clubs,Net yellow cards (opp. - own)
380,0.14004067539811582,418,Wolverhampton Wanderers,eng.1,net_yellow,Pre-match controls,29,144,80.55555555555556,NA,All other clubs,Net yellow cards (opp. - own)
381,0.0429233115028298,228,Norwich City,eng.1,net_yellow,Pre-match controls,54,144,63.19444444444444,NA,All other clubs,Net yellow cards (opp. - own)
382,-0.17220107649637434,798,Manchester City,eng.1,net_yellow,Pre-match controls,124,144,14.583333333333337,Manchester City,Other elite clubs,Net yellow cards (opp. - own)
383,-0.0037855488527537284,418,West Bromwich Albion,eng.1,net_yellow,Pre-match controls,73,144,50,NA,All other clubs,Net yellow cards (opp. - own)
384,0.20266397434642303,494,Crystal Palace,eng.1,net_yellow,Pre-match controls,15,144,90.27777777777779,NA,All other clubs,Net yellow cards (opp. - own)
385,-0.14657405290374204,190,Portsmouth,eng.1,net_yellow,Pre-match controls,118,144,18.75,NA,All other clubs,Net yellow cards (opp. - own)
392,-0.19890230964063638,152,Birmingham City,eng.1,net_yellow,Pre-match controls,127,144,12.5,NA,All other clubs,Net yellow cards (opp. - own)
393,0.20098538768414476,152,Nottingham Forest,eng.1,net_yellow,Pre-match controls,16,144,89.58333333333334,NA,All other clubs,Net yellow cards (opp. - own)
395,-0.03728306911291823,266,Watford,eng.1,net_yellow,Pre-match controls,85,144,41.666666666666664,NA,All other clubs,Net yellow cards (opp. - own)
398,-0.3529942823628484,152,Sheffield United,eng.1,net_yellow,Pre-match controls,141,144,2.777777777777779,NA,All other clubs,Net yellow cards (opp. - own)
598,-0.08481705436157061,238,1. FC Union Berlin,ger.1,net_yellow,Pre-match controls,100,144,31.25,NA,All other clubs,Net yellow cards (opp. - own)
1068,-0.3276567679847097,798,Atlético Madrid,esp.1,net_yellow,Pre-match controls,138,144,4.861111111111116,Atletico Madrid,Other elite clubs,Net yellow cards (opp. - own)
1538,-0.13864735747263868,532,Levante,esp.1,net_yellow,Pre-match controls,116,144,20.138888888888886,NA,All other clubs,Net yellow cards (opp. - own)
2428,-0.09245296527240426,442,Hannover 96,ger.1,net_yellow,Pre-match controls,104,144,28.47222222222222,NA,All other clubs,Net yellow cards (opp. - own)
2502,0.03797439995231566,776,Nice,fra.1,net_yellow,Pre-match controls,58,144,60.41666666666667,NA,All other clubs,Net yellow cards (opp. - own)
2503,-0.16475173624780737,190,AC Ajaccio,fra.1,net_yellow,Pre-match controls,122,144,15.972222222222221,NA,All other clubs,Net yellow cards (opp. - own)
2506,0.34622761022188764,204,Arminia Bielefeld,ger.1,net_yellow,Pre-match controls,5,144,97.22222222222221,NA,All other clubs,Net yellow cards (opp. - own)
2574,0.20906340315816496,418,Empoli,ita.1,net_yellow,Pre-match controls,14,144,90.97222222222221,NA,All other clubs,Net yellow cards (opp. - own)
2697,-0.13964581990782465,190,Le Mans,fra.1,net_yellow,Pre-match controls,117,144,19.444444444444443,NA,All other clubs,Net yellow cards (opp. - own)
2734,0.06481799624386064,646,Sampdoria,ita.1,net_yellow,Pre-match controls,50,144,65.97222222222221,NA,All other clubs,Net yellow cards (opp. - own)
2735,-0.19327863841158277,266,Siena,ita.1,net_yellow,Pre-match controls,126,144,13.194444444444443,NA,All other clubs,Net yellow cards (opp. - own)
2922,-0.20503115555256357,760,Getafe,esp.1,net_yellow,Pre-match controls,130,144,10.416666666666663,NA,All other clubs,Net yellow cards (opp. - own)
2923,-0.08696377425980267,418,Palermo,ita.1,net_yellow,Pre-match controls,102,144,29.861111111111114,NA,All other clubs,Net yellow cards (opp. - own)
2925,0.013540589050481944,721,Cagliari,ita.1,net_yellow,Pre-match controls,66,144,54.861111111111114,NA,All other clubs,Net yellow cards (opp. - own)
2926,-0.04630194822566486,189,Livorno,ita.1,net_yellow,Pre-match controls,91,144,37.5,NA,All other clubs,Net yellow cards (opp. - own)
2927,0.1273895725157561,342,Caen,fra.1,net_yellow,Pre-match controls,34,144,77.08333333333334,NA,All other clubs,Net yellow cards (opp. - own)
2950,0.12925807126114275,646,Mainz,ger.1,net_yellow,Pre-match controls,33,144,77.77777777777779,NA,All other clubs,Net yellow cards (opp. - own)
3170,-0.08470027971109395,218,Dijon FCO,fra.1,net_yellow,Pre-match controls,99,144,31.944444444444443,NA,All other clubs,Net yellow cards (opp. - own)
3243,-0.11292021672059094,400,Stade de Reims,fra.1,net_yellow,Pre-match controls,107,144,26.388888888888886,NA,All other clubs,Net yellow cards (opp. - own)
3258,0.17297487940589817,304,Catania,ita.1,net_yellow,Pre-match controls,20,144,86.80555555555556,NA,All other clubs,Net yellow cards (opp. - own)
3263,0.1375514013231237,684,Genoa,ita.1,net_yellow,Pre-match controls,30,144,79.86111111111111,NA,All other clubs,Net yellow cards (opp. - own)
3267,0.07830151054616441,342,AS Nancy Lorraine,fra.1,net_yellow,Pre-match controls,45,144,69.44444444444444,NA,All other clubs,Net yellow cards (opp. - own)
3747,-0.04220167498949602,380,Granada,esp.1,net_yellow,Pre-match controls,87,144,40.27777777777778,NA,All other clubs,Net yellow cards (opp. - own)
3751,-0.13568532169552716,227,Elche,esp.1,net_yellow,Pre-match controls,113,144,22.22222222222222,NA,All other clubs,Net yellow cards (opp. - own)
3752,-0.09310431773816032,266,Eibar,esp.1,net_yellow,Pre-match controls,105,144,27.77777777777778,NA,All other clubs,Net yellow cards (opp. - own)
3788,-0.27104576663161956,228,Sporting Gijón,esp.1,net_yellow,Pre-match controls,137,144,5.555555555555558,NA,All other clubs,Net yellow cards (opp. - own)
3841,-0.054437720388365696,510,FC Augsburg,ger.1,net_yellow,Pre-match controls,93,144,36.111111111111114,NA,All other clubs,Net yellow cards (opp. - own)
3842,0.16148668473828376,190,Cádiz,esp.1,net_yellow,Pre-match controls,25,144,83.33333333333334,NA,All other clubs,Net yellow cards (opp. - own)
3997,-0.012670693973255875,456,Sassuolo,ita.1,net_yellow,Pre-match controls,76,144,47.916666666666664,NA,All other clubs,Net yellow cards (opp. - own)
6732,0.06944423979679404,304,Valenciennes,fra.1,net_yellow,Pre-match controls,47,144,68.05555555555556,NA,All other clubs,Net yellow cards (opp. - own)
6832,0.222939347011682,303,Almería,esp.1,net_yellow,Pre-match controls,12,144,92.36111111111111,NA,All other clubs,Net yellow cards (opp. - own)
6997,0.13278272580880557,358,Brest,fra.1,net_yellow,Pre-match controls,31,144,79.16666666666666,NA,All other clubs,Net yellow cards (opp. - own)
7868,0.33653964066175734,362,Angers,fra.1,net_yellow,Pre-match controls,6,144,96.52777777777779,NA,All other clubs,Net yellow cards (opp. - own)
7911,-0.21399170356880937,612,TSG Hoffenheim,ger.1,net_yellow,Pre-match controls,131,144,9.722222222222221,NA,All other clubs,Net yellow cards (opp. - own)
9812,0.34667187841427505,228,Girona,esp.1,net_yellow,Pre-match controls,4,144,97.91666666666666,NA,All other clubs,Net yellow cards (opp. - own)
11058,-0.030050106951628353,152,Evian Thonon Gaillard,fra.1,net_yellow,Pre-match controls,83,144,43.05555555555556,NA,All other clubs,Net yellow cards (opp. - own)
11420,0.1843743563423636,340,RB Leipzig,ger.1,net_yellow,Pre-match controls,18,144,88.19444444444444,NA,All other clubs,Net yellow cards (opp. - own)
17534,-0.2580185008283552,190,Leganés,esp.1,net_yellow,Pre-match controls,136,144,6.25,NA,All other clubs,Net yellow cards (opp. - own)
83,0.22951796018002066,778,Barcelona,esp.1,net_yellow,Adding possession and shots,13,138,91.30434782608697,Barcelona,Barcelona,Net yellow cards (opp. - own)
84,-0.0886167506202018,525,Mallorca,esp.1,net_yellow,Adding possession and shots,98,138,29.71014492753623,NA,All other clubs,Net yellow cards (opp. - own)
85,0.2741195655927051,602,Celta Vigo,esp.1,net_yellow,Adding possession and shots,10,138,93.47826086956522,NA,All other clubs,Net yellow cards (opp. - own)
86,0.07155973012927487,790,Real Madrid,esp.1,net_yellow,Adding possession and shots,45,138,68.11594202898551,Real Madrid,Real Madrid,Net yellow cards (opp. - own)
87,-0.43881988522059884,264,Racing Santander,esp.1,net_yellow,Adding possession and shots,138,138,0.7246376811594235,NA,All other clubs,Net yellow cards (opp. - own)
88,-0.06700033509136145,714,Espanyol,esp.1,net_yellow,Adding possession and shots,90,138,35.507246376811594,NA,All other clubs,Net yellow cards (opp. - own)
89,0.4086262907414876,679,Real Sociedad,esp.1,net_yellow,Adding possession and shots,2,138,99.27536231884058,NA,All other clubs,Net yellow cards (opp. - own)
90,0.09110893322981266,416,Deportivo,esp.1,net_yellow,Adding possession and shots,39,138,72.46376811594203,NA,All other clubs,Net yellow cards (opp. - own)
91,-0.3868669600609576,263,Real Zaragoza,esp.1,net_yellow,Adding possession and shots,137,138,1.449275362318836,NA,All other clubs,Net yellow cards (opp. - own)
93,0.16587149163378656,790,Athletic Club,esp.1,net_yellow,Adding possession and shots,22,138,84.78260869565217,NA,All other clubs,Net yellow cards (opp. - own)
94,0.04683480775635086,789,Valencia,esp.1,net_yellow,Adding possession and shots,52,138,63.04347826086957,NA,All other clubs,Net yellow cards (opp. - own)
95,0.04232619304719031,378,Real Valladolid,esp.1,net_yellow,Adding possession and shots,54,138,61.59420289855073,NA,All other clubs,Net yellow cards (opp. - own)
96,0.03491201116400621,378,Alavés,esp.1,net_yellow,Adding possession and shots,56,138,60.14492753623188,NA,All other clubs,Net yellow cards (opp. - own)
97,-0.15344508483450106,640,Osasuna,esp.1,net_yellow,Adding possession and shots,117,138,15.94202898550725,NA,All other clubs,Net yellow cards (opp. - own)
98,0.2559362021894208,189,Las Palmas,esp.1,net_yellow,Adding possession and shots,11,138,92.7536231884058,NA,All other clubs,Net yellow cards (opp. - own)
99,0.0012432831044412846,417,Málaga,esp.1,net_yellow,Adding possession and shots,64,138,54.347826086956516,NA,All other clubs,Net yellow cards (opp. - own)
101,-0.29746061488359243,415,Rayo Vallecano,esp.1,net_yellow,Adding possession and shots,131,138,5.797101449275366,NA,All other clubs,Net yellow cards (opp. - own)
102,-0.02389691282737134,753,Villarreal,esp.1,net_yellow,Adding possession and shots,79,138,43.47826086956522,NA,All other clubs,Net yellow cards (opp. - own)
103,0.018514665907715,713,AC Milan,ita.1,net_yellow,Adding possession and shots,60,138,57.2463768115942,AC Milan,Other elite clubs,Net yellow cards (opp. - own)
104,0.009731505089407566,713,AS Roma,ita.1,net_yellow,Adding possession and shots,63,138,55.072463768115945,NA,All other clubs,Net yellow cards (opp. - own)
105,-0.14967413795113493,677,Atalanta,ita.1,net_yellow,Adding possession and shots,116,138,16.666666666666664,NA,All other clubs,Net yellow cards (opp. - own)
107,0.07847954272790118,639,Bologna,ita.1,net_yellow,Adding possession and shots,42,138,70.28985507246377,NA,All other clubs,Net yellow cards (opp. - own)
109,0.03208693980487233,714,Fiorentina,ita.1,net_yellow,Adding possession and shots,57,138,59.42028985507246,NA,All other clubs,Net yellow cards (opp. - own)
110,-0.02415454188872171,714,Internazionale,ita.1,net_yellow,Adding possession and shots,80,138,42.7536231884058,Internazionale,Other elite clubs,Net yellow cards (opp. - own)
111,-0.06349127579388471,710,Juventus,ita.1,net_yellow,Adding possession and shots,89,138,36.23188405797102,Juventus,Other elite clubs,Net yellow cards (opp. - own)
112,-0.147538973171938,718,Lazio,ita.1,net_yellow,Adding possession and shots,115,138,17.391304347826086,NA,All other clubs,Net yellow cards (opp. - own)
113,0.059163479545585276,239,Lecce,ita.1,net_yellow,Adding possession and shots,49,138,65.21739130434783,NA,All other clubs,Net yellow cards (opp. - own)
114,0.14796992087848357,714,Napoli,ita.1,net_yellow,Adding possession and shots,26,138,81.88405797101449,NA,All other clubs,Net yellow cards (opp. - own)
115,-0.0925760426144481,453,Parma,ita.1,net_yellow,Adding possession and shots,99,138,28.985507246376805,NA,All other clubs,Net yellow cards (opp. - own)
118,0.09906376917342877,714,Udinese,ita.1,net_yellow,Adding possession and shots,37,138,73.91304347826086,NA,All other clubs,Net yellow cards (opp. - own)
119,-0.10998420043412678,410,Hellas Verona,ita.1,net_yellow,Adding possession and shots,102,138,26.811594202898547,NA,All other clubs,Net yellow cards (opp. - own)
121,-0.11054731244172532,253,VfL Bochum,ger.1,net_yellow,Adding possession and shots,103,138,26.086956521739136,NA,All other clubs,Net yellow cards (opp. - own)
122,-0.015108397932094732,469,FC Cologne,ger.1,net_yellow,Adding possession and shots,74,138,47.10144927536232,NA,All other clubs,Net yellow cards (opp. - own)
124,0.08531714383569042,659,Borussia Dortmund,ger.1,net_yellow,Adding possession and shots,41,138,71.01449275362319,Borussia Dortmund,Other elite clubs,Net yellow cards (opp. - own)
125,-0.1194526737070764,629,Eintracht Frankfurt,ger.1,net_yellow,Adding possession and shots,106,138,23.913043478260864,NA,All other clubs,Net yellow cards (opp. - own)
126,0.32427598236542216,535,SC Freiburg,ger.1,net_yellow,Adding possession and shots,7,138,95.65217391304348,NA,All other clubs,Net yellow cards (opp. - own)
127,-0.0017147657240758707,429,Hamburg SV,ger.1,net_yellow,Adding possession and shots,68,138,51.44927536231884,NA,All other clubs,Net yellow cards (opp. - own)
129,-0.13093140528083963,496,Hertha Berlin,ger.1,net_yellow,Adding possession and shots,110,138,21.014492753623195,NA,All other clubs,Net yellow cards (opp. - own)
131,-0.13720671018149325,655,Bayer Leverkusen,ger.1,net_yellow,Adding possession and shots,114,138,18.11594202898551,NA,All other clubs,Net yellow cards (opp. - own)
132,-0.1962047818062194,654,Bayern Munich,ger.1,net_yellow,Adding possession and shots,122,138,12.318840579710145,Bayern Munich,Other elite clubs,Net yellow cards (opp. - own)
133,0.0534566605741595,524,Schalke 04,ger.1,net_yellow,Adding possession and shots,50,138,64.4927536231884,NA,All other clubs,Net yellow cards (opp. - own)
134,-0.0166427648832341,590,VfB Stuttgart,ger.1,net_yellow,Adding possession and shots,75,138,46.37681159420289,NA,All other clubs,Net yellow cards (opp. - own)
137,0.012540906705648955,627,Werder Bremen,ger.1,net_yellow,Adding possession and shots,62,138,55.79710144927537,NA,All other clubs,Net yellow cards (opp. - own)
138,-0.05520793178099513,659,VfL Wolfsburg,ger.1,net_yellow,Adding possession and shots,88,138,36.95652173913043,NA,All other clubs,Net yellow cards (opp. - own)
159,-0.0028357996387117883,555,Bordeaux,fra.1,net_yellow,Adding possession and shots,70,138,50,NA,All other clubs,Net yellow cards (opp. - own)
160,-0.3732247034271298,695,Paris Saint-Germain,fra.1,net_yellow,Adding possession and shots,136,138,2.1739130434782594,Paris Saint-Germain,Other elite clubs,Net yellow cards (opp. - own)
165,0.04012032135566001,513,Nantes,fra.1,net_yellow,Adding possession and shots,55,138,60.86956521739131,NA,All other clubs,Net yellow cards (opp. - own)
166,-0.0021778835190015646,697,Lille,fra.1,net_yellow,Adding possession and shots,69,138,50.72463768115942,NA,All other clubs,Net yellow cards (opp. - own)
167,0.04506580587352155,691,Lyon,fra.1,net_yellow,Adding possession and shots,53,138,62.31884057971014,NA,All other clubs,Net yellow cards (opp. - own)
169,0.09927949235829907,696,Stade Rennais,fra.1,net_yellow,Adding possession and shots,36,138,74.63768115942028,NA,All other clubs,Net yellow cards (opp. - own)
170,-2.8703142293849454e-4,185,Troyes,fra.1,net_yellow,Adding possession and shots,67,138,52.17391304347826,NA,All other clubs,Net yellow cards (opp. - own)
171,0.3820856157227021,227,Guingamp,fra.1,net_yellow,Adding possession and shots,3,138,98.55072463768117,NA,All other clubs,Net yellow cards (opp. - own)
172,-0.01729022132927105,296,AJ Auxerre,fra.1,net_yellow,Adding possession and shots,76,138,45.652173913043484,NA,All other clubs,Net yellow cards (opp. - own)
173,-0.037072871950193945,187,Bastia,fra.1,net_yellow,Adding possession and shots,84,138,39.85507246376812,NA,All other clubs,Net yellow cards (opp. - own)
174,-0.3217554965673377,623,AS Monaco,fra.1,net_yellow,Adding possession and shots,133,138,4.347826086956519,NA,All other clubs,Net yellow cards (opp. - own)
175,-0.08436034971100281,369,Lens,fra.1,net_yellow,Adding possession and shots,95,138,31.88405797101449,NA,All other clubs,Net yellow cards (opp. - own)
176,-0.24931416586381788,695,Marseille,fra.1,net_yellow,Adding possession and shots,127,138,8.695652173913048,NA,All other clubs,Net yellow cards (opp. - own)
177,-0.16167232507353524,322,Metz,fra.1,net_yellow,Adding possession and shots,120,138,13.768115942028981,NA,All other clubs,Net yellow cards (opp. - own)
178,-0.0299193541250133,589,Saint-Étienne,fra.1,net_yellow,Adding possession and shots,82,138,41.30434782608695,NA,All other clubs,Net yellow cards (opp. - own)
179,-0.13032471284253203,625,Toulouse,fra.1,net_yellow,Adding possession and shots,109,138,21.739130434782606,NA,All other clubs,Net yellow cards (opp. - own)
180,0.13940667100042475,347,Strasbourg,fra.1,net_yellow,Adding possession and shots,29,138,79.71014492753623,NA,All other clubs,Net yellow cards (opp. - own)
238,-0.25271669116652823,419,Chievo Verona,ita.1,net_yellow,Adding possession and shots,128,138,7.971014492753625,NA,All other clubs,Net yellow cards (opp. - own)
239,0.001166361470822163,603,Torino,ita.1,net_yellow,Adding possession and shots,65,138,53.623188405797094,NA,All other clubs,Net yellow cards (opp. - own)
243,-0.017751064427868748,790,Sevilla,esp.1,net_yellow,Adding possession and shots,77,138,44.927536231884055,NA,All other clubs,Net yellow cards (opp. - own)
244,0.1515667442065595,676,Real Betis,esp.1,net_yellow,Adding possession and shots,24,138,83.33333333333334,NA,All other clubs,Net yellow cards (opp. - own)
268,0.1706609304241713,623,Borussia Mönchengladbach,ger.1,net_yellow,Adding possession and shots,21,138,85.5072463768116,NA,All other clubs,Net yellow cards (opp. - own)
269,0.13889137756846417,257,1. FC Nürnberg,ger.1,net_yellow,Adding possession and shots,30,138,78.98550724637681,NA,All other clubs,Net yellow cards (opp. - own)
272,0.07387107807739648,262,Sochaux,fra.1,net_yellow,Adding possession and shots,44,138,68.84057971014492,NA,All other clubs,Net yellow cards (opp. - own)
273,0.32750804464954697,588,Lorient,fra.1,net_yellow,Adding possession and shots,6,138,96.37681159420289,NA,All other clubs,Net yellow cards (opp. - own)
274,0.1913166047737105,575,Montpellier,fra.1,net_yellow,Adding possession and shots,16,138,89.13043478260869,NA,All other clubs,Net yellow cards (opp. - own)
306,0.17170324658945998,150,Hull City,eng.1,net_yellow,Adding possession and shots,20,138,86.23188405797102,NA,All other clubs,Net yellow cards (opp. - own)
318,0.6244811417986869,223,Swansea City,eng.1,net_yellow,Adding possession and shots,1,138,100,NA,All other clubs,Net yellow cards (opp. - own)
331,0.09459002239073136,334,Brighton & Hove Albion,eng.1,net_yellow,Adding possession and shots,38,138,73.18840579710144,NA,All other clubs,Net yellow cards (opp. - own)
336,-0.23655551260709556,321,Stoke City,eng.1,net_yellow,Adding possession and shots,126,138,9.420289855072461,NA,All other clubs,Net yellow cards (opp. - own)
337,0.10218187409040283,174,Brentford,eng.1,net_yellow,Adding possession and shots,35,138,75.36231884057972,NA,All other clubs,Net yellow cards (opp. - own)
349,0.1542354576763162,297,AFC Bournemouth,eng.1,net_yellow,Adding possession and shots,23,138,84.05797101449275,NA,All other clubs,Net yellow cards (opp. - own)
350,-0.011827784579699874,283,Wigan Athletic,eng.1,net_yellow,Adding possession and shots,72,138,48.550724637681164,NA,All other clubs,Net yellow cards (opp. - own)
358,-0.35010269220406726,242,Bolton Wanderers,eng.1,net_yellow,Adding possession and shots,135,138,2.898550724637683,NA,All other clubs,Net yellow cards (opp. - own)
359,0.03140842161074135,652,Arsenal,eng.1,net_yellow,Adding possession and shots,58,138,58.69565217391304,Arsenal,Other elite clubs,Net yellow cards (opp. - own)
360,-0.20719539041546947,714,Manchester United,eng.1,net_yellow,Adding possession and shots,123,138,11.594202898550721,Manchester United,Other elite clubs,Net yellow cards (opp. - own)
361,0.22946529956191378,686,Newcastle United,eng.1,net_yellow,Adding possession and shots,14,138,90.57971014492753,NA,All other clubs,Net yellow cards (opp. - own)
362,0.08671064096319726,646,Aston Villa,eng.1,net_yellow,Adding possession and shots,40,138,71.73913043478262,NA,All other clubs,Net yellow cards (opp. - own)
363,-0.13441667097095406,722,Chelsea,eng.1,net_yellow,Adding possession and shots,113,138,18.840579710144922,Chelsea,Other elite clubs,Net yellow cards (opp. - own)
364,-0.07211950075269745,715,Liverpool,eng.1,net_yellow,Adding possession and shots,92,138,34.05797101449275,Liverpool,Other elite clubs,Net yellow cards (opp. - own)
365,-0.12392689376476745,245,Blackburn Rovers,eng.1,net_yellow,Adding possession and shots,107,138,23.188405797101453,NA,All other clubs,Net yellow cards (opp. - own)
366,0.019104393293968635,398,Sunderland,eng.1,net_yellow,Adding possession and shots,59,138,57.971014492753625,NA,All other clubs,Net yellow cards (opp. - own)
367,0.06961453146031482,728,Tottenham Hotspur,eng.1,net_yellow,Adding possession and shots,46,138,67.3913043478261,NA,All other clubs,Net yellow cards (opp. - own)
368,0.046870002471328685,725,Everton,eng.1,net_yellow,Adding possession and shots,51,138,63.76811594202898,NA,All other clubs,Net yellow cards (opp. - own)
369,-0.10666368366074422,153,Middlesbrough,eng.1,net_yellow,Adding possession and shots,101,138,27.536231884057973,NA,All other clubs,Net yellow cards (opp. - own)
370,-0.1310098927161162,531,Fulham,eng.1,net_yellow,Adding possession and shots,111,138,20.28985507246377,NA,All other clubs,Net yellow cards (opp. - own)
371,-0.020460790344866954,698,West Ham United,eng.1,net_yellow,Adding possession and shots,78,138,44.20289855072463,NA,All other clubs,Net yellow cards (opp. - own)
375,0.18113163689735626,328,Leicester City,eng.1,net_yellow,Adding possession and shots,17,138,88.40579710144928,NA,All other clubs,Net yellow cards (opp. - own)
376,-0.08397307600572357,402,Southampton,eng.1,net_yellow,Adding possession and shots,94,138,32.608695652173914,NA,All other clubs,Net yellow cards (opp. - own)
379,-0.004688506074443321,339,Burnley,eng.1,net_yellow,Adding possession and shots,71,138,49.27536231884058,NA,All other clubs,Net yellow cards (opp. - own)
380,0.14581798984516983,377,Wolverhampton Wanderers,eng.1,net_yellow,Adding possession and shots,27,138,81.15942028985508,NA,All other clubs,Net yellow cards (opp. - own)
381,0.06844454758041399,214,Norwich City,eng.1,net_yellow,Adding possession and shots,48,138,65.94202898550725,NA,All other clubs,Net yellow cards (opp. - own)
382,-0.18950863542194543,724,Manchester City,eng.1,net_yellow,Adding possession and shots,121,138,13.043478260869568,Manchester City,Other elite clubs,Net yellow cards (opp. - own)
383,9.880211593787389e-4,355,West Bromwich Albion,eng.1,net_yellow,Adding possession and shots,66,138,52.89855072463768,NA,All other clubs,Net yellow cards (opp. - own)
384,0.20058168352776687,442,Crystal Palace,eng.1,net_yellow,Adding possession and shots,15,138,89.85507246376811,NA,All other clubs,Net yellow cards (opp. - own)
385,-0.1551617975346635,188,Portsmouth,eng.1,net_yellow,Adding possession and shots,119,138,14.492753623188403,NA,All other clubs,Net yellow cards (opp. - own)
392,-0.1541656608754709,152,Birmingham City,eng.1,net_yellow,Adding possession and shots,118,138,15.217391304347828,NA,All other clubs,Net yellow cards (opp. - own)
395,-0.07976754553017416,225,Watford,eng.1,net_yellow,Adding possession and shots,93,138,33.333333333333336,NA,All other clubs,Net yellow cards (opp. - own)
398,-0.34708996440827805,150,Sheffield United,eng.1,net_yellow,Adding possession and shots,134,138,3.6231884057971064,NA,All other clubs,Net yellow cards (opp. - own)
598,-0.08639384545692813,235,1. FC Union Berlin,ger.1,net_yellow,Adding possession and shots,96,138,31.159420289855078,NA,All other clubs,Net yellow cards (opp. - own)
1068,-0.31765970001143495,794,Atlético Madrid,esp.1,net_yellow,Adding possession and shots,132,138,5.072463768115942,Atletico Madrid,Other elite clubs,Net yellow cards (opp. - own)
1538,-0.11283441599628691,529,Levante,esp.1,net_yellow,Adding possession and shots,105,138,24.63768115942029,NA,All other clubs,Net yellow cards (opp. - own)
2428,-0.08831878885803006,392,Hannover 96,ger.1,net_yellow,Adding possession and shots,97,138,30.434782608695656,NA,All other clubs,Net yellow cards (opp. - own)
2502,0.016596616592028435,697,Nice,fra.1,net_yellow,Adding possession and shots,61,138,56.52173913043479,NA,All other clubs,Net yellow cards (opp. - own)
2506,0.3147138268144158,152,Arminia Bielefeld,ger.1,net_yellow,Adding possession and shots,8,138,94.92753623188406,NA,All other clubs,Net yellow cards (opp. - own)
2574,0.15031979214073005,341,Empoli,ita.1,net_yellow,Adding possession and shots,25,138,82.6086956521739,NA,All other clubs,Net yellow cards (opp. - own)
2734,0.10232710466291027,565,Sampdoria,ita.1,net_yellow,Adding possession and shots,34,138,76.08695652173914,NA,All other clubs,Net yellow cards (opp. - own)
2735,-0.10110510426461793,187,Siena,ita.1,net_yellow,Adding possession and shots,100,138,28.260869565217394,NA,All other clubs,Net yellow cards (opp. - own)
2922,-0.21809816282289524,752,Getafe,esp.1,net_yellow,Adding possession and shots,124,138,10.869565217391308,NA,All other clubs,Net yellow cards (opp. - own)
2923,-0.03141975651273493,341,Palermo,ita.1,net_yellow,Adding possession and shots,83,138,40.57971014492754,NA,All other clubs,Net yellow cards (opp. - own)
2925,-0.04589574295173379,639,Cagliari,ita.1,net_yellow,Adding possession and shots,86,138,38.40579710144928,NA,All other clubs,Net yellow cards (opp. - own)
2927,0.13743684420062693,336,Caen,fra.1,net_yellow,Adding possession and shots,31,138,78.26086956521739,NA,All other clubs,Net yellow cards (opp. - own)
2950,0.12468434108495408,568,Mainz,ger.1,net_yellow,Adding possession and shots,33,138,76.81159420289855,NA,All other clubs,Net yellow cards (opp. - own)
3170,-0.06786606942338402,213,Dijon FCO,fra.1,net_yellow,Adding possession and shots,91,138,34.78260869565217,NA,All other clubs,Net yellow cards (opp. - own)
3243,-0.1111189511286095,396,Stade de Reims,fra.1,net_yellow,Adding possession and shots,104,138,25.36231884057971,NA,All other clubs,Net yellow cards (opp. - own)
3258,0.2813724109315252,265,Catania,ita.1,net_yellow,Adding possession and shots,9,138,94.20289855072464,NA,All other clubs,Net yellow cards (opp. - own)
3263,0.13959441381258447,677,Genoa,ita.1,net_yellow,Adding possession and shots,28,138,80.43478260869566,NA,All other clubs,Net yellow cards (opp. - own)
3267,0.06953751334038907,263,AS Nancy Lorraine,fra.1,net_yellow,Adding possession and shots,47,138,66.66666666666667,NA,All other clubs,Net yellow cards (opp. - own)
3747,-0.04459012459956021,368,Granada,esp.1,net_yellow,Adding possession and shots,85,138,39.13043478260869,NA,All other clubs,Net yellow cards (opp. - own)
3751,-0.13401890396160437,225,Elche,esp.1,net_yellow,Adding possession and shots,112,138,19.565217391304344,NA,All other clubs,Net yellow cards (opp. - own)
3752,-0.12952328585820616,264,Eibar,esp.1,net_yellow,Adding possession and shots,108,138,22.463768115942027,NA,All other clubs,Net yellow cards (opp. - own)
3788,-0.25327300916556716,228,Sporting Gijón,esp.1,net_yellow,Adding possession and shots,129,138,7.246376811594201,NA,All other clubs,Net yellow cards (opp. - own)
3841,-0.0523049359898741,504,FC Augsburg,ger.1,net_yellow,Adding possession and shots,87,138,37.68115942028986,NA,All other clubs,Net yellow cards (opp. - own)
3842,0.17813944363351028,186,Cádiz,esp.1,net_yellow,Adding possession and shots,18,138,87.68115942028986,NA,All other clubs,Net yellow cards (opp. - own)
3997,-0.026825879137358243,450,Sassuolo,ita.1,net_yellow,Adding possession and shots,81,138,42.028985507246375,NA,All other clubs,Net yellow cards (opp. - own)
6732,0.07474906560638966,267,Valenciennes,fra.1,net_yellow,Adding possession and shots,43,138,69.56521739130434,NA,All other clubs,Net yellow cards (opp. - own)
6832,0.23611183525806784,300,Almería,esp.1,net_yellow,Adding possession and shots,12,138,92.02898550724638,NA,All other clubs,Net yellow cards (opp. - own)
6997,0.1298134982866599,351,Brest,fra.1,net_yellow,Adding possession and shots,32,138,77.53623188405797,NA,All other clubs,Net yellow cards (opp. - own)
7868,0.32980968901711977,358,Angers,fra.1,net_yellow,Adding possession and shots,5,138,97.10144927536231,NA,All other clubs,Net yellow cards (opp. - own)
7911,-0.22419949355707283,609,TSG Hoffenheim,ger.1,net_yellow,Adding possession and shots,125,138,10.144927536231885,NA,All other clubs,Net yellow cards (opp. - own)
9812,0.35546899426741285,225,Girona,esp.1,net_yellow,Adding possession and shots,4,138,97.82608695652173,NA,All other clubs,Net yellow cards (opp. - own)
11058,-0.01201153541017456,150,Evian Thonon Gaillard,fra.1,net_yellow,Adding possession and shots,73,138,47.82608695652174,NA,All other clubs,Net yellow cards (opp. - own)
11420,0.17204335129758722,337,RB Leipzig,ger.1,net_yellow,Adding possession and shots,19,138,86.95652173913044,NA,All other clubs,Net yellow cards (opp. - own)
17534,-0.2700174872550762,189,Leganés,esp.1,net_yellow,Adding possession and shots,130,138,6.521739130434778,NA,All other clubs,Net yellow cards (opp. - own)
83,0.012208767425794177,798,Barcelona,esp.1,net_red,Pre-match controls,56,144,61.80555555555556,Barcelona,Barcelona,Net red cards (opp. - own)
84,-0.015642870095809894,531,Mallorca,esp.1,net_red,Pre-match controls,105,144,27.77777777777778,NA,All other clubs,Net red cards (opp. - own)
85,0.015419544809095121,608,Celta Vigo,esp.1,net_red,Pre-match controls,48,144,67.36111111111111,NA,All other clubs,Net red cards (opp. - own)
86,-0.045581020217026536,797,Real Madrid,esp.1,net_red,Pre-match controls,140,144,3.472222222222221,Real Madrid,Real Madrid,Net red cards (opp. - own)
87,-0.02522563356180955,266,Racing Santander,esp.1,net_red,Pre-match controls,118,144,18.75,NA,All other clubs,Net red cards (opp. - own)
88,4.004791643213469e-4,721,Espanyol,esp.1,net_red,Pre-match controls,76,144,47.916666666666664,NA,All other clubs,Net red cards (opp. - own)
89,0.03376030868132247,683,Real Sociedad,esp.1,net_red,Pre-match controls,20,144,86.80555555555556,NA,All other clubs,Net red cards (opp. - own)
90,0.001669351824846902,418,Deportivo,esp.1,net_red,Pre-match controls,72,144,50.69444444444444,NA,All other clubs,Net red cards (opp. - own)
91,-0.0298979361354194,266,Real Zaragoza,esp.1,net_red,Pre-match controls,125,144,13.888888888888884,NA,All other clubs,Net red cards (opp. - own)
93,-0.002119077184887991,796,Athletic Club,esp.1,net_red,Pre-match controls,81,144,44.44444444444444,NA,All other clubs,Net red cards (opp. - own)
94,-0.02924463127894356,797,Valencia,esp.1,net_red,Pre-match controls,123,144,15.277777777777779,NA,All other clubs,Net red cards (opp. - own)
95,0.020595094475315576,380,Real Valladolid,esp.1,net_red,Pre-match controls,41,144,72.22222222222221,NA,All other clubs,Net red cards (opp. - own)
96,0.021589629591468904,380,Alavés,esp.1,net_red,Pre-match controls,39,144,73.61111111111111,NA,All other clubs,Net red cards (opp. - own)
97,-0.012047986182797949,646,Osasuna,esp.1,net_red,Pre-match controls,98,144,32.638888888888886,NA,All other clubs,Net red cards (opp. - own)
98,0.07107561660071017,190,Las Palmas,esp.1,net_red,Pre-match controls,2,144,99.30555555555556,NA,All other clubs,Net red cards (opp. - own)
99,-0.04442697138665924,418,Málaga,esp.1,net_red,Pre-match controls,139,144,4.1666666666666625,NA,All other clubs,Net red cards (opp. - own)
101,0.006330110973853078,418,Rayo Vallecano,esp.1,net_red,Pre-match controls,65,144,55.55555555555556,NA,All other clubs,Net red cards (opp. - own)
102,0.0065975206557440345,760,Villarreal,esp.1,net_red,Pre-match controls,64,144,56.25,NA,All other clubs,Net red cards (opp. - own)
103,-0.05060986364524509,798,AC Milan,ita.1,net_red,Pre-match controls,143,144,1.388888888888884,AC Milan,Other elite clubs,Net red cards (opp. - own)
104,0.005184663000312881,797,AS Roma,ita.1,net_red,Pre-match controls,68,144,53.47222222222222,NA,All other clubs,Net red cards (opp. - own)
105,-0.03093951495917162,722,Atalanta,ita.1,net_red,Pre-match controls,126,144,13.194444444444443,NA,All other clubs,Net red cards (opp. - own)
107,0.0011408964890405188,646,Bologna,ita.1,net_red,Pre-match controls,73,144,50,NA,All other clubs,Net red cards (opp. - own)
109,0.02361497669754324,797,Fiorentina,ita.1,net_red,Pre-match controls,31,144,79.16666666666666,NA,All other clubs,Net red cards (opp. - own)
110,-0.0034134763224859255,798,Internazionale,ita.1,net_red,Pre-match controls,84,144,42.361111111111114,Internazionale,Other elite clubs,Net red cards (opp. - own)
111,-0.0037940134501059097,760,Juventus,ita.1,net_red,Pre-match controls,85,144,41.666666666666664,Juventus,Other elite clubs,Net red cards (opp. - own)
112,-0.029373040480689352,798,Lazio,ita.1,net_red,Pre-match controls,124,144,14.583333333333337,NA,All other clubs,Net red cards (opp. - own)
113,-0.03162037190244703,342,Lecce,ita.1,net_red,Pre-match controls,127,144,12.5,NA,All other clubs,Net red cards (opp. - own)
114,0.0143881255677369,722,Napoli,ita.1,net_red,Pre-match controls,50,144,65.97222222222221,NA,All other clubs,Net red cards (opp. - own)
115,0.012799996144834278,532,Parma,ita.1,net_red,Pre-match controls,54,144,63.19444444444444,NA,All other clubs,Net red cards (opp. - own)
117,0.033428971579057706,152,Reggina,ita.1,net_red,Pre-match controls,23,144,84.72222222222221,NA,All other clubs,Net red cards (opp. - own)
118,0.004329901661202576,798,Udinese,ita.1,net_red,Pre-match controls,71,144,51.388888888888886,NA,All other clubs,Net red cards (opp. - own)
119,-0.026870278032900485,418,Hellas Verona,ita.1,net_red,Pre-match controls,120,144,17.361111111111114,NA,All other clubs,Net red cards (opp. - own)
121,0.033615273439984716,272,VfL Bochum,ger.1,net_red,Pre-match controls,21,144,86.11111111111111,NA,All other clubs,Net red cards (opp. - own)
122,0.017745402541810267,510,FC Cologne,ger.1,net_red,Pre-match controls,47,144,68.05555555555556,NA,All other clubs,Net red cards (opp. - own)
124,-0.014458361319483626,714,Borussia Dortmund,ger.1,net_red,Pre-match controls,102,144,29.861111111111114,Borussia Dortmund,Other elite clubs,Net red cards (opp. - own)
125,0.018063691092969594,679,Eintracht Frankfurt,ger.1,net_red,Pre-match controls,46,144,68.75,NA,All other clubs,Net red cards (opp. - own)
126,0.011623774390549308,544,SC Freiburg,ger.1,net_red,Pre-match controls,59,144,59.72222222222222,NA,All other clubs,Net red cards (opp. - own)
127,-0.016512103801529354,476,Hamburg SV,ger.1,net_red,Pre-match controls,106,144,27.083333333333336,NA,All other clubs,Net red cards (opp. - own)
129,-0.02037168902058763,544,Hertha Berlin,ger.1,net_red,Pre-match controls,114,144,21.52777777777778,NA,All other clubs,Net red cards (opp. - own)
131,-0.034994932358954664,714,Bayer Leverkusen,ger.1,net_red,Pre-match controls,134,144,7.638888888888884,NA,All other clubs,Net red cards (opp. - own)
132,-0.04273051689993268,714,Bayern Munich,ger.1,net_red,Pre-match controls,138,144,4.861111111111116,Bayern Munich,Other elite clubs,Net red cards (opp. - own)
133,-8.142662288305944e-4,578,Schalke 04,ger.1,net_red,Pre-match controls,79,144,45.833333333333336,NA,All other clubs,Net red cards (opp. - own)
134,-0.017471474516932338,645,VfB Stuttgart,ger.1,net_red,Pre-match controls,109,144,25,NA,All other clubs,Net red cards (opp. - own)
137,-0.004803202711064051,680,Werder Bremen,ger.1,net_red,Pre-match controls,87,144,40.27777777777778,NA,All other clubs,Net red cards (opp. - own)
138,-0.026090583859452884,714,VfL Wolfsburg,ger.1,net_red,Pre-match controls,119,144,18.055555555555557,NA,All other clubs,Net red cards (opp. - own)
159,0.012935241012690779,636,Bordeaux,fra.1,net_red,Pre-match controls,53,144,63.888888888888886,NA,All other clubs,Net red cards (opp. - own)
160,-0.037990424067842525,775,Paris Saint-Germain,fra.1,net_red,Pre-match controls,135,144,6.944444444444442,Paris Saint-Germain,Other elite clubs,Net red cards (opp. - own)
165,0.027297995275704173,585,Nantes,fra.1,net_red,Pre-match controls,27,144,81.94444444444444,NA,All other clubs,Net red cards (opp. - own)
166,0.019496884187237884,776,Lille,fra.1,net_red,Pre-match controls,43,144,70.83333333333333,NA,All other clubs,Net red cards (opp. - own)
167,-0.014019462825839976,775,Lyon,fra.1,net_red,Pre-match controls,101,144,30.555555555555557,NA,All other clubs,Net red cards (opp. - own)
169,0.023289270609682777,776,Stade Rennais,fra.1,net_red,Pre-match controls,32,144,78.47222222222221,NA,All other clubs,Net red cards (opp. - own)
170,0.026682893697811474,266,Troyes,fra.1,net_red,Pre-match controls,28,144,81.25,NA,All other clubs,Net red cards (opp. - own)
171,0.045923386880945355,228,Guingamp,fra.1,net_red,Pre-match controls,10,144,93.75,NA,All other clubs,Net red cards (opp. - own)
172,0.005347940145275704,372,AJ Auxerre,fra.1,net_red,Pre-match controls,67,144,54.16666666666667,NA,All other clubs,Net red cards (opp. - own)
173,-0.03433687192488723,189,Bastia,fra.1,net_red,Pre-match controls,132,144,9.027777777777779,NA,All other clubs,Net red cards (opp. - own)
174,-0.048365742152874244,700,AS Monaco,fra.1,net_red,Pre-match controls,142,144,2.083333333333337,NA,All other clubs,Net red cards (opp. - own)
175,-0.018726393787456573,444,Lens,fra.1,net_red,Pre-match controls,111,144,23.611111111111114,NA,All other clubs,Net red cards (opp. - own)
176,-0.032561956142629946,776,Marseille,fra.1,net_red,Pre-match controls,130,144,10.416666666666663,NA,All other clubs,Net red cards (opp. - own)
177,-0.02008702883463538,362,Metz,fra.1,net_red,Pre-match controls,112,144,22.916666666666664,NA,All other clubs,Net red cards (opp. - own)
178,6.04366957372468e-4,670,Saint-Étienne,fra.1,net_red,Pre-match controls,74,144,49.30555555555556,NA,All other clubs,Net red cards (opp. - own)
179,-0.006431017474892983,699,Toulouse,fra.1,net_red,Pre-match controls,89,144,38.888888888888886,NA,All other clubs,Net red cards (opp. - own)
180,-6.603825111081707e-4,395,Strasbourg,fra.1,net_red,Pre-match controls,78,144,46.52777777777778,NA,All other clubs,Net red cards (opp. - own)
238,0.037195587177371384,494,Chievo Verona,ita.1,net_red,Pre-match controls,17,144,88.88888888888889,NA,All other clubs,Net red cards (opp. - own)
239,0.024064290101797628,644,Torino,ita.1,net_red,Pre-match controls,30,144,79.86111111111111,NA,All other clubs,Net red cards (opp. - own)
243,-0.0102222629470121,797,Sevilla,esp.1,net_red,Pre-match controls,96,144,34.02777777777778,NA,All other clubs,Net red cards (opp. - own)
244,-0.004169016280842817,682,Real Betis,esp.1,net_red,Pre-match controls,86,144,40.97222222222222,NA,All other clubs,Net red cards (opp. - own)
268,0.011856575843600985,680,Borussia Mönchengladbach,ger.1,net_red,Pre-match controls,58,144,60.41666666666667,NA,All other clubs,Net red cards (opp. - own)
269,0.013595663121544924,306,1. FC Nürnberg,ger.1,net_red,Pre-match controls,52,144,64.58333333333333,NA,All other clubs,Net red cards (opp. - own)
272,-0.009053088685141035,342,Sochaux,fra.1,net_red,Pre-match controls,94,144,35.416666666666664,NA,All other clubs,Net red cards (opp. - own)
273,0.034412645112812376,600,Lorient,fra.1,net_red,Pre-match controls,18,144,88.19444444444444,NA,All other clubs,Net red cards (opp. - own)
274,-0.02361918388625761,590,Montpellier,fra.1,net_red,Pre-match controls,115,144,20.833333333333336,NA,All other clubs,Net red cards (opp. - own)
306,0.01134470732544135,190,Hull City,eng.1,net_red,Pre-match controls,60,144,59.02777777777778,NA,All other clubs,Net red cards (opp. - own)
318,0.008850424683367067,266,Swansea City,eng.1,net_red,Pre-match controls,63,144,56.94444444444444,NA,All other clubs,Net red cards (opp. - own)
331,-3.7666286088652856e-4,342,Brighton & Hove Albion,eng.1,net_red,Pre-match controls,77,144,47.22222222222222,NA,All other clubs,Net red cards (opp. - own)
336,-0.008176576558857257,380,Stoke City,eng.1,net_red,Pre-match controls,93,144,36.111111111111114,NA,All other clubs,Net red cards (opp. - own)
337,0.02289348280464265,190,Brentford,eng.1,net_red,Pre-match controls,33,144,77.77777777777779,NA,All other clubs,Net red cards (opp. - own)
349,0.05705339850895677,342,AFC Bournemouth,eng.1,net_red,Pre-match controls,3,144,98.61111111111111,NA,All other clubs,Net red cards (opp. - own)
350,-0.012751249697365546,304,Wigan Athletic,eng.1,net_red,Pre-match controls,99,144,31.944444444444443,NA,All other clubs,Net red cards (opp. - own)
357,0.018128995251737293,152,Leeds United,eng.1,net_red,Pre-match controls,45,144,69.44444444444444,NA,All other clubs,Net red cards (opp. - own)
358,-0.034878071435716425,266,Bolton Wanderers,eng.1,net_red,Pre-match controls,133,144,8.333333333333337,NA,All other clubs,Net red cards (opp. - own)
359,-0.02499142998882503,798,Arsenal,eng.1,net_red,Pre-match controls,117,144,19.444444444444443,Arsenal,Other elite clubs,Net red cards (opp. - own)
360,-0.02894643789973432,798,Manchester United,eng.1,net_red,Pre-match controls,122,144,15.972222222222221,Manchester United,Other elite clubs,Net red cards (opp. - own)
361,-0.015240676869420842,722,Newcastle United,eng.1,net_red,Pre-match controls,104,144,28.47222222222222,NA,All other clubs,Net red cards (opp. - own)
362,0.030031988980645616,684,Aston Villa,eng.1,net_red,Pre-match controls,26,144,82.63888888888889,NA,All other clubs,Net red cards (opp. - own)
363,-0.05608587804643783,798,Chelsea,eng.1,net_red,Pre-match controls,144,144,0.694444444444442,Chelsea,Other elite clubs,Net red cards (opp. - own)
364,-0.002431228256322762,798,Liverpool,eng.1,net_red,Pre-match controls,82,144,43.75,Liverpool,Other elite clubs,Net red cards (opp. - own)
365,-0.0480283372839055,266,Blackburn Rovers,eng.1,net_red,Pre-match controls,141,144,2.777777777777779,NA,All other clubs,Net red cards (opp. - own)
366,0.004394811425030509,456,Sunderland,eng.1,net_red,Pre-match controls,69,144,52.77777777777778,NA,All other clubs,Net red cards (opp. - own)
367,-0.01051480614958309,798,Tottenham Hotspur,eng.1,net_red,Pre-match controls,97,144,33.333333333333336,NA,All other clubs,Net red cards (opp. - own)
368,-0.014922607847124278,798,Everton,eng.1,net_red,Pre-match controls,103,144,29.166666666666664,NA,All other clubs,Net red cards (opp. - own)
369,-0.007746753580590876,190,Middlesbrough,eng.1,net_red,Pre-match controls,92,144,36.80555555555556,NA,All other clubs,Net red cards (opp. - own)
370,0.03018078133401847,570,Fulham,eng.1,net_red,Pre-match controls,25,144,83.33333333333334,NA,All other clubs,Net red cards (opp. - own)
371,0.020083772309954104,760,West Ham United,eng.1,net_red,Pre-match controls,42,144,71.52777777777779,NA,All other clubs,Net red cards (opp. - own)
375,0.01468466113001532,380,Leicester City,eng.1,net_red,Pre-match controls,49,144,66.66666666666667,NA,All other clubs,Net red cards (opp. - own)
376,-0.006975952676495992,456,Southampton,eng.1,net_red,Pre-match controls,90,144,38.19444444444444,NA,All other clubs,Net red cards (opp. - own)
379,0.04936692668742468,380,Burnley,eng.1,net_red,Pre-match controls,5,144,97.22222222222221,NA,All other clubs,Net red cards (opp. - own)
380,0.039644906184038625,418,Wolverhampton Wanderers,eng.1,net_red,Pre-match controls,16,144,89.58333333333334,NA,All other clubs,Net red cards (opp. - own)
381,0.04210988086819531,228,Norwich City,eng.1,net_red,Pre-match controls,14,144,90.97222222222221,NA,All other clubs,Net red cards (opp. - own)
382,-0.03187461698456519,798,Manchester City,eng.1,net_red,Pre-match controls,128,144,11.805555555555557,Manchester City,Other elite clubs,Net red cards (opp. - own)
383,0.021996896877582023,418,West Bromwich Albion,eng.1,net_red,Pre-match controls,36,144,75.69444444444444,NA,All other clubs,Net red cards (opp. - own)
384,0.04325606491225542,494,Crystal Palace,eng.1,net_red,Pre-match controls,13,144,91.66666666666666,NA,All other clubs,Net red cards (opp. - own)
385,0.010455497254359902,190,Portsmouth,eng.1,net_red,Pre-match controls,61,144,58.33333333333333,NA,All other clubs,Net red cards (opp. - own)
392,-0.020210263600475162,152,Birmingham City,eng.1,net_red,Pre-match controls,113,144,22.22222222222222,NA,All other clubs,Net red cards (opp. - own)
393,0.0462104355922178,152,Nottingham Forest,eng.1,net_red,Pre-match controls,9,144,94.44444444444444,NA,All other clubs,Net red cards (opp. - own)
395,6.014894352469047e-4,266,Watford,eng.1,net_red,Pre-match controls,75,144,48.611111111111114,NA,All other clubs,Net red cards (opp. - own)
398,0.004376298366378928,152,Sheffield United,eng.1,net_red,Pre-match controls,70,144,52.08333333333333,NA,All other clubs,Net red cards (opp. - own)
598,-0.016945857799045432,238,1. FC Union Berlin,ger.1,net_red,Pre-match controls,107,144,26.388888888888886,NA,All other clubs,Net red cards (opp. - own)
1068,-0.0342844983315848,798,Atlético Madrid,esp.1,net_red,Pre-match controls,131,144,9.722222222222221,Atletico Madrid,Other elite clubs,Net red cards (opp. - own)
1538,0.01895638378801554,532,Levante,esp.1,net_red,Pre-match controls,44,144,70.13888888888889,NA,All other clubs,Net red cards (opp. - own)
2428,-0.0074548276121493735,442,Hannover 96,ger.1,net_red,Pre-match controls,91,144,37.5,NA,All other clubs,Net red cards (opp. - own)
2502,0.0315766059089386,776,Nice,fra.1,net_red,Pre-match controls,24,144,84.02777777777779,NA,All other clubs,Net red cards (opp. - own)
2503,0.009324361418105165,190,AC Ajaccio,fra.1,net_red,Pre-match controls,62,144,57.638888888888886,NA,All other clubs,Net red cards (opp. - own)
2506,0.0450630507709754,204,Arminia Bielefeld,ger.1,net_red,Pre-match controls,11,144,93.05555555555556,NA,All other clubs,Net red cards (opp. - own)
2574,0.049238172471681066,418,Empoli,ita.1,net_red,Pre-match controls,6,144,96.52777777777779,NA,All other clubs,Net red cards (opp. - own)
2697,-0.01376323313521191,190,Le Mans,fra.1,net_red,Pre-match controls,100,144,31.25,NA,All other clubs,Net red cards (opp. - own)
2734,-0.0012538271476372903,646,Sampdoria,ita.1,net_red,Pre-match controls,80,144,45.138888888888886,NA,All other clubs,Net red cards (opp. - own)
2735,0.02169902273263692,266,Siena,ita.1,net_red,Pre-match controls,38,144,74.30555555555556,NA,All other clubs,Net red cards (opp. - own)
2922,0.012016229131302434,760,Getafe,esp.1,net_red,Pre-match controls,57,144,61.111111111111114,NA,All other clubs,Net red cards (opp. - own)
2923,-0.04075376617965061,418,Palermo,ita.1,net_red,Pre-match controls,137,144,5.555555555555558,NA,All other clubs,Net red cards (opp. - own)
2925,0.012396080707402321,721,Cagliari,ita.1,net_red,Pre-match controls,55,144,62.5,NA,All other clubs,Net red cards (opp. - own)
2926,0.03357250632830898,189,Livorno,ita.1,net_red,Pre-match controls,22,144,85.41666666666666,NA,All other clubs,Net red cards (opp. - own)
2927,-0.009090976349363733,342,Caen,fra.1,net_red,Pre-match controls,95,144,34.72222222222222,NA,All other clubs,Net red cards (opp. - own)
2950,0.022362474017251884,646,Mainz,ger.1,net_red,Pre-match controls,34,144,77.08333333333334,NA,All other clubs,Net red cards (opp. - own)
3170,-0.017014457907217874,218,Dijon FCO,fra.1,net_red,Pre-match controls,108,144,25.694444444444443,NA,All other clubs,Net red cards (opp. - own)
3243,-0.02742221466789565,400,Stade de Reims,fra.1,net_red,Pre-match controls,121,144,16.666666666666664,NA,All other clubs,Net red cards (opp. - own)
3258,-0.02391455625393625,304,Catania,ita.1,net_red,Pre-match controls,116,144,20.138888888888886,NA,All other clubs,Net red cards (opp. - own)
3263,-0.0052266683769258415,684,Genoa,ita.1,net_red,Pre-match controls,88,144,39.583333333333336,NA,All other clubs,Net red cards (opp. - own)
3267,-0.03217807520201619,342,AS Nancy Lorraine,fra.1,net_red,Pre-match controls,129,144,11.111111111111116,NA,All other clubs,Net red cards (opp. - own)
3747,0.04835766445644887,380,Granada,esp.1,net_red,Pre-match controls,7,144,95.83333333333334,NA,All other clubs,Net red cards (opp. - own)
3751,-0.0395620937033231,227,Elche,esp.1,net_red,Pre-match controls,136,144,6.25,NA,All other clubs,Net red cards (opp. - own)
3752,0.021227701784011548,266,Eibar,esp.1,net_red,Pre-match controls,40,144,72.91666666666667,NA,All other clubs,Net red cards (opp. - own)
3788,0.005978703862266951,228,Sporting Gijón,esp.1,net_red,Pre-match controls,66,144,54.861111111111114,NA,All other clubs,Net red cards (opp. - own)
3841,0.021879641161038788,510,FC Augsburg,ger.1,net_red,Pre-match controls,37,144,75,NA,All other clubs,Net red cards (opp. - own)
3842,0.07801311477112467,190,Cádiz,esp.1,net_red,Pre-match controls,1,144,100,NA,All other clubs,Net red cards (opp. - own)
3997,0.013683337967514045,456,Sassuolo,ita.1,net_red,Pre-match controls,51,144,65.27777777777779,NA,All other clubs,Net red cards (opp. - own)
6732,0.03424255191311859,304,Valenciennes,fra.1,net_red,Pre-match controls,19,144,87.5,NA,All other clubs,Net red cards (opp. - own)
6832,0.0400828141591002,303,Almería,esp.1,net_red,Pre-match controls,15,144,90.27777777777779,NA,All other clubs,Net red cards (opp. - own)
6997,0.04378837699330548,358,Brest,fra.1,net_red,Pre-match controls,12,144,92.36111111111111,NA,All other clubs,Net red cards (opp. - own)
7868,0.05257639954806416,362,Angers,fra.1,net_red,Pre-match controls,4,144,97.91666666666666,NA,All other clubs,Net red cards (opp. - own)
7911,0.022339184475083134,612,TSG Hoffenheim,ger.1,net_red,Pre-match controls,35,144,76.38888888888889,NA,All other clubs,Net red cards (opp. - own)
9812,0.048170741445676485,228,Girona,esp.1,net_red,Pre-match controls,8,144,95.13888888888889,NA,All other clubs,Net red cards (opp. - own)
11058,0.025217893463713836,152,Evian Thonon Gaillard,fra.1,net_red,Pre-match controls,29,144,80.55555555555556,NA,All other clubs,Net red cards (opp. - own)
11420,-0.017575739802775932,340,RB Leipzig,ger.1,net_red,Pre-match controls,110,144,24.305555555555557,NA,All other clubs,Net red cards (opp. - own)
17534,-0.0032296205435578713,190,Leganés,esp.1,net_red,Pre-match controls,83,144,43.05555555555556,NA,All other clubs,Net red cards (opp. - own)
83,-0.04748036294872197,778,Barcelona,esp.1,net_red,Adding possession and shots,125,138,10.144927536231885,Barcelona,Barcelona,Net red cards (opp. - own)
84,-0.0033166978460564055,525,Mallorca,esp.1,net_red,Adding possession and shots,78,138,44.20289855072463,NA,All other clubs,Net red cards (opp. - own)
85,-0.0018795194745119257,602,Celta Vigo,esp.1,net_red,Adding possession and shots,75,138,46.37681159420289,NA,All other clubs,Net red cards (opp. - own)
86,-0.049505500629554874,790,Real Madrid,esp.1,net_red,Adding possession and shots,127,138,8.695652173913048,Real Madrid,Real Madrid,Net red cards (opp. - own)
87,0.008409387066931064,264,Racing Santander,esp.1,net_red,Adding possession and shots,59,138,57.971014492753625,NA,All other clubs,Net red cards (opp. - own)
88,0.02235862915058813,714,Espanyol,esp.1,net_red,Adding possession and shots,44,138,68.84057971014492,NA,All other clubs,Net red cards (opp. - own)
89,0.027395226045202573,679,Real Sociedad,esp.1,net_red,Adding possession and shots,37,138,73.91304347826086,NA,All other clubs,Net red cards (opp. - own)
90,0.011155812390285205,416,Deportivo,esp.1,net_red,Adding possession and shots,56,138,60.14492753623188,NA,All other clubs,Net red cards (opp. - own)
91,-0.04616043994966504,263,Real Zaragoza,esp.1,net_red,Adding possession and shots,124,138,10.869565217391308,NA,All other clubs,Net red cards (opp. - own)
93,0.004380680140157581,790,Athletic Club,esp.1,net_red,Adding possession and shots,66,138,52.89855072463768,NA,All other clubs,Net red cards (opp. - own)
94,-0.01158064649591723,789,Valencia,esp.1,net_red,Adding possession and shots,94,138,32.608695652173914,NA,All other clubs,Net red cards (opp. - own)
95,0.02038777040818132,378,Real Valladolid,esp.1,net_red,Adding possession and shots,47,138,66.66666666666667,NA,All other clubs,Net red cards (opp. - own)
96,0.04464777399070169,378,Alavés,esp.1,net_red,Adding possession and shots,18,138,87.68115942028986,NA,All other clubs,Net red cards (opp. - own)
97,-0.010536452974556253,640,Osasuna,esp.1,net_red,Adding possession and shots,92,138,34.05797101449275,NA,All other clubs,Net red cards (opp. - own)
98,0.007067172244226591,189,Las Palmas,esp.1,net_red,Adding possession and shots,62,138,55.79710144927537,NA,All other clubs,Net red cards (opp. - own)
99,-0.04795198002049152,417,Málaga,esp.1,net_red,Adding possession and shots,126,138,9.420289855072461,NA,All other clubs,Net red cards (opp. - own)
101,-0.05669974295042171,415,Rayo Vallecano,esp.1,net_red,Adding possession and shots,132,138,5.072463768115942,NA,All other clubs,Net red cards (opp. - own)
102,0.025816856544188072,753,Villarreal,esp.1,net_red,Adding possession and shots,39,138,72.46376811594203,NA,All other clubs,Net red cards (opp. - own)
103,-0.058143988384057,713,AC Milan,ita.1,net_red,Adding possession and shots,133,138,4.347826086956519,AC Milan,Other elite clubs,Net red cards (opp. - own)
104,-0.02150065542139308,713,AS Roma,ita.1,net_red,Adding possession and shots,110,138,21.014492753623195,NA,All other clubs,Net red cards (opp. - own)
105,-0.05006219359354433,677,Atalanta,ita.1,net_red,Adding possession and shots,128,138,7.971014492753625,NA,All other clubs,Net red cards (opp. - own)
107,-0.010612289056540061,639,Bologna,ita.1,net_red,Adding possession and shots,93,138,33.333333333333336,NA,All other clubs,Net red cards (opp. - own)
109,-0.008962029503590561,714,Fiorentina,ita.1,net_red,Adding possession and shots,90,138,35.507246376811594,NA,All other clubs,Net red cards (opp. - own)
110,2.0237558218361344e-4,714,Internazionale,ita.1,net_red,Adding possession and shots,73,138,47.82608695652174,Internazionale,Other elite clubs,Net red cards (opp. - own)
111,-0.005457342217096501,710,Juventus,ita.1,net_red,Adding possession and shots,84,138,39.85507246376812,Juventus,Other elite clubs,Net red cards (opp. - own)
112,-0.036796172137727186,718,Lazio,ita.1,net_red,Adding possession and shots,122,138,12.318840579710145,NA,All other clubs,Net red cards (opp. - own)
113,-0.012452890787235889,239,Lecce,ita.1,net_red,Adding possession and shots,96,138,31.159420289855078,NA,All other clubs,Net red cards (opp. - own)
114,-0.013977835183381013,714,Napoli,ita.1,net_red,Adding possession and shots,101,138,27.536231884057973,NA,All other clubs,Net red cards (opp. - own)
115,0.022444127127550277,453,Parma,ita.1,net_red,Adding possession and shots,43,138,69.56521739130434,NA,All other clubs,Net red cards (opp. - own)
118,0.046698480997944145,714,Udinese,ita.1,net_red,Adding possession and shots,15,138,89.85507246376811,NA,All other clubs,Net red cards (opp. - own)
119,6.146223835485776e-4,410,Hellas Verona,ita.1,net_red,Adding possession and shots,72,138,48.550724637681164,NA,All other clubs,Net red cards (opp. - own)
121,0.04227537250239221,253,VfL Bochum,ger.1,net_red,Adding possession and shots,20,138,86.23188405797102,NA,All other clubs,Net red cards (opp. - own)
122,0.04311419730456218,469,FC Cologne,ger.1,net_red,Adding possession and shots,19,138,86.95652173913044,NA,All other clubs,Net red cards (opp. - own)
124,-0.03113636215983488,659,Borussia Dortmund,ger.1,net_red,Adding possession and shots,118,138,15.217391304347828,Borussia Dortmund,Other elite clubs,Net red cards (opp. - own)
125,0.008073551839235533,629,Eintracht Frankfurt,ger.1,net_red,Adding possession and shots,60,138,57.2463768115942,NA,All other clubs,Net red cards (opp. - own)
126,0.027257840272021685,535,SC Freiburg,ger.1,net_red,Adding possession and shots,38,138,73.18840579710144,NA,All other clubs,Net red cards (opp. - own)
127,-0.020643408128524124,429,Hamburg SV,ger.1,net_red,Adding possession and shots,107,138,23.188405797101453,NA,All other clubs,Net red cards (opp. - own)
129,0.020781996974663364,496,Hertha Berlin,ger.1,net_red,Adding possession and shots,46,138,67.3913043478261,NA,All other clubs,Net red cards (opp. - own)
131,-0.06373919611472216,655,Bayer Leverkusen,ger.1,net_red,Adding possession and shots,134,138,3.6231884057971064,NA,All other clubs,Net red cards (opp. - own)
132,-0.097784646092858,654,Bayern Munich,ger.1,net_red,Adding possession and shots,138,138,0.7246376811594235,Bayern Munich,Other elite clubs,Net red cards (opp. - own)
133,0.008481428216137768,524,Schalke 04,ger.1,net_red,Adding possession and shots,58,138,58.69565217391304,NA,All other clubs,Net red cards (opp. - own)
134,-0.026315690677286056,590,VfB Stuttgart,ger.1,net_red,Adding possession and shots,114,138,18.11594202898551,NA,All other clubs,Net red cards (opp. - own)
137,-0.007788306060321852,627,Werder Bremen,ger.1,net_red,Adding possession and shots,88,138,36.95652173913043,NA,All other clubs,Net red cards (opp. - own)
138,-0.01996803521406827,659,VfL Wolfsburg,ger.1,net_red,Adding possession and shots,106,138,23.913043478260864,NA,All other clubs,Net red cards (opp. - own)
159,-0.002554390242375235,555,Bordeaux,fra.1,net_red,Adding possession and shots,77,138,44.927536231884055,NA,All other clubs,Net red cards (opp. - own)
160,-0.034206002728490295,695,Paris Saint-Germain,fra.1,net_red,Adding possession and shots,120,138,13.768115942028981,Paris Saint-Germain,Other elite clubs,Net red cards (opp. - own)
165,0.030741019360229962,513,Nantes,fra.1,net_red,Adding possession and shots,35,138,75.36231884057972,NA,All other clubs,Net red cards (opp. - own)
166,-0.005510315427171677,697,Lille,fra.1,net_red,Adding possession and shots,85,138,39.13043478260869,NA,All other clubs,Net red cards (opp. - own)
167,-0.026444955637787933,691,Lyon,fra.1,net_red,Adding possession and shots,115,138,17.391304347826086,NA,All other clubs,Net red cards (opp. - own)
169,0.004433778763623705,696,Stade Rennais,fra.1,net_red,Adding possession and shots,65,138,53.623188405797094,NA,All other clubs,Net red cards (opp. - own)
170,0.012148570562906786,185,Troyes,fra.1,net_red,Adding possession and shots,55,138,60.86956521739131,NA,All other clubs,Net red cards (opp. - own)
171,0.07068002004698046,227,Guingamp,fra.1,net_red,Adding possession and shots,4,138,97.82608695652173,NA,All other clubs,Net red cards (opp. - own)
172,0.02320904434201384,296,AJ Auxerre,fra.1,net_red,Adding possession and shots,42,138,70.28985507246377,NA,All other clubs,Net red cards (opp. - own)
173,-0.01176761991774632,187,Bastia,fra.1,net_red,Adding possession and shots,95,138,31.88405797101449,NA,All other clubs,Net red cards (opp. - own)
174,-0.018868141041340294,623,AS Monaco,fra.1,net_red,Adding possession and shots,105,138,24.63768115942029,NA,All other clubs,Net red cards (opp. - own)
175,-0.022965489926092555,369,Lens,fra.1,net_red,Adding possession and shots,111,138,20.28985507246377,NA,All other clubs,Net red cards (opp. - own)
176,-0.06787670874301913,695,Marseille,fra.1,net_red,Adding possession and shots,135,138,2.898550724637683,NA,All other clubs,Net red cards (opp. - own)
177,0.007666654920581106,322,Metz,fra.1,net_red,Adding possession and shots,61,138,56.52173913043479,NA,All other clubs,Net red cards (opp. - own)
178,-0.00112585428275093,589,Saint-Étienne,fra.1,net_red,Adding possession and shots,74,138,47.10144927536232,NA,All other clubs,Net red cards (opp. - own)
179,0.004274745656946914,625,Toulouse,fra.1,net_red,Adding possession and shots,67,138,52.17391304347826,NA,All other clubs,Net red cards (opp. - own)
180,0.0040799126148335545,347,Strasbourg,fra.1,net_red,Adding possession and shots,69,138,50.72463768115942,NA,All other clubs,Net red cards (opp. - own)
238,0.06883087768137805,419,Chievo Verona,ita.1,net_red,Adding possession and shots,6,138,96.37681159420289,NA,All other clubs,Net red cards (opp. - own)
239,0.031866245304591596,603,Torino,ita.1,net_red,Adding possession and shots,32,138,77.53623188405797,NA,All other clubs,Net red cards (opp. - own)
243,-0.015244321417584365,790,Sevilla,esp.1,net_red,Adding possession and shots,103,138,26.086956521739136,NA,All other clubs,Net red cards (opp. - own)
244,-0.024721539988159933,676,Real Betis,esp.1,net_red,Adding possession and shots,112,138,19.565217391304344,NA,All other clubs,Net red cards (opp. - own)
268,0.02096706870263204,623,Borussia Mönchengladbach,ger.1,net_red,Adding possession and shots,45,138,68.11594202898551,NA,All other clubs,Net red cards (opp. - own)
269,0.0041138484969528025,257,1. FC Nürnberg,ger.1,net_red,Adding possession and shots,68,138,51.44927536231884,NA,All other clubs,Net red cards (opp. - own)
272,-0.017433912860510672,262,Sochaux,fra.1,net_red,Adding possession and shots,104,138,25.36231884057971,NA,All other clubs,Net red cards (opp. - own)
273,0.03122023333104756,588,Lorient,fra.1,net_red,Adding possession and shots,33,138,76.81159420289855,NA,All other clubs,Net red cards (opp. - own)
274,-0.021117886444426817,575,Montpellier,fra.1,net_red,Adding possession and shots,108,138,22.463768115942027,NA,All other clubs,Net red cards (opp. - own)
306,0.038370622766746125,150,Hull City,eng.1,net_red,Adding possession and shots,25,138,82.6086956521739,NA,All other clubs,Net red cards (opp. - own)
318,-0.008883255980471698,223,Swansea City,eng.1,net_red,Adding possession and shots,89,138,36.23188405797102,NA,All other clubs,Net red cards (opp. - own)
331,-0.031154894424740676,334,Brighton & Hove Albion,eng.1,net_red,Adding possession and shots,119,138,14.492753623188403,NA,All other clubs,Net red cards (opp. - own)
336,0.031052721151111327,321,Stoke City,eng.1,net_red,Adding possession and shots,34,138,76.08695652173914,NA,All other clubs,Net red cards (opp. - own)
337,0.0700645311537246,174,Brentford,eng.1,net_red,Adding possession and shots,5,138,97.10144927536231,NA,All other clubs,Net red cards (opp. - own)
349,0.068800793015049,297,AFC Bournemouth,eng.1,net_red,Adding possession and shots,7,138,95.65217391304348,NA,All other clubs,Net red cards (opp. - own)
350,-0.05666088287173434,283,Wigan Athletic,eng.1,net_red,Adding possession and shots,131,138,5.797101449275366,NA,All other clubs,Net red cards (opp. - own)
358,-0.013860961276297056,242,Bolton Wanderers,eng.1,net_red,Adding possession and shots,99,138,28.985507246376805,NA,All other clubs,Net red cards (opp. - own)
359,-0.044772687715939764,652,Arsenal,eng.1,net_red,Adding possession and shots,123,138,11.594202898550721,Arsenal,Other elite clubs,Net red cards (opp. - own)
360,-0.03422633473273016,714,Manchester United,eng.1,net_red,Adding possession and shots,121,138,13.043478260869568,Manchester United,Other elite clubs,Net red cards (opp. - own)
361,-0.007169251657687282,686,Newcastle United,eng.1,net_red,Adding possession and shots,87,138,37.68115942028986,NA,All other clubs,Net red cards (opp. - own)
362,0.04984522767262726,646,Aston Villa,eng.1,net_red,Adding possession and shots,13,138,91.30434782608697,NA,All other clubs,Net red cards (opp. - own)
363,-0.08337743398533144,722,Chelsea,eng.1,net_red,Adding possession and shots,137,138,1.449275362318836,Chelsea,Other elite clubs,Net red cards (opp. - own)
364,-0.05186725378195343,715,Liverpool,eng.1,net_red,Adding possession and shots,129,138,7.246376811594201,Liverpool,Other elite clubs,Net red cards (opp. - own)
365,-0.028573870883614596,245,Blackburn Rovers,eng.1,net_red,Adding possession and shots,116,138,16.666666666666664,NA,All other clubs,Net red cards (opp. - own)
366,0.02369661434455435,398,Sunderland,eng.1,net_red,Adding possession and shots,41,138,71.01449275362319,NA,All other clubs,Net red cards (opp. - own)
367,-0.021129404259669155,728,Tottenham Hotspur,eng.1,net_red,Adding possession and shots,109,138,21.739130434782606,NA,All other clubs,Net red cards (opp. - own)
368,-0.003704571575899704,725,Everton,eng.1,net_red,Adding possession and shots,80,138,42.7536231884058,NA,All other clubs,Net red cards (opp. - own)
369,-0.004320639609240935,153,Middlesbrough,eng.1,net_red,Adding possession and shots,82,138,41.30434782608695,NA,All other clubs,Net red cards (opp. - own)
370,0.015198742059079994,531,Fulham,eng.1,net_red,Adding possession and shots,52,138,63.04347826086957,NA,All other clubs,Net red cards (opp. - own)
371,0.046539117658644914,698,West Ham United,eng.1,net_red,Adding possession and shots,16,138,89.13043478260869,NA,All other clubs,Net red cards (opp. - own)
375,0.01632104592602468,328,Leicester City,eng.1,net_red,Adding possession and shots,49,138,65.21739130434783,NA,All other clubs,Net red cards (opp. - own)
376,-0.030424886555377968,402,Southampton,eng.1,net_red,Adding possession and shots,117,138,15.94202898550725,NA,All other clubs,Net red cards (opp. - own)
379,0.09011615355342374,339,Burnley,eng.1,net_red,Adding possession and shots,2,138,99.27536231884058,NA,All other clubs,Net red cards (opp. - own)
380,0.040540523433397015,377,Wolverhampton Wanderers,eng.1,net_red,Adding possession and shots,22,138,84.78260869565217,NA,All other clubs,Net red cards (opp. - own)
381,0.06118824409223283,214,Norwich City,eng.1,net_red,Adding possession and shots,9,138,94.20289855072464,NA,All other clubs,Net red cards (opp. - own)
382,-0.07165614750389687,724,Manchester City,eng.1,net_red,Adding possession and shots,136,138,2.1739130434782594,Manchester City,Other elite clubs,Net red cards (opp. - own)
383,0.03825644693197519,355,West Bromwich Albion,eng.1,net_red,Adding possession and shots,26,138,81.88405797101449,NA,All other clubs,Net red cards (opp. - own)
384,0.06522348825233062,442,Crystal Palace,eng.1,net_red,Adding possession and shots,8,138,94.92753623188406,NA,All other clubs,Net red cards (opp. - own)
385,-0.0095045274221248,188,Portsmouth,eng.1,net_red,Adding possession and shots,91,138,34.78260869565217,NA,All other clubs,Net red cards (opp. - own)
392,0.008928041603947199,152,Birmingham City,eng.1,net_red,Adding possession and shots,57,138,59.42028985507246,NA,All other clubs,Net red cards (opp. - own)
395,0.004651899582222736,225,Watford,eng.1,net_red,Adding possession and shots,64,138,54.347826086956516,NA,All other clubs,Net red cards (opp. - own)
398,0.036483815932498866,150,Sheffield United,eng.1,net_red,Adding possession and shots,28,138,80.43478260869566,NA,All other clubs,Net red cards (opp. - own)
598,0.01580722065329684,235,1. FC Union Berlin,ger.1,net_red,Adding possession and shots,50,138,64.4927536231884,NA,All other clubs,Net red cards (opp. - own)
1068,-0.003837565948295647,794,Atlético Madrid,esp.1,net_red,Adding possession and shots,81,138,42.028985507246375,Atletico Madrid,Other elite clubs,Net red cards (opp. - own)
1538,0.04857250243305575,529,Levante,esp.1,net_red,Adding possession and shots,14,138,90.57971014492753,NA,All other clubs,Net red cards (opp. - own)
2428,-0.013896948365884235,392,Hannover 96,ger.1,net_red,Adding possession and shots,100,138,28.260869565217394,NA,All other clubs,Net red cards (opp. - own)
2502,0.02426540227226877,697,Nice,fra.1,net_red,Adding possession and shots,40,138,71.73913043478262,NA,All other clubs,Net red cards (opp. - own)
2506,0.07517389265174879,152,Arminia Bielefeld,ger.1,net_red,Adding possession and shots,3,138,98.55072463768117,NA,All other clubs,Net red cards (opp. - own)
2574,0.03491478321338043,341,Empoli,ita.1,net_red,Adding possession and shots,31,138,78.26086956521739,NA,All other clubs,Net red cards (opp. - own)
2734,0.006468886332242893,565,Sampdoria,ita.1,net_red,Adding possession and shots,63,138,55.072463768115945,NA,All other clubs,Net red cards (opp. - own)
2735,0.04124028047073038,187,Siena,ita.1,net_red,Adding possession and shots,21,138,85.5072463768116,NA,All other clubs,Net red cards (opp. - own)
2922,0.016414604964552243,752,Getafe,esp.1,net_red,Adding possession and shots,48,138,65.94202898550725,NA,All other clubs,Net red cards (opp. - own)
2923,-0.003591530867563795,341,Palermo,ita.1,net_red,Adding possession and shots,79,138,43.47826086956522,NA,All other clubs,Net red cards (opp. - own)
2925,0.012972932956806621,639,Cagliari,ita.1,net_red,Adding possession and shots,53,138,62.31884057971014,NA,All other clubs,Net red cards (opp. - own)
2927,0.015208104900964482,336,Caen,fra.1,net_red,Adding possession and shots,51,138,63.76811594202898,NA,All other clubs,Net red cards (opp. - own)
2950,0.035995078720103546,568,Mainz,ger.1,net_red,Adding possession and shots,29,138,79.71014492753623,NA,All other clubs,Net red cards (opp. - own)
3170,-0.004468498786731791,213,Dijon FCO,fra.1,net_red,Adding possession and shots,83,138,40.57971014492754,NA,All other clubs,Net red cards (opp. - own)
3243,-0.012780531613315564,396,Stade de Reims,fra.1,net_red,Adding possession and shots,97,138,30.434782608695656,NA,All other clubs,Net red cards (opp. - own)
3258,-0.006281541510329003,265,Catania,ita.1,net_red,Adding possession and shots,86,138,38.40579710144928,NA,All other clubs,Net red cards (opp. - own)
3263,0.0030491491891940455,677,Genoa,ita.1,net_red,Adding possession and shots,70,138,50,NA,All other clubs,Net red cards (opp. - own)
3267,-0.013435963628125804,263,AS Nancy Lorraine,fra.1,net_red,Adding possession and shots,98,138,29.71014492753623,NA,All other clubs,Net red cards (opp. - own)
3747,0.05770195442404586,368,Granada,esp.1,net_red,Adding possession and shots,10,138,93.47826086956522,NA,All other clubs,Net red cards (opp. - own)
3751,-0.05467928118186945,225,Elche,esp.1,net_red,Adding possession and shots,130,138,6.521739130434778,NA,All other clubs,Net red cards (opp. - own)
3752,-0.01505641706925847,264,Eibar,esp.1,net_red,Adding possession and shots,102,138,26.811594202898547,NA,All other clubs,Net red cards (opp. - own)
3788,0.040278195368695015,228,Sporting Gijón,esp.1,net_red,Adding possession and shots,23,138,84.05797101449275,NA,All other clubs,Net red cards (opp. - own)
3841,0.03694001220891014,504,FC Augsburg,ger.1,net_red,Adding possession and shots,27,138,81.15942028985508,NA,All other clubs,Net red cards (opp. - own)
3842,0.10986196816932439,186,Cádiz,esp.1,net_red,Adding possession and shots,1,138,100,NA,All other clubs,Net red cards (opp. - own)
3997,-0.0021646860928198433,450,Sassuolo,ita.1,net_red,Adding possession and shots,76,138,45.652173913043484,NA,All other clubs,Net red cards (opp. - own)
6732,0.029456438072849186,267,Valenciennes,fra.1,net_red,Adding possession and shots,36,138,74.63768115942028,NA,All other clubs,Net red cards (opp. - own)
6832,0.05425816830381508,300,Almería,esp.1,net_red,Adding possession and shots,12,138,92.02898550724638,NA,All other clubs,Net red cards (opp. - own)
6997,0.04603121716382887,351,Brest,fra.1,net_red,Adding possession and shots,17,138,88.40579710144928,NA,All other clubs,Net red cards (opp. - own)
7868,0.054718683028157425,358,Angers,fra.1,net_red,Adding possession and shots,11,138,92.7536231884058,NA,All other clubs,Net red cards (opp. - own)
7911,0.01239592935620042,609,TSG Hoffenheim,ger.1,net_red,Adding possession and shots,54,138,61.59420289855073,NA,All other clubs,Net red cards (opp. - own)
9812,0.03894304355284171,225,Girona,esp.1,net_red,Adding possession and shots,24,138,83.33333333333334,NA,All other clubs,Net red cards (opp. - own)
11058,0.03493894651941651,150,Evian Thonon Gaillard,fra.1,net_red,Adding possession and shots,30,138,78.98550724637681,NA,All other clubs,Net red cards (opp. - own)
11420,-0.026265960975274293,337,RB Leipzig,ger.1,net_red,Adding possession and shots,113,138,18.840579710144922,NA,All other clubs,Net red cards (opp. - own)
17534,8.511319317080341e-4,189,Leganés,esp.1,net_red,Adding possession and shots,71,138,49.27536231884058,NA,All other clubs,Net red cards (opp. - own)
83,2.5065046213476587,798,Barcelona,esp.1,net_fouls,Pre-match controls,2,144,99.30555555555556,Barcelona,Barcelona,Net fouls (opp. - own)
84,-1.0094676220068424,531,Mallorca,esp.1,net_fouls,Pre-match controls,121,144,16.666666666666664,NA,All other clubs,Net fouls (opp. - own)
85,0.7258553467442938,608,Celta Vigo,esp.1,net_fouls,Pre-match controls,29,144,80.55555555555556,NA,All other clubs,Net fouls (opp. - own)
86,1.2936844771290126,797,Real Madrid,esp.1,net_fouls,Pre-match controls,11,144,93.05555555555556,Real Madrid,Real Madrid,Net fouls (opp. - own)
87,-2.338228327093145,266,Racing Santander,esp.1,net_fouls,Pre-match controls,144,144,0.694444444444442,NA,All other clubs,Net fouls (opp. - own)
88,-0.2426539012990353,721,Espanyol,esp.1,net_fouls,Pre-match controls,80,144,45.138888888888886,NA,All other clubs,Net fouls (opp. - own)
89,0.661130604257628,683,Real Sociedad,esp.1,net_fouls,Pre-match controls,33,144,77.77777777777779,NA,All other clubs,Net fouls (opp. - own)
90,0.8812101840719865,418,Deportivo,esp.1,net_fouls,Pre-match controls,19,144,87.5,NA,All other clubs,Net fouls (opp. - own)
91,-1.0094759290424067,266,Real Zaragoza,esp.1,net_fouls,Pre-match controls,122,144,15.972222222222221,NA,All other clubs,Net fouls (opp. - own)
93,-0.4693863530973471,796,Athletic Club,esp.1,net_fouls,Pre-match controls,91,144,37.5,NA,All other clubs,Net fouls (opp. - own)
94,0.09863261305466786,797,Valencia,esp.1,net_fouls,Pre-match controls,60,144,59.02777777777778,NA,All other clubs,Net fouls (opp. - own)
95,0.4918017912435554,380,Real Valladolid,esp.1,net_fouls,Pre-match controls,44,144,70.13888888888889,NA,All other clubs,Net fouls (opp. - own)
96,-0.4330120775610352,380,Alavés,esp.1,net_fouls,Pre-match controls,88,144,39.583333333333336,NA,All other clubs,Net fouls (opp. - own)
97,-1.5778065031848634,646,Osasuna,esp.1,net_fouls,Pre-match controls,137,144,5.555555555555558,NA,All other clubs,Net fouls (opp. - own)
98,4.115206590771351,190,Las Palmas,esp.1,net_fouls,Pre-match controls,1,144,100,NA,All other clubs,Net fouls (opp. - own)
99,-0.11864466524447692,418,Málaga,esp.1,net_fouls,Pre-match controls,72,144,50.69444444444444,NA,All other clubs,Net fouls (opp. - own)
101,-0.48223404509282586,418,Rayo Vallecano,esp.1,net_fouls,Pre-match controls,93,144,36.111111111111114,NA,All other clubs,Net fouls (opp. - own)
102,0.6377989669198779,760,Villarreal,esp.1,net_fouls,Pre-match controls,34,144,77.08333333333334,NA,All other clubs,Net fouls (opp. - own)
103,-0.09249730316830118,798,AC Milan,ita.1,net_fouls,Pre-match controls,69,144,52.77777777777778,AC Milan,Other elite clubs,Net fouls (opp. - own)
104,0.39265686470628003,796,AS Roma,ita.1,net_fouls,Pre-match controls,48,144,67.36111111111111,NA,All other clubs,Net fouls (opp. - own)
105,-0.13137276387384977,722,Atalanta,ita.1,net_fouls,Pre-match controls,74,144,49.30555555555556,NA,All other clubs,Net fouls (opp. - own)
107,0.8006664534973744,646,Bologna,ita.1,net_fouls,Pre-match controls,22,144,85.41666666666666,NA,All other clubs,Net fouls (opp. - own)
109,0.3490251100932178,796,Fiorentina,ita.1,net_fouls,Pre-match controls,53,144,63.888888888888886,NA,All other clubs,Net fouls (opp. - own)
110,-0.8220394929482095,798,Internazionale,ita.1,net_fouls,Pre-match controls,112,144,22.916666666666664,Internazionale,Other elite clubs,Net fouls (opp. - own)
111,-0.9639090949379454,759,Juventus,ita.1,net_fouls,Pre-match controls,120,144,17.361111111111114,Juventus,Other elite clubs,Net fouls (opp. - own)
112,-0.12114981133433211,796,Lazio,ita.1,net_fouls,Pre-match controls,73,144,50,NA,All other clubs,Net fouls (opp. - own)
113,-0.69953829488697,341,Lecce,ita.1,net_fouls,Pre-match controls,105,144,27.77777777777778,NA,All other clubs,Net fouls (opp. - own)
114,0.925998813236903,722,Napoli,ita.1,net_fouls,Pre-match controls,17,144,88.88888888888889,NA,All other clubs,Net fouls (opp. - own)
115,-0.9546354855643577,531,Parma,ita.1,net_fouls,Pre-match controls,118,144,18.75,NA,All other clubs,Net fouls (opp. - own)
117,2.2383927282689626,151,Reggina,ita.1,net_fouls,Pre-match controls,3,144,98.61111111111111,NA,All other clubs,Net fouls (opp. - own)
118,-0.09552668247061269,797,Udinese,ita.1,net_fouls,Pre-match controls,70,144,52.08333333333333,NA,All other clubs,Net fouls (opp. - own)
119,-1.5341472531286873,418,Hellas Verona,ita.1,net_fouls,Pre-match controls,134,144,7.638888888888884,NA,All other clubs,Net fouls (opp. - own)
121,-1.2763258578215189,272,VfL Bochum,ger.1,net_fouls,Pre-match controls,128,144,11.805555555555557,NA,All other clubs,Net fouls (opp. - own)
122,0.5357276019521242,510,FC Cologne,ger.1,net_fouls,Pre-match controls,43,144,70.83333333333333,NA,All other clubs,Net fouls (opp. - own)
124,0.36322495371839936,714,Borussia Dortmund,ger.1,net_fouls,Pre-match controls,49,144,66.66666666666667,Borussia Dortmund,Other elite clubs,Net fouls (opp. - own)
125,-0.21416024923800192,679,Eintracht Frankfurt,ger.1,net_fouls,Pre-match controls,79,144,45.833333333333336,NA,All other clubs,Net fouls (opp. - own)
126,0.7284212213711581,544,SC Freiburg,ger.1,net_fouls,Pre-match controls,28,144,81.25,NA,All other clubs,Net fouls (opp. - own)
127,-0.6287769713082418,476,Hamburg SV,ger.1,net_fouls,Pre-match controls,101,144,30.555555555555557,NA,All other clubs,Net fouls (opp. - own)
129,0.36020727121737894,544,Hertha Berlin,ger.1,net_fouls,Pre-match controls,50,144,65.97222222222221,NA,All other clubs,Net fouls (opp. - own)
131,-0.17269110448768288,714,Bayer Leverkusen,ger.1,net_fouls,Pre-match controls,77,144,47.22222222222222,NA,All other clubs,Net fouls (opp. - own)
132,0.807362889711039,714,Bayern Munich,ger.1,net_fouls,Pre-match controls,21,144,86.11111111111111,Bayern Munich,Other elite clubs,Net fouls (opp. - own)
133,-0.33231966482930697,578,Schalke 04,ger.1,net_fouls,Pre-match controls,84,144,42.361111111111114,NA,All other clubs,Net fouls (opp. - own)
134,0.7590146771662134,645,VfB Stuttgart,ger.1,net_fouls,Pre-match controls,24,144,84.02777777777779,NA,All other clubs,Net fouls (opp. - own)
137,0.4514273107202136,680,Werder Bremen,ger.1,net_fouls,Pre-match controls,45,144,69.44444444444444,NA,All other clubs,Net fouls (opp. - own)
138,-0.8330983950813289,714,VfL Wolfsburg,ger.1,net_fouls,Pre-match controls,113,144,22.22222222222222,NA,All other clubs,Net fouls (opp. - own)
159,1.0465601288691102,597,Bordeaux,fra.1,net_fouls,Pre-match controls,16,144,89.58333333333334,NA,All other clubs,Net fouls (opp. - own)
160,0.04312084837977283,736,Paris Saint-Germain,fra.1,net_fouls,Pre-match controls,64,144,56.25,Paris Saint-Germain,Other elite clubs,Net fouls (opp. - own)
165,-1.0855864227129257,546,Nantes,fra.1,net_fouls,Pre-match controls,124,144,14.583333333333337,NA,All other clubs,Net fouls (opp. - own)
166,0.5655761559174441,737,Lille,fra.1,net_fouls,Pre-match controls,42,144,71.52777777777779,NA,All other clubs,Net fouls (opp. - own)
167,-0.5331367094118864,735,Lyon,fra.1,net_fouls,Pre-match controls,96,144,34.02777777777778,NA,All other clubs,Net fouls (opp. - own)
169,-0.35924643892646024,737,Stade Rennais,fra.1,net_fouls,Pre-match controls,87,144,40.27777777777778,NA,All other clubs,Net fouls (opp. - own)
170,0.7575044681602938,227,Troyes,fra.1,net_fouls,Pre-match controls,25,144,83.33333333333334,NA,All other clubs,Net fouls (opp. - own)
171,1.3838560792380552,228,Guingamp,fra.1,net_fouls,Pre-match controls,10,144,93.75,NA,All other clubs,Net fouls (opp. - own)
172,-0.3576556396065269,333,AJ Auxerre,fra.1,net_fouls,Pre-match controls,86,144,40.97222222222222,NA,All other clubs,Net fouls (opp. - own)
173,0.7240884584525844,189,Bastia,fra.1,net_fouls,Pre-match controls,30,144,79.86111111111111,NA,All other clubs,Net fouls (opp. - own)
174,-0.669491867037358,661,AS Monaco,fra.1,net_fouls,Pre-match controls,104,144,28.47222222222222,NA,All other clubs,Net fouls (opp. - own)
175,-0.43780493196241976,405,Lens,fra.1,net_fouls,Pre-match controls,89,144,38.888888888888886,NA,All other clubs,Net fouls (opp. - own)
176,-0.16457013865878278,736,Marseille,fra.1,net_fouls,Pre-match controls,76,144,47.916666666666664,NA,All other clubs,Net fouls (opp. - own)
177,-0.7345123130299807,324,Metz,fra.1,net_fouls,Pre-match controls,108,144,25.694444444444443,NA,All other clubs,Net fouls (opp. - own)
178,-0.5735530944856753,631,Saint-Étienne,fra.1,net_fouls,Pre-match controls,98,144,32.638888888888886,NA,All other clubs,Net fouls (opp. - own)
179,-1.739117595294061,660,Toulouse,fra.1,net_fouls,Pre-match controls,139,144,4.1666666666666625,NA,All other clubs,Net fouls (opp. - own)
180,-0.9042752868522288,357,Strasbourg,fra.1,net_fouls,Pre-match controls,116,144,20.138888888888886,NA,All other clubs,Net fouls (opp. - own)
238,-1.2664192566702737,492,Chievo Verona,ita.1,net_fouls,Pre-match controls,127,144,12.5,NA,All other clubs,Net fouls (opp. - own)
239,-1.3053287900767891,644,Torino,ita.1,net_fouls,Pre-match controls,129,144,11.111111111111116,NA,All other clubs,Net fouls (opp. - own)
243,-0.3065777981031804,797,Sevilla,esp.1,net_fouls,Pre-match controls,82,144,43.75,NA,All other clubs,Net fouls (opp. - own)
244,0.7397060269687866,682,Real Betis,esp.1,net_fouls,Pre-match controls,26,144,82.63888888888889,NA,All other clubs,Net fouls (opp. - own)
268,0.7634071222660581,680,Borussia Mönchengladbach,ger.1,net_fouls,Pre-match controls,23,144,84.72222222222221,NA,All other clubs,Net fouls (opp. - own)
269,0.5905293930706033,306,1. FC Nürnberg,ger.1,net_fouls,Pre-match controls,40,144,72.91666666666667,NA,All other clubs,Net fouls (opp. - own)
272,0.263400259074108,303,Sochaux,fra.1,net_fouls,Pre-match controls,55,144,62.5,NA,All other clubs,Net fouls (opp. - own)
273,2.1648100902873657,599,Lorient,fra.1,net_fouls,Pre-match controls,4,144,97.91666666666666,NA,All other clubs,Net fouls (opp. - own)
274,1.1659009858890208,590,Montpellier,fra.1,net_fouls,Pre-match controls,14,144,90.97222222222221,NA,All other clubs,Net fouls (opp. - own)
306,0.09511795318548666,190,Hull City,eng.1,net_fouls,Pre-match controls,61,144,58.33333333333333,NA,All other clubs,Net fouls (opp. - own)
318,1.7836876946451024,266,Swansea City,eng.1,net_fouls,Pre-match controls,6,144,96.52777777777779,NA,All other clubs,Net fouls (opp. - own)
331,-1.0233703280227382,342,Brighton & Hove Albion,eng.1,net_fouls,Pre-match controls,123,144,15.277777777777779,NA,All other clubs,Net fouls (opp. - own)
336,-0.961781437031213,380,Stoke City,eng.1,net_fouls,Pre-match controls,119,144,18.055555555555557,NA,All other clubs,Net fouls (opp. - own)
337,0.8437993849767,190,Brentford,eng.1,net_fouls,Pre-match controls,20,144,86.80555555555556,NA,All other clubs,Net fouls (opp. - own)
349,0.7112840500128137,342,AFC Bournemouth,eng.1,net_fouls,Pre-match controls,31,144,79.16666666666666,NA,All other clubs,Net fouls (opp. - own)
350,0.017334838315193668,304,Wigan Athletic,eng.1,net_fouls,Pre-match controls,65,144,55.55555555555556,NA,All other clubs,Net fouls (opp. - own)
357,-0.319706527767472,152,Leeds United,eng.1,net_fouls,Pre-match controls,83,144,43.05555555555556,NA,All other clubs,Net fouls (opp. - own)
358,-1.112477382289358,266,Bolton Wanderers,eng.1,net_fouls,Pre-match controls,125,144,13.888888888888884,NA,All other clubs,Net fouls (opp. - own)
359,0.5744188604330442,798,Arsenal,eng.1,net_fouls,Pre-match controls,41,144,72.22222222222221,Arsenal,Other elite clubs,Net fouls (opp. - own)
360,-0.5192325291442781,798,Manchester United,eng.1,net_fouls,Pre-match controls,95,144,34.72222222222222,Manchester United,Other elite clubs,Net fouls (opp. - own)
361,0.6122443474631845,722,Newcastle United,eng.1,net_fouls,Pre-match controls,37,144,75,NA,All other clubs,Net fouls (opp. - own)
362,0.5927333210274504,684,Aston Villa,eng.1,net_fouls,Pre-match controls,39,144,73.61111111111111,NA,All other clubs,Net fouls (opp. - own)
363,0.35744035306319155,798,Chelsea,eng.1,net_fouls,Pre-match controls,51,144,65.27777777777779,Chelsea,Other elite clubs,Net fouls (opp. - own)
364,-0.7203267708221164,798,Liverpool,eng.1,net_fouls,Pre-match controls,106,144,27.083333333333336,Liverpool,Other elite clubs,Net fouls (opp. - own)
365,-1.4162030806800785,266,Blackburn Rovers,eng.1,net_fouls,Pre-match controls,131,144,9.722222222222221,NA,All other clubs,Net fouls (opp. - own)
366,0.16116353515741788,456,Sunderland,eng.1,net_fouls,Pre-match controls,57,144,61.111111111111114,NA,All other clubs,Net fouls (opp. - own)
367,0.4409765569755326,798,Tottenham Hotspur,eng.1,net_fouls,Pre-match controls,46,144,68.75,NA,All other clubs,Net fouls (opp. - own)
368,0.35239016986184124,798,Everton,eng.1,net_fouls,Pre-match controls,52,144,64.58333333333333,NA,All other clubs,Net fouls (opp. - own)
369,-0.8649353132441591,190,Middlesbrough,eng.1,net_fouls,Pre-match controls,114,144,21.52777777777778,NA,All other clubs,Net fouls (opp. - own)
370,0.08244767553974519,570,Fulham,eng.1,net_fouls,Pre-match controls,62,144,57.638888888888886,NA,All other clubs,Net fouls (opp. - own)
371,0.11217852843712572,760,West Ham United,eng.1,net_fouls,Pre-match controls,59,144,59.72222222222222,NA,All other clubs,Net fouls (opp. - own)
375,-0.010537990107697848,380,Leicester City,eng.1,net_fouls,Pre-match controls,66,144,54.861111111111114,NA,All other clubs,Net fouls (opp. - own)
376,-0.5132975994864055,456,Southampton,eng.1,net_fouls,Pre-match controls,94,144,35.416666666666664,NA,All other clubs,Net fouls (opp. - own)
379,0.6770908019910062,380,Burnley,eng.1,net_fouls,Pre-match controls,32,144,78.47222222222221,NA,All other clubs,Net fouls (opp. - own)
380,-0.5646084741538442,418,Wolverhampton Wanderers,eng.1,net_fouls,Pre-match controls,97,144,33.333333333333336,NA,All other clubs,Net fouls (opp. - own)
381,0.5949150009874089,228,Norwich City,eng.1,net_fouls,Pre-match controls,38,144,74.30555555555556,NA,All other clubs,Net fouls (opp. - own)
382,-0.772882927574007,798,Manchester City,eng.1,net_fouls,Pre-match controls,110,144,24.305555555555557,Manchester City,Other elite clubs,Net fouls (opp. - own)
383,0.113267177953146,418,West Bromwich Albion,eng.1,net_fouls,Pre-match controls,58,144,60.41666666666667,NA,All other clubs,Net fouls (opp. - own)
384,0.6197763078654996,494,Crystal Palace,eng.1,net_fouls,Pre-match controls,35,144,76.38888888888889,NA,All other clubs,Net fouls (opp. - own)
385,-1.5674744536573546,190,Portsmouth,eng.1,net_fouls,Pre-match controls,136,144,6.25,NA,All other clubs,Net fouls (opp. - own)
392,0.7369454462161367,152,Birmingham City,eng.1,net_fouls,Pre-match controls,27,144,81.94444444444444,NA,All other clubs,Net fouls (opp. - own)
393,0.410127053612249,152,Nottingham Forest,eng.1,net_fouls,Pre-match controls,47,144,68.05555555555556,NA,All other clubs,Net fouls (opp. - own)
395,-1.5794442201441996,266,Watford,eng.1,net_fouls,Pre-match controls,138,144,4.861111111111116,NA,All other clubs,Net fouls (opp. - own)
398,-1.4726177542636802,152,Sheffield United,eng.1,net_fouls,Pre-match controls,133,144,8.333333333333337,NA,All other clubs,Net fouls (opp. - own)
598,-2.079409085596951,238,1. FC Union Berlin,ger.1,net_fouls,Pre-match controls,142,144,2.083333333333337,NA,All other clubs,Net fouls (opp. - own)
1068,-0.8838633042466584,798,Atlético Madrid,esp.1,net_fouls,Pre-match controls,115,144,20.833333333333336,Atletico Madrid,Other elite clubs,Net fouls (opp. - own)
1538,-0.7229534460772443,532,Levante,esp.1,net_fouls,Pre-match controls,107,144,26.388888888888886,NA,All other clubs,Net fouls (opp. - own)
2428,-0.9185616369822012,442,Hannover 96,ger.1,net_fouls,Pre-match controls,117,144,19.444444444444443,NA,All other clubs,Net fouls (opp. - own)
2502,1.2933025232146118,737,Nice,fra.1,net_fouls,Pre-match controls,12,144,92.36111111111111,NA,All other clubs,Net fouls (opp. - own)
2503,0.05587953020416793,152,AC Ajaccio,fra.1,net_fouls,Pre-match controls,63,144,56.94444444444444,NA,All other clubs,Net fouls (opp. - own)
2506,2.1017865206866357,204,Arminia Bielefeld,ger.1,net_fouls,Pre-match controls,5,144,97.22222222222221,NA,All other clubs,Net fouls (opp. - own)
2574,1.2822288390807337,417,Empoli,ita.1,net_fouls,Pre-match controls,13,144,91.66666666666666,NA,All other clubs,Net fouls (opp. - own)
2697,-2.2260502311034913,151,Le Mans,fra.1,net_fouls,Pre-match controls,143,144,1.388888888888884,NA,All other clubs,Net fouls (opp. - own)
2734,1.4721419430819394,645,Sampdoria,ita.1,net_fouls,Pre-match controls,8,144,95.13888888888889,NA,All other clubs,Net fouls (opp. - own)
2735,-1.554176656617603,265,Siena,ita.1,net_fouls,Pre-match controls,135,144,6.944444444444442,NA,All other clubs,Net fouls (opp. - own)
2922,-0.6408840502119454,760,Getafe,esp.1,net_fouls,Pre-match controls,102,144,29.861111111111114,NA,All other clubs,Net fouls (opp. - own)
2923,-0.35208210759733527,417,Palermo,ita.1,net_fouls,Pre-match controls,85,144,41.666666666666664,NA,All other clubs,Net fouls (opp. - own)
2925,0.617195277903563,720,Cagliari,ita.1,net_fouls,Pre-match controls,36,144,75.69444444444444,NA,All other clubs,Net fouls (opp. - own)
2926,0.8828979300367532,188,Livorno,ita.1,net_fouls,Pre-match controls,18,144,88.19444444444444,NA,All other clubs,Net fouls (opp. - own)
2927,-0.5952433301713689,341,Caen,fra.1,net_fouls,Pre-match controls,99,144,31.944444444444443,NA,All other clubs,Net fouls (opp. - own)
2950,-0.7750608118928501,646,Mainz,ger.1,net_fouls,Pre-match controls,111,144,23.611111111111114,NA,All other clubs,Net fouls (opp. - own)
3170,-0.14126439736562757,218,Dijon FCO,fra.1,net_fouls,Pre-match controls,75,144,48.611111111111114,NA,All other clubs,Net fouls (opp. - own)
3243,-0.481487162135364,400,Stade de Reims,fra.1,net_fouls,Pre-match controls,92,144,36.80555555555556,NA,All other clubs,Net fouls (opp. - own)
3258,-0.01186510128440954,304,Catania,ita.1,net_fouls,Pre-match controls,68,144,53.47222222222222,NA,All other clubs,Net fouls (opp. - own)
3263,-0.613897200575261,684,Genoa,ita.1,net_fouls,Pre-match controls,100,144,31.25,NA,All other clubs,Net fouls (opp. - own)
3267,0.21122939008084263,302,AS Nancy Lorraine,fra.1,net_fouls,Pre-match controls,56,144,61.80555555555556,NA,All other clubs,Net fouls (opp. - own)
3747,-0.1171233432437645,380,Granada,esp.1,net_fouls,Pre-match controls,71,144,51.388888888888886,NA,All other clubs,Net fouls (opp. - own)
3751,-0.011704745929017935,227,Elche,esp.1,net_fouls,Pre-match controls,67,144,54.16666666666667,NA,All other clubs,Net fouls (opp. - own)
3752,-2.0138388536360057,266,Eibar,esp.1,net_fouls,Pre-match controls,141,144,2.777777777777779,NA,All other clubs,Net fouls (opp. - own)
3788,-1.838364314976943,228,Sporting Gijón,esp.1,net_fouls,Pre-match controls,140,144,3.472222222222221,NA,All other clubs,Net fouls (opp. - own)
3841,-0.2692962112768682,510,FC Augsburg,ger.1,net_fouls,Pre-match controls,81,144,44.44444444444444,NA,All other clubs,Net fouls (opp. - own)
3842,1.0500983344116461,190,Cádiz,esp.1,net_fouls,Pre-match controls,15,144,90.27777777777779,NA,All other clubs,Net fouls (opp. - own)
3997,1.6619541084739398,456,Sassuolo,ita.1,net_fouls,Pre-match controls,7,144,95.83333333333334,NA,All other clubs,Net fouls (opp. - own)
6732,-1.4725693521434504,303,Valenciennes,fra.1,net_fouls,Pre-match controls,132,144,9.027777777777779,NA,All other clubs,Net fouls (opp. - own)
6832,-0.6669501763406759,303,Almería,esp.1,net_fouls,Pre-match controls,103,144,29.166666666666664,NA,All other clubs,Net fouls (opp. - own)
6997,-0.46114893129512957,358,Brest,fra.1,net_fouls,Pre-match controls,90,144,38.19444444444444,NA,All other clubs,Net fouls (opp. - own)
7868,0.31285651250348034,362,Angers,fra.1,net_fouls,Pre-match controls,54,144,63.19444444444444,NA,All other clubs,Net fouls (opp. - own)
7911,-0.7376899832138704,612,TSG Hoffenheim,ger.1,net_fouls,Pre-match controls,109,144,25,NA,All other clubs,Net fouls (opp. - own)
9812,1.3890254880145831,228,Girona,esp.1,net_fouls,Pre-match controls,9,144,94.44444444444444,NA,All other clubs,Net fouls (opp. - own)
11058,-1.2399734389081967,152,Evian Thonon Gaillard,fra.1,net_fouls,Pre-match controls,126,144,13.194444444444443,NA,All other clubs,Net fouls (opp. - own)
11420,-0.19967185865337367,340,RB Leipzig,ger.1,net_fouls,Pre-match controls,78,144,46.52777777777778,NA,All other clubs,Net fouls (opp. - own)
17534,-1.3976169728604528,190,Leganés,esp.1,net_fouls,Pre-match controls,130,144,10.416666666666663,NA,All other clubs,Net fouls (opp. - own)
83,2.0583195866924084,778,Barcelona,esp.1,net_fouls,Adding possession and shots,4,138,97.82608695652173,Barcelona,Barcelona,Net fouls (opp. - own)
84,-0.7502100190658216,525,Mallorca,esp.1,net_fouls,Adding possession and shots,106,138,23.913043478260864,NA,All other clubs,Net fouls (opp. - own)
85,0.49956619835899363,602,Celta Vigo,esp.1,net_fouls,Adding possession and shots,41,138,71.01449275362319,NA,All other clubs,Net fouls (opp. - own)
86,1.184147977551301,790,Real Madrid,esp.1,net_fouls,Adding possession and shots,12,138,92.02898550724638,Real Madrid,Real Madrid,Net fouls (opp. - own)
87,-2.0008357054272574,264,Racing Santander,esp.1,net_fouls,Adding possession and shots,137,138,1.449275362318836,NA,All other clubs,Net fouls (opp. - own)
88,-0.12513817535057029,714,Espanyol,esp.1,net_fouls,Adding possession and shots,66,138,52.89855072463768,NA,All other clubs,Net fouls (opp. - own)
89,0.5363864912865604,679,Real Sociedad,esp.1,net_fouls,Adding possession and shots,39,138,72.46376811594203,NA,All other clubs,Net fouls (opp. - own)
90,1.0293369082177863,416,Deportivo,esp.1,net_fouls,Adding possession and shots,15,138,89.85507246376811,NA,All other clubs,Net fouls (opp. - own)
91,-0.9955941244540584,263,Real Zaragoza,esp.1,net_fouls,Adding possession and shots,117,138,15.94202898550725,NA,All other clubs,Net fouls (opp. - own)
93,-0.3986324136035728,790,Athletic Club,esp.1,net_fouls,Adding possession and shots,81,138,42.028985507246375,NA,All other clubs,Net fouls (opp. - own)
94,0.15571162228928462,789,Valencia,esp.1,net_fouls,Adding possession and shots,56,138,60.14492753623188,NA,All other clubs,Net fouls (opp. - own)
95,0.43397083394279706,378,Real Valladolid,esp.1,net_fouls,Adding possession and shots,44,138,68.84057971014492,NA,All other clubs,Net fouls (opp. - own)
96,-0.15617580609869536,378,Alavés,esp.1,net_fouls,Adding possession and shots,68,138,51.44927536231884,NA,All other clubs,Net fouls (opp. - own)
97,-1.4853326512561238,640,Osasuna,esp.1,net_fouls,Adding possession and shots,131,138,5.797101449275366,NA,All other clubs,Net fouls (opp. - own)
98,3.340126990396294,189,Las Palmas,esp.1,net_fouls,Adding possession and shots,1,138,100,NA,All other clubs,Net fouls (opp. - own)
99,-0.07339297735845823,417,Málaga,esp.1,net_fouls,Adding possession and shots,64,138,54.347826086956516,NA,All other clubs,Net fouls (opp. - own)
101,-1.0017945118537166,415,Rayo Vallecano,esp.1,net_fouls,Adding possession and shots,118,138,15.217391304347828,NA,All other clubs,Net fouls (opp. - own)
102,0.6876444157975903,753,Villarreal,esp.1,net_fouls,Adding possession and shots,28,138,80.43478260869566,NA,All other clubs,Net fouls (opp. - own)
103,-0.16191001718033043,713,AC Milan,ita.1,net_fouls,Adding possession and shots,69,138,50.72463768115942,AC Milan,Other elite clubs,Net fouls (opp. - own)
104,0.3109989749279609,713,AS Roma,ita.1,net_fouls,Adding possession and shots,51,138,63.76811594202898,NA,All other clubs,Net fouls (opp. - own)
105,-0.23652317111872842,677,Atalanta,ita.1,net_fouls,Adding possession and shots,72,138,48.550724637681164,NA,All other clubs,Net fouls (opp. - own)
107,0.6795377868670769,639,Bologna,ita.1,net_fouls,Adding possession and shots,30,138,78.98550724637681,NA,All other clubs,Net fouls (opp. - own)
109,0.2620861278635826,714,Fiorentina,ita.1,net_fouls,Adding possession and shots,53,138,62.31884057971014,NA,All other clubs,Net fouls (opp. - own)
110,-0.8804680867803296,714,Internazionale,ita.1,net_fouls,Adding possession and shots,112,138,19.565217391304344,Internazionale,Other elite clubs,Net fouls (opp. - own)
111,-0.7976437654474503,710,Juventus,ita.1,net_fouls,Adding possession and shots,110,138,21.014492753623195,Juventus,Other elite clubs,Net fouls (opp. - own)
112,-0.42119425229622365,718,Lazio,ita.1,net_fouls,Adding possession and shots,84,138,39.85507246376812,NA,All other clubs,Net fouls (opp. - own)
113,-0.7233949342439845,239,Lecce,ita.1,net_fouls,Adding possession and shots,103,138,26.086956521739136,NA,All other clubs,Net fouls (opp. - own)
114,0.6924167136101944,714,Napoli,ita.1,net_fouls,Adding possession and shots,25,138,82.6086956521739,NA,All other clubs,Net fouls (opp. - own)
115,-0.6700834262633704,453,Parma,ita.1,net_fouls,Adding possession and shots,99,138,28.985507246376805,NA,All other clubs,Net fouls (opp. - own)
118,0.06633884712690047,714,Udinese,ita.1,net_fouls,Adding possession and shots,60,138,57.2463768115942,NA,All other clubs,Net fouls (opp. - own)
119,-1.3597445477081314,410,Hellas Verona,ita.1,net_fouls,Adding possession and shots,129,138,7.246376811594201,NA,All other clubs,Net fouls (opp. - own)
121,-1.2349149952374572,253,VfL Bochum,ger.1,net_fouls,Adding possession and shots,125,138,10.144927536231885,NA,All other clubs,Net fouls (opp. - own)
122,0.6089109643102466,469,FC Cologne,ger.1,net_fouls,Adding possession and shots,35,138,75.36231884057972,NA,All other clubs,Net fouls (opp. - own)
124,0.2342330921708371,659,Borussia Dortmund,ger.1,net_fouls,Adding possession and shots,54,138,61.59420289855073,Borussia Dortmund,Other elite clubs,Net fouls (opp. - own)
125,-0.2873087384287466,629,Eintracht Frankfurt,ger.1,net_fouls,Adding possession and shots,77,138,44.927536231884055,NA,All other clubs,Net fouls (opp. - own)
126,0.7470339698443151,535,SC Freiburg,ger.1,net_fouls,Adding possession and shots,23,138,84.05797101449275,NA,All other clubs,Net fouls (opp. - own)
127,-0.7345170646315461,429,Hamburg SV,ger.1,net_fouls,Adding possession and shots,104,138,25.36231884057971,NA,All other clubs,Net fouls (opp. - own)
129,0.40232395548179883,496,Hertha Berlin,ger.1,net_fouls,Adding possession and shots,47,138,66.66666666666667,NA,All other clubs,Net fouls (opp. - own)
131,-0.3575363091315699,655,Bayer Leverkusen,ger.1,net_fouls,Adding possession and shots,79,138,43.47826086956522,NA,All other clubs,Net fouls (opp. - own)
132,0.4025287758965442,654,Bayern Munich,ger.1,net_fouls,Adding possession and shots,46,138,67.3913043478261,Bayern Munich,Other elite clubs,Net fouls (opp. - own)
133,-0.6117084139985817,524,Schalke 04,ger.1,net_fouls,Adding possession and shots,93,138,33.333333333333336,NA,All other clubs,Net fouls (opp. - own)
134,0.8116897968083785,590,VfB Stuttgart,ger.1,net_fouls,Adding possession and shots,21,138,85.5072463768116,NA,All other clubs,Net fouls (opp. - own)
137,0.5584355971065481,627,Werder Bremen,ger.1,net_fouls,Adding possession and shots,38,138,73.18840579710144,NA,All other clubs,Net fouls (opp. - own)
138,-0.7191688495844776,659,VfL Wolfsburg,ger.1,net_fouls,Adding possession and shots,102,138,26.811594202898547,NA,All other clubs,Net fouls (opp. - own)
159,0.855966378420734,555,Bordeaux,fra.1,net_fouls,Adding possession and shots,18,138,87.68115942028986,NA,All other clubs,Net fouls (opp. - own)
160,-0.12678552629736395,695,Paris Saint-Germain,fra.1,net_fouls,Adding possession and shots,67,138,52.17391304347826,Paris Saint-Germain,Other elite clubs,Net fouls (opp. - own)
165,-0.980168455541312,513,Nantes,fra.1,net_fouls,Adding possession and shots,116,138,16.666666666666664,NA,All other clubs,Net fouls (opp. - own)
166,0.623020737552745,697,Lille,fra.1,net_fouls,Adding possession and shots,34,138,76.08695652173914,NA,All other clubs,Net fouls (opp. - own)
167,-0.7938927574391728,691,Lyon,fra.1,net_fouls,Adding possession and shots,109,138,21.739130434782606,NA,All other clubs,Net fouls (opp. - own)
169,-0.43373512906841366,696,Stade Rennais,fra.1,net_fouls,Adding possession and shots,85,138,39.13043478260869,NA,All other clubs,Net fouls (opp. - own)
170,0.6935364319931994,185,Troyes,fra.1,net_fouls,Adding possession and shots,24,138,83.33333333333334,NA,All other clubs,Net fouls (opp. - own)
171,1.678115041472641,227,Guingamp,fra.1,net_fouls,Adding possession and shots,6,138,96.37681159420289,NA,All other clubs,Net fouls (opp. - own)
172,-0.18873127739800744,296,AJ Auxerre,fra.1,net_fouls,Adding possession and shots,70,138,50,NA,All other clubs,Net fouls (opp. - own)
173,0.9501381157193246,187,Bastia,fra.1,net_fouls,Adding possession and shots,17,138,88.40579710144928,NA,All other clubs,Net fouls (opp. - own)
174,-0.5566931449613358,623,AS Monaco,fra.1,net_fouls,Adding possession and shots,90,138,35.507246376811594,NA,All other clubs,Net fouls (opp. - own)
175,-0.6806707806232444,369,Lens,fra.1,net_fouls,Adding possession and shots,100,138,28.260869565217394,NA,All other clubs,Net fouls (opp. - own)
176,-0.405544684551576,695,Marseille,fra.1,net_fouls,Adding possession and shots,82,138,41.30434782608695,NA,All other clubs,Net fouls (opp. - own)
177,-0.5719661006307026,322,Metz,fra.1,net_fouls,Adding possession and shots,91,138,34.78260869565217,NA,All other clubs,Net fouls (opp. - own)
178,-0.6970233261706387,589,Saint-Étienne,fra.1,net_fouls,Adding possession and shots,101,138,27.536231884057973,NA,All other clubs,Net fouls (opp. - own)
179,-1.6116995923761812,625,Toulouse,fra.1,net_fouls,Adding possession and shots,135,138,2.898550724637683,NA,All other clubs,Net fouls (opp. - own)
180,-0.8883190900470227,347,Strasbourg,fra.1,net_fouls,Adding possession and shots,113,138,18.840579710144922,NA,All other clubs,Net fouls (opp. - own)
238,-1.286792690599392,419,Chievo Verona,ita.1,net_fouls,Adding possession and shots,127,138,8.695652173913048,NA,All other clubs,Net fouls (opp. - own)
239,-1.3222319484992642,603,Torino,ita.1,net_fouls,Adding possession and shots,128,138,7.971014492753625,NA,All other clubs,Net fouls (opp. - own)
243,-0.41798702947485566,790,Sevilla,esp.1,net_fouls,Adding possession and shots,83,138,40.57971014492754,NA,All other clubs,Net fouls (opp. - own)
244,0.6336063293137918,676,Real Betis,esp.1,net_fouls,Adding possession and shots,33,138,76.81159420289855,NA,All other clubs,Net fouls (opp. - own)
268,0.6740497274461899,623,Borussia Mönchengladbach,ger.1,net_fouls,Adding possession and shots,32,138,77.53623188405797,NA,All other clubs,Net fouls (opp. - own)
269,0.6892672485314482,257,1. FC Nürnberg,ger.1,net_fouls,Adding possession and shots,26,138,81.88405797101449,NA,All other clubs,Net fouls (opp. - own)
272,0.3575227152621395,262,Sochaux,fra.1,net_fouls,Adding possession and shots,48,138,65.94202898550725,NA,All other clubs,Net fouls (opp. - own)
273,2.1566317428380315,588,Lorient,fra.1,net_fouls,Adding possession and shots,3,138,98.55072463768117,NA,All other clubs,Net fouls (opp. - own)
274,1.2250911960607702,575,Montpellier,fra.1,net_fouls,Adding possession and shots,11,138,92.7536231884058,NA,All other clubs,Net fouls (opp. - own)
306,0.09537455988562325,150,Hull City,eng.1,net_fouls,Adding possession and shots,59,138,57.971014492753625,NA,All other clubs,Net fouls (opp. - own)
318,1.6604611646509122,223,Swansea City,eng.1,net_fouls,Adding possession and shots,7,138,95.65217391304348,NA,All other clubs,Net fouls (opp. - own)
331,-1.228324103087003,334,Brighton & Hove Albion,eng.1,net_fouls,Adding possession and shots,123,138,11.594202898550721,NA,All other clubs,Net fouls (opp. - own)
336,-0.7789502172481318,321,Stoke City,eng.1,net_fouls,Adding possession and shots,108,138,22.463768115942027,NA,All other clubs,Net fouls (opp. - own)
337,0.9990621369218723,174,Brentford,eng.1,net_fouls,Adding possession and shots,16,138,89.13043478260869,NA,All other clubs,Net fouls (opp. - own)
349,0.46429574991449785,297,AFC Bournemouth,eng.1,net_fouls,Adding possession and shots,42,138,70.28985507246377,NA,All other clubs,Net fouls (opp. - own)
350,-0.19123433589701286,283,Wigan Athletic,eng.1,net_fouls,Adding possession and shots,71,138,49.27536231884058,NA,All other clubs,Net fouls (opp. - own)
358,-0.829783182116267,242,Bolton Wanderers,eng.1,net_fouls,Adding possession and shots,111,138,20.28985507246377,NA,All other clubs,Net fouls (opp. - own)
359,0.4308284168732642,652,Arsenal,eng.1,net_fouls,Adding possession and shots,45,138,68.11594202898551,Arsenal,Other elite clubs,Net fouls (opp. - own)
360,-0.4827888432811874,714,Manchester United,eng.1,net_fouls,Adding possession and shots,87,138,37.68115942028986,Manchester United,Other elite clubs,Net fouls (opp. - own)
361,0.6804033349713502,686,Newcastle United,eng.1,net_fouls,Adding possession and shots,29,138,79.71014492753623,NA,All other clubs,Net fouls (opp. - own)
362,0.67893342939901,646,Aston Villa,eng.1,net_fouls,Adding possession and shots,31,138,78.26086956521739,NA,All other clubs,Net fouls (opp. - own)
363,0.09924950452247322,722,Chelsea,eng.1,net_fouls,Adding possession and shots,58,138,58.69565217391304,Chelsea,Other elite clubs,Net fouls (opp. - own)
364,-0.9241076667581042,715,Liverpool,eng.1,net_fouls,Adding possession and shots,114,138,18.11594202898551,Liverpool,Other elite clubs,Net fouls (opp. - own)
365,-1.2722531743161165,245,Blackburn Rovers,eng.1,net_fouls,Adding possession and shots,126,138,9.420289855072461,NA,All other clubs,Net fouls (opp. - own)
366,0.338922163640327,398,Sunderland,eng.1,net_fouls,Adding possession and shots,50,138,64.4927536231884,NA,All other clubs,Net fouls (opp. - own)
367,0.35583513490408974,728,Tottenham Hotspur,eng.1,net_fouls,Adding possession and shots,49,138,65.21739130434783,NA,All other clubs,Net fouls (opp. - own)
368,0.5839411143144834,725,Everton,eng.1,net_fouls,Adding possession and shots,36,138,74.63768115942028,NA,All other clubs,Net fouls (opp. - own)
369,-0.6397967252060857,153,Middlesbrough,eng.1,net_fouls,Adding possession and shots,95,138,31.88405797101449,NA,All other clubs,Net fouls (opp. - own)
370,-0.06244854793287878,531,Fulham,eng.1,net_fouls,Adding possession and shots,63,138,55.072463768115945,NA,All other clubs,Net fouls (opp. - own)
371,0.17226416375477277,698,West Ham United,eng.1,net_fouls,Adding possession and shots,55,138,60.86956521739131,NA,All other clubs,Net fouls (opp. - own)
375,0.15392894431268006,328,Leicester City,eng.1,net_fouls,Adding possession and shots,57,138,59.42028985507246,NA,All other clubs,Net fouls (opp. - own)
376,-0.6689458169434374,402,Southampton,eng.1,net_fouls,Adding possession and shots,98,138,29.71014492753623,NA,All other clubs,Net fouls (opp. - own)
379,0.8238237140679016,339,Burnley,eng.1,net_fouls,Adding possession and shots,19,138,86.95652173913044,NA,All other clubs,Net fouls (opp. - own)
380,-0.7453352206265796,377,Wolverhampton Wanderers,eng.1,net_fouls,Adding possession and shots,105,138,24.63768115942029,NA,All other clubs,Net fouls (opp. - own)
381,0.6890815848251257,214,Norwich City,eng.1,net_fouls,Adding possession and shots,27,138,81.15942028985508,NA,All other clubs,Net fouls (opp. - own)
382,-1.039976811695061,724,Manchester City,eng.1,net_fouls,Adding possession and shots,119,138,14.492753623188403,Manchester City,Other elite clubs,Net fouls (opp. - own)
383,0.5717207511465089,355,West Bromwich Albion,eng.1,net_fouls,Adding possession and shots,37,138,73.91304347826086,NA,All other clubs,Net fouls (opp. - own)
384,0.8202718943494909,442,Crystal Palace,eng.1,net_fouls,Adding possession and shots,20,138,86.23188405797102,NA,All other clubs,Net fouls (opp. - own)
385,-1.559981127657365,188,Portsmouth,eng.1,net_fouls,Adding possession and shots,134,138,3.6231884057971064,NA,All other clubs,Net fouls (opp. - own)
392,0.7805325216127862,152,Birmingham City,eng.1,net_fouls,Adding possession and shots,22,138,84.78260869565217,NA,All other clubs,Net fouls (opp. - own)
395,-1.518539022411579,225,Watford,eng.1,net_fouls,Adding possession and shots,133,138,4.347826086956519,NA,All other clubs,Net fouls (opp. - own)
398,-1.2318128782896094,150,Sheffield United,eng.1,net_fouls,Adding possession and shots,124,138,10.869565217391308,NA,All other clubs,Net fouls (opp. - own)
598,-1.644298789507604,235,1. FC Union Berlin,ger.1,net_fouls,Adding possession and shots,136,138,2.1739130434782594,NA,All other clubs,Net fouls (opp. - own)
1068,-0.5972045131970678,794,Atlético Madrid,esp.1,net_fouls,Adding possession and shots,92,138,34.05797101449275,Atletico Madrid,Other elite clubs,Net fouls (opp. - own)
1538,-0.4887001474766316,529,Levante,esp.1,net_fouls,Adding possession and shots,89,138,36.23188405797102,NA,All other clubs,Net fouls (opp. - own)
2428,-0.9570146079288109,392,Hannover 96,ger.1,net_fouls,Adding possession and shots,115,138,17.391304347826086,NA,All other clubs,Net fouls (opp. - own)
2502,1.066098191317063,697,Nice,fra.1,net_fouls,Adding possession and shots,14,138,90.57971014492753,NA,All other clubs,Net fouls (opp. - own)
2506,2.4259734214802813,152,Arminia Bielefeld,ger.1,net_fouls,Adding possession and shots,2,138,99.27536231884058,NA,All other clubs,Net fouls (opp. - own)
2574,1.2854361668822956,341,Empoli,ita.1,net_fouls,Adding possession and shots,10,138,93.47826086956522,NA,All other clubs,Net fouls (opp. - own)
2734,1.7501358919516523,565,Sampdoria,ita.1,net_fouls,Adding possession and shots,5,138,97.10144927536231,NA,All other clubs,Net fouls (opp. - own)
2735,-1.173737703027926,187,Siena,ita.1,net_fouls,Adding possession and shots,121,138,13.043478260869568,NA,All other clubs,Net fouls (opp. - own)
2922,-0.4840540262566651,752,Getafe,esp.1,net_fouls,Adding possession and shots,88,138,36.95652173913043,NA,All other clubs,Net fouls (opp. - own)
2923,-0.2618910801733026,341,Palermo,ita.1,net_fouls,Adding possession and shots,74,138,47.10144927536232,NA,All other clubs,Net fouls (opp. - own)
2925,0.30439064717896774,639,Cagliari,ita.1,net_fouls,Adding possession and shots,52,138,63.04347826086957,NA,All other clubs,Net fouls (opp. - own)
2927,-0.3797458801694251,336,Caen,fra.1,net_fouls,Adding possession and shots,80,138,42.7536231884058,NA,All other clubs,Net fouls (opp. - own)
2950,-0.6522368777568665,568,Mainz,ger.1,net_fouls,Adding possession and shots,96,138,31.159420289855078,NA,All other clubs,Net fouls (opp. - own)
3170,-0.10890113563799074,213,Dijon FCO,fra.1,net_fouls,Adding possession and shots,65,138,53.623188405797094,NA,All other clubs,Net fouls (opp. - own)
3243,-0.3539381609687289,396,Stade de Reims,fra.1,net_fouls,Adding possession and shots,78,138,44.20289855072463,NA,All other clubs,Net fouls (opp. - own)
3258,-0.27663231140874167,265,Catania,ita.1,net_fouls,Adding possession and shots,76,138,45.652173913043484,NA,All other clubs,Net fouls (opp. - own)
3263,-0.6182262241307064,677,Genoa,ita.1,net_fouls,Adding possession and shots,94,138,32.608695652173914,NA,All other clubs,Net fouls (opp. - own)
3267,0.44080728795630203,263,AS Nancy Lorraine,fra.1,net_fouls,Adding possession and shots,43,138,69.56521739130434,NA,All other clubs,Net fouls (opp. - own)
3747,-0.04032025880751316,368,Granada,esp.1,net_fouls,Adding possession and shots,62,138,55.79710144927537,NA,All other clubs,Net fouls (opp. - own)
3751,-0.248987331570598,225,Elche,esp.1,net_fouls,Adding possession and shots,73,138,47.82608695652174,NA,All other clubs,Net fouls (opp. - own)
3752,-2.0691894122435732,264,Eibar,esp.1,net_fouls,Adding possession and shots,138,138,0.7246376811594235,NA,All other clubs,Net fouls (opp. - own)
3788,-1.497638843656258,228,Sporting Gijón,esp.1,net_fouls,Adding possession and shots,132,138,5.072463768115942,NA,All other clubs,Net fouls (opp. - own)
3841,-0.02889898178780661,504,FC Augsburg,ger.1,net_fouls,Adding possession and shots,61,138,56.52173913043479,NA,All other clubs,Net fouls (opp. - own)
3842,1.4073456065556809,186,Cádiz,esp.1,net_fouls,Adding possession and shots,9,138,94.20289855072464,NA,All other clubs,Net fouls (opp. - own)
3997,1.5086678468288475,450,Sassuolo,ita.1,net_fouls,Adding possession and shots,8,138,94.92753623188406,NA,All other clubs,Net fouls (opp. - own)
6732,-1.4156863656051104,267,Valenciennes,fra.1,net_fouls,Adding possession and shots,130,138,6.521739130434778,NA,All other clubs,Net fouls (opp. - own)
6832,-0.666417555136742,300,Almería,esp.1,net_fouls,Adding possession and shots,97,138,30.434782608695656,NA,All other clubs,Net fouls (opp. - own)
6997,-0.43697197252347186,351,Brest,fra.1,net_fouls,Adding possession and shots,86,138,38.40579710144928,NA,All other clubs,Net fouls (opp. - own)
7868,0.5193806019426649,358,Angers,fra.1,net_fouls,Adding possession and shots,40,138,71.73913043478262,NA,All other clubs,Net fouls (opp. - own)
7911,-0.7638611606042945,609,TSG Hoffenheim,ger.1,net_fouls,Adding possession and shots,107,138,23.188405797101453,NA,All other clubs,Net fouls (opp. - own)
9812,1.150036297160574,225,Girona,esp.1,net_fouls,Adding possession and shots,13,138,91.30434782608697,NA,All other clubs,Net fouls (opp. - own)
11058,-1.108136672243972,150,Evian Thonon Gaillard,fra.1,net_fouls,Adding possession and shots,120,138,13.768115942028981,NA,All other clubs,Net fouls (opp. - own)
11420,-0.26219706277943694,337,RB Leipzig,ger.1,net_fouls,Adding possession and shots,75,138,46.37681159420289,NA,All other clubs,Net fouls (opp. - own)
17534,-1.1906110098891478,189,Leganés,esp.1,net_fouls,Adding possession and shots,122,138,12.318840579710145,NA,All other clubs,Net fouls (opp. - own)
83,-0.010162215267688192,874,Barcelona,esp.1,net_pens,Pre-match controls,93,150,38.66666666666667,Barcelona,Barcelona,Net penalties (for - against)
84,-0.00376117984146449,607,Mallorca,esp.1,net_pens,Pre-match controls,78,150,48.66666666666667,NA,All other clubs,Net penalties (for - against)
85,-0.023126743951076237,684,Celta Vigo,esp.1,net_pens,Pre-match controls,125,150,17.333333333333336,NA,All other clubs,Net penalties (for - against)
86,0.020748766422302715,872,Real Madrid,esp.1,net_pens,Pre-match controls,28,150,82,Real Madrid,Real Madrid,Net penalties (for - against)
87,-0.002898268383108622,304,Racing Santander,esp.1,net_pens,Pre-match controls,75,150,50.66666666666666,NA,All other clubs,Net penalties (for - against)
88,-0.005606344829207922,796,Espanyol,esp.1,net_pens,Pre-match controls,84,150,44.666666666666664,NA,All other clubs,Net penalties (for - against)
89,0.001805995283780457,758,Real Sociedad,esp.1,net_pens,Pre-match controls,69,150,54.666666666666664,NA,All other clubs,Net penalties (for - against)
90,0.01689280876697457,494,Deportivo,esp.1,net_pens,Pre-match controls,37,150,76,NA,All other clubs,Net penalties (for - against)
91,0.03118251911178501,304,Real Zaragoza,esp.1,net_pens,Pre-match controls,14,150,91.33333333333333,NA,All other clubs,Net penalties (for - against)
93,0.019537083182024455,871,Athletic Club,esp.1,net_pens,Pre-match controls,32,150,79.33333333333333,NA,All other clubs,Net penalties (for - against)
94,-0.027917050271185177,873,Valencia,esp.1,net_pens,Pre-match controls,128,150,15.333333333333332,NA,All other clubs,Net penalties (for - against)
95,0.013322899316434588,494,Real Valladolid,esp.1,net_pens,Pre-match controls,46,150,70,NA,All other clubs,Net penalties (for - against)
96,-0.03114868889220162,417,Alavés,esp.1,net_pens,Pre-match controls,133,150,12,NA,All other clubs,Net penalties (for - against)
97,0.00894479447929662,721,Osasuna,esp.1,net_pens,Pre-match controls,53,150,65.33333333333333,NA,All other clubs,Net penalties (for - against)
98,0.017736474068677545,227,Las Palmas,esp.1,net_pens,Pre-match controls,35,150,77.33333333333333,NA,All other clubs,Net penalties (for - against)
99,-0.004554149935730214,493,Málaga,esp.1,net_pens,Pre-match controls,81,150,46.666666666666664,NA,All other clubs,Net penalties (for - against)
101,-0.009649759848110498,494,Rayo Vallecano,esp.1,net_pens,Pre-match controls,91,150,40,NA,All other clubs,Net penalties (for - against)
102,-0.009732045960135707,836,Villarreal,esp.1,net_pens,Pre-match controls,92,150,39.33333333333333,NA,All other clubs,Net penalties (for - against)
103,0.04183773622294693,935,AC Milan,ita.1,net_pens,Pre-match controls,8,150,95.33333333333334,AC Milan,Other elite clubs,Net penalties (for - against)
104,0.025922943178630788,936,AS Roma,ita.1,net_pens,Pre-match controls,20,150,87.33333333333333,NA,All other clubs,Net penalties (for - against)
105,-0.022742492509985036,826,Atalanta,ita.1,net_pens,Pre-match controls,124,150,18.000000000000004,NA,All other clubs,Net penalties (for - against)
107,-0.008021343487711496,781,Bologna,ita.1,net_pens,Pre-match controls,88,150,42.00000000000001,NA,All other clubs,Net penalties (for - against)
108,0.014282755193684445,212,Brescia,ita.1,net_pens,Pre-match controls,43,150,72,NA,All other clubs,Net penalties (for - against)
109,0.01242544676935961,866,Fiorentina,ita.1,net_pens,Pre-match controls,49,150,68,NA,All other clubs,Net penalties (for - against)
110,-0.013685966131353734,936,Internazionale,ita.1,net_pens,Pre-match controls,100,150,34,Internazionale,Other elite clubs,Net penalties (for - against)
111,-0.01540481464890002,897,Juventus,ita.1,net_pens,Pre-match controls,103,150,31.999999999999996,Juventus,Other elite clubs,Net penalties (for - against)
112,0.020891120214631825,934,Lazio,ita.1,net_pens,Pre-match controls,27,150,82.66666666666667,NA,All other clubs,Net penalties (for - against)
113,0.013946809947457367,444,Lecce,ita.1,net_pens,Pre-match controls,44,150,71.33333333333334,NA,All other clubs,Net penalties (for - against)
114,0.027488022042051134,722,Napoli,ita.1,net_pens,Pre-match controls,17,150,89.33333333333333,NA,All other clubs,Net penalties (for - against)
115,-0.01574835967773426,669,Parma,ita.1,net_pens,Pre-match controls,105,150,30.666666666666664,NA,All other clubs,Net penalties (for - against)
117,-0.01659028635297411,252,Reggina,ita.1,net_pens,Pre-match controls,106,150,30.000000000000004,NA,All other clubs,Net penalties (for - against)
118,-0.044489218129009876,934,Udinese,ita.1,net_pens,Pre-match controls,143,150,5.333333333333334,NA,All other clubs,Net penalties (for - against)
119,0.03301279029202008,450,Hellas Verona,ita.1,net_pens,Pre-match controls,13,150,92,NA,All other clubs,Net penalties (for - against)
121,-0.06686385535792226,340,VfL Bochum,ger.1,net_pens,Pre-match controls,149,150,1.3333333333333308,NA,All other clubs,Net penalties (for - against)
122,-0.03394568977568974,544,FC Cologne,ger.1,net_pens,Pre-match controls,135,150,10.666666666666668,NA,All other clubs,Net penalties (for - against)
123,-0.026606680133765333,170,Energie Cottbus,ger.1,net_pens,Pre-match controls,126,150,16.666666666666664,NA,All other clubs,Net penalties (for - against)
124,0.0018410772645376938,782,Borussia Dortmund,ger.1,net_pens,Pre-match controls,68,150,55.333333333333336,Borussia Dortmund,Other elite clubs,Net penalties (for - against)
125,-0.017541498081972105,680,Eintracht Frankfurt,ger.1,net_pens,Pre-match controls,110,150,27.333333333333332,NA,All other clubs,Net penalties (for - against)
126,0.0686700964542934,612,SC Freiburg,ger.1,net_pens,Pre-match controls,4,150,98,NA,All other clubs,Net penalties (for - against)
127,-0.03891396435108303,544,Hamburg SV,ger.1,net_pens,Pre-match controls,139,150,7.9999999999999964,NA,All other clubs,Net penalties (for - against)
129,-0.02234227229551313,612,Hertha Berlin,ger.1,net_pens,Pre-match controls,123,150,18.666666666666664,NA,All other clubs,Net penalties (for - against)
130,-0.045743191912147874,170,Kaiserslautern,ger.1,net_pens,Pre-match controls,144,150,4.666666666666663,NA,All other clubs,Net penalties (for - against)
131,-0.0267304160932674,782,Bayer Leverkusen,ger.1,net_pens,Pre-match controls,127,150,16.000000000000004,NA,All other clubs,Net penalties (for - against)
132,-0.021089782824884717,782,Bayern Munich,ger.1,net_pens,Pre-match controls,119,150,21.333333333333336,Bayern Munich,Other elite clubs,Net penalties (for - against)
133,-0.004351124259933108,646,Schalke 04,ger.1,net_pens,Pre-match controls,80,150,47.333333333333336,NA,All other clubs,Net penalties (for - against)
134,-0.0038651186866120943,714,VfB Stuttgart,ger.1,net_pens,Pre-match controls,79,150,48,NA,All other clubs,Net penalties (for - against)
137,0.03469195210947957,748,Werder Bremen,ger.1,net_pens,Pre-match controls,11,150,93.33333333333333,NA,All other clubs,Net penalties (for - against)
138,-0.01747756015801038,782,VfL Wolfsburg,ger.1,net_pens,Pre-match controls,109,150,28.000000000000004,NA,All other clubs,Net penalties (for - against)
159,-0.004911325969120119,708,Bordeaux,fra.1,net_pens,Pre-match controls,82,150,46,NA,All other clubs,Net penalties (for - against)
160,0.027777221997910856,847,Paris Saint-Germain,fra.1,net_pens,Pre-match controls,16,150,90,Paris Saint-Germain,Other elite clubs,Net penalties (for - against)
165,-0.03721957071840615,657,Nantes,fra.1,net_pens,Pre-match controls,138,150,8.666666666666668,NA,All other clubs,Net penalties (for - against)
166,0.03320670394070127,848,Lille,fra.1,net_pens,Pre-match controls,12,150,92.66666666666666,NA,All other clubs,Net penalties (for - against)
167,-0.013412410649874487,846,Lyon,fra.1,net_pens,Pre-match controls,99,150,34.66666666666667,NA,All other clubs,Net penalties (for - against)
169,0.0015206263498649536,847,Stade Rennais,fra.1,net_pens,Pre-match controls,70,150,54,NA,All other clubs,Net penalties (for - against)
170,-0.022081251972649353,300,Troyes,fra.1,net_pens,Pre-match controls,122,150,19.333333333333336,NA,All other clubs,Net penalties (for - against)
171,-0.002343321722298522,300,Guingamp,fra.1,net_pens,Pre-match controls,73,150,52,NA,All other clubs,Net penalties (for - against)
172,-0.01919540225455975,444,AJ Auxerre,fra.1,net_pens,Pre-match controls,113,150,25.33333333333333,NA,All other clubs,Net penalties (for - against)
173,-0.03532952010827715,299,Bastia,fra.1,net_pens,Pre-match controls,137,150,9.333333333333337,NA,All other clubs,Net penalties (for - against)
174,0.01524347024193369,772,AS Monaco,fra.1,net_pens,Pre-match controls,40,150,74,NA,All other clubs,Net penalties (for - against)
175,0.025056251739307728,516,Lens,fra.1,net_pens,Pre-match controls,21,150,86.66666666666667,NA,All other clubs,Net penalties (for - against)
176,-0.028469355440448575,847,Marseille,fra.1,net_pens,Pre-match controls,129,150,14.66666666666666,NA,All other clubs,Net penalties (for - against)
177,0.023284955501048962,396,Metz,fra.1,net_pens,Pre-match controls,24,150,84.66666666666667,NA,All other clubs,Net penalties (for - against)
178,-0.020022800358550148,670,Saint-Étienne,fra.1,net_pens,Pre-match controls,116,150,23.33333333333333,NA,All other clubs,Net penalties (for - against)
179,0.014944361948985865,699,Toulouse,fra.1,net_pens,Pre-match controls,42,150,72.66666666666667,NA,All other clubs,Net penalties (for - against)
180,-0.005256799198125384,433,Strasbourg,fra.1,net_pens,Pre-match controls,83,150,45.333333333333336,NA,All other clubs,Net penalties (for - against)
238,0.008780241959508786,631,Chievo Verona,ita.1,net_pens,Pre-match controls,54,150,64.66666666666667,NA,All other clubs,Net penalties (for - against)
239,-0.042301522807859475,709,Torino,ita.1,net_pens,Pre-match controls,142,150,6.000000000000005,NA,All other clubs,Net penalties (for - against)
243,-0.011434915020881361,873,Sevilla,esp.1,net_pens,Pre-match controls,95,150,37.33333333333333,NA,All other clubs,Net penalties (for - against)
244,0.008140040381002961,757,Real Betis,esp.1,net_pens,Pre-match controls,56,150,63.33333333333333,NA,All other clubs,Net penalties (for - against)
268,0.013909437181272709,748,Borussia Mönchengladbach,ger.1,net_pens,Pre-match controls,45,150,70.66666666666667,NA,All other clubs,Net penalties (for - against)
269,0.020568422909648144,340,1. FC Nürnberg,ger.1,net_pens,Pre-match controls,29,150,81.33333333333333,NA,All other clubs,Net penalties (for - against)
272,-0.03504035050781168,414,Sochaux,fra.1,net_pens,Pre-match controls,136,150,9.999999999999998,NA,All other clubs,Net penalties (for - against)
273,0.013259305523484852,633,Lorient,fra.1,net_pens,Pre-match controls,48,150,68.66666666666667,NA,All other clubs,Net penalties (for - against)
274,0.0032226416060733634,661,Montpellier,fra.1,net_pens,Pre-match controls,66,150,56.666666666666664,NA,All other clubs,Net penalties (for - against)
306,-0.021005321410722904,190,Hull City,eng.1,net_pens,Pre-match controls,118,150,21.999999999999996,NA,All other clubs,Net penalties (for - against)
318,0.003352710721827485,266,Swansea City,eng.1,net_pens,Pre-match controls,65,150,57.33333333333333,NA,All other clubs,Net penalties (for - against)
331,0.013304457803791938,342,Brighton & Hove Albion,eng.1,net_pens,Pre-match controls,47,150,69.33333333333334,NA,All other clubs,Net penalties (for - against)
336,0.010449569305376796,380,Stoke City,eng.1,net_pens,Pre-match controls,52,150,65.99999999999999,NA,All other clubs,Net penalties (for - against)
337,0.1000797123978513,190,Brentford,eng.1,net_pens,Pre-match controls,2,150,99.33333333333333,NA,All other clubs,Net penalties (for - against)
349,0.024948271128737255,342,AFC Bournemouth,eng.1,net_pens,Pre-match controls,22,150,86,NA,All other clubs,Net penalties (for - against)
350,-0.020007633841898107,304,Wigan Athletic,eng.1,net_pens,Pre-match controls,115,150,24,NA,All other clubs,Net penalties (for - against)
357,-0.019302063093761323,228,Leeds United,eng.1,net_pens,Pre-match controls,114,150,24.66666666666667,NA,All other clubs,Net penalties (for - against)
358,-0.008531122314766281,380,Bolton Wanderers,eng.1,net_pens,Pre-match controls,89,150,41.333333333333336,NA,All other clubs,Net penalties (for - against)
359,-0.04019874314985293,912,Arsenal,eng.1,net_pens,Pre-match controls,140,150,7.333333333333336,Arsenal,Other elite clubs,Net penalties (for - against)
360,0.005150449151423295,912,Manchester United,eng.1,net_pens,Pre-match controls,62,150,59.33333333333333,Manchester United,Other elite clubs,Net penalties (for - against)
361,0.004739533529829459,836,Newcastle United,eng.1,net_pens,Pre-match controls,63,150,58.666666666666664,NA,All other clubs,Net penalties (for - against)
362,-0.015186176978544148,798,Aston Villa,eng.1,net_pens,Pre-match controls,102,150,32.666666666666664,NA,All other clubs,Net penalties (for - against)
363,0.01178021150189459,912,Chelsea,eng.1,net_pens,Pre-match controls,50,150,67.33333333333333,Chelsea,Other elite clubs,Net penalties (for - against)
364,-0.001809779268391095,912,Liverpool,eng.1,net_pens,Pre-match controls,72,150,52.666666666666664,Liverpool,Other elite clubs,Net penalties (for - against)
365,0.015918246291426272,380,Blackburn Rovers,eng.1,net_pens,Pre-match controls,38,150,75.33333333333333,NA,All other clubs,Net penalties (for - against)
366,0.008195350502946012,494,Sunderland,eng.1,net_pens,Pre-match controls,55,150,64,NA,All other clubs,Net penalties (for - against)
367,-0.03343564994847453,912,Tottenham Hotspur,eng.1,net_pens,Pre-match controls,134,150,11.333333333333329,NA,All other clubs,Net penalties (for - against)
368,0.0030818557095655293,912,Everton,eng.1,net_pens,Pre-match controls,67,150,56.00000000000001,NA,All other clubs,Net penalties (for - against)
369,-0.003058703005587752,304,Middlesbrough,eng.1,net_pens,Pre-match controls,76,150,50,NA,All other clubs,Net penalties (for - against)
370,0.007716676451691478,684,Fulham,eng.1,net_pens,Pre-match controls,57,150,62.66666666666667,NA,All other clubs,Net penalties (for - against)
371,-0.008019465225730747,798,West Ham United,eng.1,net_pens,Pre-match controls,87,150,42.666666666666664,NA,All other clubs,Net penalties (for - against)
372,-0.011659088181776831,190,Charlton Athletic,eng.1,net_pens,Pre-match controls,97,150,36,NA,All other clubs,Net penalties (for - against)
375,0.042108213809371964,456,Leicester City,eng.1,net_pens,Pre-match controls,7,150,96,NA,All other clubs,Net penalties (for - against)
376,0.006642531702673701,570,Southampton,eng.1,net_pens,Pre-match controls,60,150,60.66666666666667,NA,All other clubs,Net penalties (for - against)
379,-0.007776968617109584,380,Burnley,eng.1,net_pens,Pre-match controls,85,150,43.99999999999999,NA,All other clubs,Net penalties (for - against)
380,-0.02974090905565938,456,Wolverhampton Wanderers,eng.1,net_pens,Pre-match controls,130,150,14.000000000000002,NA,All other clubs,Net penalties (for - against)
381,-0.07264362349080564,266,Norwich City,eng.1,net_pens,Pre-match controls,150,150,0.666666666666671,NA,All other clubs,Net penalties (for - against)
382,0.010800262658416031,874,Manchester City,eng.1,net_pens,Pre-match controls,51,150,66.66666666666667,Manchester City,Other elite clubs,Net penalties (for - against)
383,-0.017894889918038972,456,West Bromwich Albion,eng.1,net_pens,Pre-match controls,111,150,26.66666666666667,NA,All other clubs,Net penalties (for - against)
384,0.10008533055855504,532,Crystal Palace,eng.1,net_pens,Pre-match controls,1,150,100,NA,All other clubs,Net penalties (for - against)
385,-0.015582660103782505,266,Portsmouth,eng.1,net_pens,Pre-match controls,104,150,31.333333333333336,NA,All other clubs,Net penalties (for - against)
392,-0.018503355711662454,228,Birmingham City,eng.1,net_pens,Pre-match controls,112,150,26,NA,All other clubs,Net penalties (for - against)
393,-0.009167791266356144,152,Nottingham Forest,eng.1,net_pens,Pre-match controls,90,150,40.666666666666664,NA,All other clubs,Net penalties (for - against)
395,-0.014773538027392594,266,Watford,eng.1,net_pens,Pre-match controls,101,150,33.333333333333336,NA,All other clubs,Net penalties (for - against)
398,0.019696506676788208,152,Sheffield United,eng.1,net_pens,Pre-match controls,30,150,80.66666666666666,NA,All other clubs,Net penalties (for - against)
598,0.02295445046088638,238,1. FC Union Berlin,ger.1,net_pens,Pre-match controls,25,150,84,NA,All other clubs,Net penalties (for - against)
1068,-0.017151269746077787,836,Atlético Madrid,esp.1,net_pens,Pre-match controls,107,150,29.333333333333332,Atletico Madrid,Other elite clubs,Net penalties (for - against)
1538,0.017588506896600874,532,Levante,esp.1,net_pens,Pre-match controls,36,150,76.66666666666666,NA,All other clubs,Net penalties (for - against)
2428,0.018429371335078028,476,Hannover 96,ger.1,net_pens,Pre-match controls,34,150,78,NA,All other clubs,Net penalties (for - against)
2502,0.019678382659714652,814,Nice,fra.1,net_pens,Pre-match controls,31,150,80,NA,All other clubs,Net penalties (for - against)
2503,-0.0025747670024084124,228,AC Ajaccio,fra.1,net_pens,Pre-match controls,74,150,51.33333333333333,NA,All other clubs,Net penalties (for - against)
2506,-0.021856329179342555,204,Arminia Bielefeld,ger.1,net_pens,Pre-match controls,121,150,19.999999999999996,NA,All other clubs,Net penalties (for - against)
2571,-0.03110405217928565,152,Recreativo Huelva,esp.1,net_pens,Pre-match controls,132,150,12.666666666666671,NA,All other clubs,Net penalties (for - against)
2574,-0.017284068291310913,484,Empoli,ita.1,net_pens,Pre-match controls,108,150,28.666666666666664,NA,All other clubs,Net penalties (for - against)
2697,-0.04200993419567538,152,Le Mans,fra.1,net_pens,Pre-match controls,141,150,6.666666666666665,NA,All other clubs,Net penalties (for - against)
2734,-0.010513272602515493,717,Sampdoria,ita.1,net_pens,Pre-match controls,94,150,38,NA,All other clubs,Net penalties (for - against)
2735,-0.011666730587456244,337,Siena,ita.1,net_pens,Pre-match controls,98,150,35.333333333333336,NA,All other clubs,Net penalties (for - against)
2922,0.006998806917716255,722,Getafe,esp.1,net_pens,Pre-match controls,59,150,61.33333333333333,NA,All other clubs,Net penalties (for - against)
2923,-0.04921961768954248,454,Palermo,ita.1,net_pens,Pre-match controls,146,150,3.3333333333333326,NA,All other clubs,Net penalties (for - against)
2925,0.007138002828951294,759,Cagliari,ita.1,net_pens,Pre-match controls,58,150,62,NA,All other clubs,Net penalties (for - against)
2926,-0.02034039089136218,227,Livorno,ita.1,net_pens,Pre-match controls,117,150,22.666666666666668,NA,All other clubs,Net penalties (for - against)
2927,-0.021282908338988105,380,Caen,fra.1,net_pens,Pre-match controls,120,150,20.666666666666668,NA,All other clubs,Net penalties (for - against)
2950,0.015312364348769682,612,Mainz,ger.1,net_pens,Pre-match controls,39,150,74.66666666666666,NA,All other clubs,Net penalties (for - against)
3170,-0.048568897607401296,218,Dijon FCO,fra.1,net_pens,Pre-match controls,145,150,4.0000000000000036,NA,All other clubs,Net penalties (for - against)
3236,0.05877082380652443,178,Le Havre AC,fra.1,net_pens,Pre-match controls,5,150,97.33333333333334,NA,All other clubs,Net penalties (for - against)
3243,-0.003218016557702562,400,Stade de Reims,fra.1,net_pens,Pre-match controls,77,150,49.33333333333333,NA,All other clubs,Net penalties (for - against)
3258,0.019328076096350767,304,Catania,ita.1,net_pens,Pre-match controls,33,150,78.66666666666666,NA,All other clubs,Net penalties (for - against)
3263,0.02166765597595844,684,Genoa,ita.1,net_pens,Pre-match controls,26,150,83.33333333333334,NA,All other clubs,Net penalties (for - against)
3267,-0.011541908745016219,304,AS Nancy Lorraine,fra.1,net_pens,Pre-match controls,96,150,36.66666666666667,NA,All other clubs,Net penalties (for - against)
3747,0.030152179425126026,380,Granada,esp.1,net_pens,Pre-match controls,15,150,90.66666666666666,NA,All other clubs,Net penalties (for - against)
3751,-0.05190759458486461,227,Elche,esp.1,net_pens,Pre-match controls,147,150,2.6666666666666616,NA,All other clubs,Net penalties (for - against)
3752,0.07699996996400577,266,Eibar,esp.1,net_pens,Pre-match controls,3,150,98.66666666666667,NA,All other clubs,Net penalties (for - against)
3788,0.006052414160721288,228,Sporting Gijón,esp.1,net_pens,Pre-match controls,61,150,60,NA,All other clubs,Net penalties (for - against)
3841,0.026508608786564337,510,FC Augsburg,ger.1,net_pens,Pre-match controls,18,150,88.66666666666667,NA,All other clubs,Net penalties (for - against)
3842,-0.06174216462194305,152,Cádiz,esp.1,net_pens,Pre-match controls,148,150,2.0000000000000018,NA,All other clubs,Net penalties (for - against)
3997,0.052883568164640786,456,Sassuolo,ita.1,net_pens,Pre-match controls,6,150,96.66666666666667,NA,All other clubs,Net penalties (for - against)
6732,0.015217111059806526,304,Valenciennes,fra.1,net_pens,Pre-match controls,41,150,73.33333333333334,NA,All other clubs,Net penalties (for - against)
6832,0.003489293011916193,303,Almería,esp.1,net_pens,Pre-match controls,64,150,58.00000000000001,NA,All other clubs,Net penalties (for - against)
6997,0.040240898409245884,358,Brest,fra.1,net_pens,Pre-match controls,9,150,94.66666666666667,NA,All other clubs,Net penalties (for - against)
7868,0.024036697311326904,362,Angers,fra.1,net_pens,Pre-match controls,23,150,85.33333333333333,NA,All other clubs,Net penalties (for - against)
7911,0.036938059051857465,612,TSG Hoffenheim,ger.1,net_pens,Pre-match controls,10,150,94,NA,All other clubs,Net penalties (for - against)
9812,0.026212585169686727,228,Girona,esp.1,net_pens,Pre-match controls,19,150,88,NA,All other clubs,Net penalties (for - against)
11058,-0.030406519210964787,152,Evian Thonon Gaillard,fra.1,net_pens,Pre-match controls,131,150,13.33333333333333,NA,All other clubs,Net penalties (for - against)
11420,0.0014867550963553813,340,RB Leipzig,ger.1,net_pens,Pre-match controls,71,150,53.333333333333336,NA,All other clubs,Net penalties (for - against)
17534,-0.007921490788665669,190,Leganés,esp.1,net_pens,Pre-match controls,86,150,43.333333333333336,NA,All other clubs,Net penalties (for - against)
83,0.020204122069362777,740,Barcelona,esp.1,net_pens,Adding possession and shots,31,139,78.41726618705036,Barcelona,Barcelona,Net penalties (for - against)
84,-0.0285365323886941,488,Mallorca,esp.1,net_pens,Adding possession and shots,119,139,15.107913669064743,NA,All other clubs,Net penalties (for - against)
85,-0.011960302954445483,565,Celta Vigo,esp.1,net_pens,Adding possession and shots,94,139,33.09352517985612,NA,All other clubs,Net penalties (for - against)
86,0.027575232184170368,752,Real Madrid,esp.1,net_pens,Adding possession and shots,19,139,87.05035971223022,Real Madrid,Real Madrid,Net penalties (for - against)
87,0.02406780225006735,227,Racing Santander,esp.1,net_pens,Adding possession and shots,26,139,82.01438848920863,NA,All other clubs,Net penalties (for - against)
88,-9.216346880993207e-4,677,Espanyol,esp.1,net_pens,Adding possession and shots,64,139,54.67625899280575,NA,All other clubs,Net penalties (for - against)
89,0.006330099786763845,641,Real Sociedad,esp.1,net_pens,Adding possession and shots,53,139,62.589928057553955,NA,All other clubs,Net penalties (for - against)
90,0.024833642276243767,378,Deportivo,esp.1,net_pens,Adding possession and shots,23,139,84.17266187050359,NA,All other clubs,Net penalties (for - against)
91,0.03308133580707255,225,Real Zaragoza,esp.1,net_pens,Adding possession and shots,14,139,90.64748201438849,NA,All other clubs,Net penalties (for - against)
93,0.021313504760273386,752,Athletic Club,esp.1,net_pens,Adding possession and shots,30,139,79.13669064748201,NA,All other clubs,Net penalties (for - against)
94,-0.015575694832483358,752,Valencia,esp.1,net_pens,Adding possession and shots,98,139,30.215827338129497,NA,All other clubs,Net penalties (for - against)
95,-0.001583978590610781,378,Real Valladolid,esp.1,net_pens,Adding possession and shots,66,139,53.23741007194245,NA,All other clubs,Net penalties (for - against)
96,-0.030674070194892447,340,Alavés,esp.1,net_pens,Adding possession and shots,124,139,11.51079136690647,NA,All other clubs,Net penalties (for - against)
97,-0.0054852825200503285,603,Osasuna,esp.1,net_pens,Adding possession and shots,78,139,44.60431654676259,NA,All other clubs,Net penalties (for - against)
98,0.011767549704297917,189,Las Palmas,esp.1,net_pens,Adding possession and shots,42,139,70.50359712230217,NA,All other clubs,Net penalties (for - against)
99,-0.012353749834577685,380,Málaga,esp.1,net_pens,Adding possession and shots,95,139,32.37410071942446,NA,All other clubs,Net penalties (for - against)
101,-0.01621629535681253,415,Rayo Vallecano,esp.1,net_pens,Adding possession and shots,101,139,28.057553956834536,NA,All other clubs,Net penalties (for - against)
102,-0.00398859881189971,715,Villarreal,esp.1,net_pens,Adding possession and shots,75,139,46.76258992805755,NA,All other clubs,Net penalties (for - against)
103,0.05255248003129281,713,AC Milan,ita.1,net_pens,Adding possession and shots,6,139,96.40287769784173,AC Milan,Other elite clubs,Net penalties (for - against)
104,0.026614001064395976,713,AS Roma,ita.1,net_pens,Adding possession and shots,21,139,85.61151079136691,NA,All other clubs,Net penalties (for - against)
105,-0.018617787811882863,677,Atalanta,ita.1,net_pens,Adding possession and shots,106,139,24.460431654676263,NA,All other clubs,Net penalties (for - against)
107,-0.00969708085870875,639,Bologna,ita.1,net_pens,Adding possession and shots,88,139,37.410071942446045,NA,All other clubs,Net penalties (for - against)
109,0.022317665920774957,714,Fiorentina,ita.1,net_pens,Adding possession and shots,29,139,79.85611510791367,NA,All other clubs,Net penalties (for - against)
110,-0.0020056546554310497,714,Internazionale,ita.1,net_pens,Adding possession and shots,69,139,51.07913669064747,Internazionale,Other elite clubs,Net penalties (for - against)
111,-0.022205236591196754,710,Juventus,ita.1,net_pens,Adding possession and shots,111,139,20.863309352517987,Juventus,Other elite clubs,Net penalties (for - against)
112,0.016447274349998247,718,Lazio,ita.1,net_pens,Adding possession and shots,36,139,74.82014388489209,NA,All other clubs,Net penalties (for - against)
113,-0.010439522774848687,239,Lecce,ita.1,net_pens,Adding possession and shots,89,139,36.69064748201439,NA,All other clubs,Net penalties (for - against)
114,0.02761290131852174,714,Napoli,ita.1,net_pens,Adding possession and shots,18,139,87.76978417266187,NA,All other clubs,Net penalties (for - against)
115,-0.018233123042562718,453,Parma,ita.1,net_pens,Adding possession and shots,105,139,25.179856115107913,NA,All other clubs,Net penalties (for - against)
118,-0.07794335848244599,714,Udinese,ita.1,net_pens,Adding possession and shots,139,139,0.7194244604316502,NA,All other clubs,Net penalties (for - against)
119,0.03151902210911219,410,Hellas Verona,ita.1,net_pens,Adding possession and shots,15,139,89.92805755395683,NA,All other clubs,Net penalties (for - against)
121,-0.0721850249445303,253,VfL Bochum,ger.1,net_pens,Adding possession and shots,138,139,1.4388489208633115,NA,All other clubs,Net penalties (for - against)
122,-0.02299592709250581,469,FC Cologne,ger.1,net_pens,Adding possession and shots,113,139,19.424460431654676,NA,All other clubs,Net penalties (for - against)
124,-0.004903371918531364,659,Borussia Dortmund,ger.1,net_pens,Adding possession and shots,77,139,45.32374100719424,Borussia Dortmund,Other elite clubs,Net penalties (for - against)
125,-0.01698255502238176,629,Eintracht Frankfurt,ger.1,net_pens,Adding possession and shots,102,139,27.338129496402875,NA,All other clubs,Net penalties (for - against)
126,0.07776829721675926,535,SC Freiburg,ger.1,net_pens,Adding possession and shots,3,139,98.56115107913669,NA,All other clubs,Net penalties (for - against)
127,-0.034190723145723266,429,Hamburg SV,ger.1,net_pens,Adding possession and shots,126,139,10.07194244604317,NA,All other clubs,Net penalties (for - against)
129,-0.01789347541648031,496,Hertha Berlin,ger.1,net_pens,Adding possession and shots,103,139,26.618705035971225,NA,All other clubs,Net penalties (for - against)
131,-0.03425264271937564,655,Bayer Leverkusen,ger.1,net_pens,Adding possession and shots,127,139,9.352517985611508,NA,All other clubs,Net penalties (for - against)
132,-0.0034965691244395907,654,Bayern Munich,ger.1,net_pens,Adding possession and shots,74,139,47.48201438848921,Bayern Munich,Other elite clubs,Net penalties (for - against)
133,-0.010556484339825653,524,Schalke 04,ger.1,net_pens,Adding possession and shots,90,139,35.97122302158273,NA,All other clubs,Net penalties (for - against)
134,-0.0016741395505049299,590,VfB Stuttgart,ger.1,net_pens,Adding possession and shots,68,139,51.798561151079134,NA,All other clubs,Net penalties (for - against)
137,0.028226213778875048,627,Werder Bremen,ger.1,net_pens,Adding possession and shots,16,139,89.20863309352518,NA,All other clubs,Net penalties (for - against)
138,-0.026767372534828145,659,VfL Wolfsburg,ger.1,net_pens,Adding possession and shots,116,139,17.266187050359715,NA,All other clubs,Net penalties (for - against)
159,-0.011473448877411831,555,Bordeaux,fra.1,net_pens,Adding possession and shots,93,139,33.81294964028777,NA,All other clubs,Net penalties (for - against)
160,0.046750554726922834,695,Paris Saint-Germain,fra.1,net_pens,Adding possession and shots,8,139,94.96402877697841,Paris Saint-Germain,Other elite clubs,Net penalties (for - against)
165,-0.05290320327282659,513,Nantes,fra.1,net_pens,Adding possession and shots,135,139,3.5971223021582732,NA,All other clubs,Net penalties (for - against)
166,0.04391262856336484,697,Lille,fra.1,net_pens,Adding possession and shots,9,139,94.24460431654677,NA,All other clubs,Net penalties (for - against)
167,-0.0011521602274905006,691,Lyon,fra.1,net_pens,Adding possession and shots,65,139,53.956834532374096,NA,All other clubs,Net penalties (for - against)
169,-0.00208853029612231,696,Stade Rennais,fra.1,net_pens,Adding possession and shots,70,139,50.35971223021583,NA,All other clubs,Net penalties (for - against)
170,-0.06553645404787994,185,Troyes,fra.1,net_pens,Adding possession and shots,136,139,2.877697841726623,NA,All other clubs,Net penalties (for - against)
171,-0.007840050691277823,227,Guingamp,fra.1,net_pens,Adding possession and shots,83,139,41.007194244604314,NA,All other clubs,Net penalties (for - against)
172,-0.007234910700945952,296,AJ Auxerre,fra.1,net_pens,Adding possession and shots,80,139,43.16546762589928,NA,All other clubs,Net penalties (for - against)
173,-0.05167011361301223,187,Bastia,fra.1,net_pens,Adding possession and shots,134,139,4.316546762589923,NA,All other clubs,Net penalties (for - against)
174,0.019973625320525278,623,AS Monaco,fra.1,net_pens,Adding possession and shots,32,139,77.6978417266187,NA,All other clubs,Net penalties (for - against)
175,0.013169986599015642,369,Lens,fra.1,net_pens,Adding possession and shots,40,139,71.94244604316546,NA,All other clubs,Net penalties (for - against)
176,-0.030596488171694157,695,Marseille,fra.1,net_pens,Adding possession and shots,123,139,12.230215827338132,NA,All other clubs,Net penalties (for - against)
177,0.03358454689286921,322,Metz,fra.1,net_pens,Adding possession and shots,13,139,91.36690647482014,NA,All other clubs,Net penalties (for - against)
178,-0.017931016531468558,589,Saint-Étienne,fra.1,net_pens,Adding possession and shots,104,139,25.899280575539574,NA,All other clubs,Net penalties (for - against)
179,0.016939284794234483,625,Toulouse,fra.1,net_pens,Adding possession and shots,35,139,75.53956834532374,NA,All other clubs,Net penalties (for - against)
180,-0.022142362855252878,347,Strasbourg,fra.1,net_pens,Adding possession and shots,109,139,22.302158273381288,NA,All other clubs,Net penalties (for - against)
238,-0.0044524567246473825,419,Chievo Verona,ita.1,net_pens,Adding possession and shots,76,139,46.043165467625904,NA,All other clubs,Net penalties (for - against)
239,-0.04095744957606075,603,Torino,ita.1,net_pens,Adding possession and shots,130,139,7.1942446043165464,NA,All other clubs,Net penalties (for - against)
243,-0.013841406382296428,752,Sevilla,esp.1,net_pens,Adding possession and shots,96,139,31.654676258992808,NA,All other clubs,Net penalties (for - against)
244,0.0011846872529273668,639,Real Betis,esp.1,net_pens,Adding possession and shots,60,139,57.55395683453237,NA,All other clubs,Net penalties (for - against)
268,0.024937965962746268,623,Borussia Mönchengladbach,ger.1,net_pens,Adding possession and shots,22,139,84.89208633093526,NA,All other clubs,Net penalties (for - against)
269,-0.009085232332110933,257,1. FC Nürnberg,ger.1,net_pens,Adding possession and shots,87,139,38.12949640287769,NA,All other clubs,Net penalties (for - against)
272,-0.043547984696860026,262,Sochaux,fra.1,net_pens,Adding possession and shots,131,139,6.474820143884896,NA,All other clubs,Net penalties (for - against)
273,0.015024837470585585,588,Lorient,fra.1,net_pens,Adding possession and shots,37,139,74.10071942446044,NA,All other clubs,Net penalties (for - against)
274,-0.008807284270139276,575,Montpellier,fra.1,net_pens,Adding possession and shots,86,139,38.84892086330935,NA,All other clubs,Net penalties (for - against)
306,0.013093016734475164,150,Hull City,eng.1,net_pens,Adding possession and shots,41,139,71.22302158273382,NA,All other clubs,Net penalties (for - against)
318,0.02356943037028363,223,Swansea City,eng.1,net_pens,Adding possession and shots,28,139,80.57553956834532,NA,All other clubs,Net penalties (for - against)
331,0.018551394869615705,334,Brighton & Hove Albion,eng.1,net_pens,Adding possession and shots,33,139,76.97841726618705,NA,All other clubs,Net penalties (for - against)
336,-0.001635059059582023,321,Stoke City,eng.1,net_pens,Adding possession and shots,67,139,52.517985611510795,NA,All other clubs,Net penalties (for - against)
337,0.10184388273473569,174,Brentford,eng.1,net_pens,Adding possession and shots,1,139,100,NA,All other clubs,Net penalties (for - against)
349,0.007139890701635511,297,AFC Bournemouth,eng.1,net_pens,Adding possession and shots,51,139,64.02877697841727,NA,All other clubs,Net penalties (for - against)
350,-0.02050939667666675,283,Wigan Athletic,eng.1,net_pens,Adding possession and shots,108,139,23.021582733812952,NA,All other clubs,Net penalties (for - against)
357,-0.003212844245573741,176,Leeds United,eng.1,net_pens,Adding possession and shots,72,139,48.92086330935251,NA,All other clubs,Net penalties (for - against)
358,-0.022191570842074237,318,Bolton Wanderers,eng.1,net_pens,Adding possession and shots,110,139,21.58273381294964,NA,All other clubs,Net penalties (for - against)
359,-0.026843614227972257,729,Arsenal,eng.1,net_pens,Adding possession and shots,117,139,16.546762589928054,Arsenal,Other elite clubs,Net penalties (for - against)
360,0.009177433869953983,790,Manchester United,eng.1,net_pens,Adding possession and shots,45,139,68.34532374100719,Manchester United,Other elite clubs,Net penalties (for - against)
361,0.003958032102501955,762,Newcastle United,eng.1,net_pens,Adding possession and shots,56,139,60.431654676258994,NA,All other clubs,Net penalties (for - against)
362,-0.008335080188948636,722,Aston Villa,eng.1,net_pens,Adding possession and shots,85,139,39.568345323741006,NA,All other clubs,Net penalties (for - against)
363,0.008522189247355249,798,Chelsea,eng.1,net_pens,Adding possession and shots,47,139,66.90647482014388,Chelsea,Other elite clubs,Net penalties (for - against)
364,-0.008084107407956438,791,Liverpool,eng.1,net_pens,Adding possession and shots,84,139,40.28776978417267,Liverpool,Other elite clubs,Net penalties (for - against)
365,0.0031341594033984267,321,Blackburn Rovers,eng.1,net_pens,Adding possession and shots,57,139,59.71223021582735,NA,All other clubs,Net penalties (for - against)
366,0.0028962779586073385,398,Sunderland,eng.1,net_pens,Adding possession and shots,58,139,58.992805755395686,NA,All other clubs,Net penalties (for - against)
367,-0.0365774294318944,804,Tottenham Hotspur,eng.1,net_pens,Adding possession and shots,128,139,8.633093525179858,NA,All other clubs,Net penalties (for - against)
368,0.0018974466378213377,801,Everton,eng.1,net_pens,Adding possession and shots,59,139,58.273381294964025,NA,All other clubs,Net penalties (for - against)
369,0.010954111720117848,229,Middlesbrough,eng.1,net_pens,Adding possession and shots,43,139,69.7841726618705,NA,All other clubs,Net penalties (for - against)
370,0.008994983584801476,607,Fulham,eng.1,net_pens,Adding possession and shots,46,139,67.62589928057554,NA,All other clubs,Net penalties (for - against)
371,-0.014284229544646802,698,West Ham United,eng.1,net_pens,Adding possession and shots,97,139,30.935251798561147,NA,All other clubs,Net penalties (for - against)
372,-0.005530858611372839,153,Charlton Athletic,eng.1,net_pens,Adding possession and shots,79,139,43.88489208633094,NA,All other clubs,Net penalties (for - against)
375,0.05117364313906381,365,Leicester City,eng.1,net_pens,Adding possession and shots,7,139,95.68345323741008,NA,All other clubs,Net penalties (for - against)
376,0.008013047046022995,478,Southampton,eng.1,net_pens,Adding possession and shots,49,139,65.46762589928056,NA,All other clubs,Net penalties (for - against)
379,-0.01568742563544241,339,Burnley,eng.1,net_pens,Adding possession and shots,100,139,28.776978417266186,NA,All other clubs,Net penalties (for - against)
380,-0.022468901150445548,415,Wolverhampton Wanderers,eng.1,net_pens,Adding possession and shots,112,139,20.143884892086326,NA,All other clubs,Net penalties (for - against)
381,-0.06962160352373407,252,Norwich City,eng.1,net_pens,Adding possession and shots,137,139,2.1582733812949617,NA,All other clubs,Net penalties (for - against)
382,7.947442903040178e-4,800,Manchester City,eng.1,net_pens,Adding possession and shots,62,139,56.11510791366907,Manchester City,Other elite clubs,Net penalties (for - against)
383,-0.011258446622580411,393,West Bromwich Albion,eng.1,net_pens,Adding possession and shots,92,139,34.53237410071942,NA,All other clubs,Net penalties (for - against)
384,0.0911154772617492,480,Crystal Palace,eng.1,net_pens,Adding possession and shots,2,139,99.28057553956835,NA,All other clubs,Net penalties (for - against)
385,-0.015654293278425522,264,Portsmouth,eng.1,net_pens,Adding possession and shots,99,139,29.496402877697847,NA,All other clubs,Net penalties (for - against)
392,-0.007528078492890753,228,Birmingham City,eng.1,net_pens,Adding possession and shots,82,139,41.72661870503597,NA,All other clubs,Net penalties (for - against)
395,-0.02877244769481296,225,Watford,eng.1,net_pens,Adding possession and shots,120,139,14.388489208633093,NA,All other clubs,Net penalties (for - against)
398,0.008347442868167269,150,Sheffield United,eng.1,net_pens,Adding possession and shots,48,139,66.18705035971223,NA,All other clubs,Net penalties (for - against)
598,0.005569941998730242,235,1. FC Union Berlin,ger.1,net_pens,Adding possession and shots,54,139,61.870503597122294,NA,All other clubs,Net penalties (for - against)
1068,-0.030539453902085477,756,Atlético Madrid,esp.1,net_pens,Adding possession and shots,122,139,12.949640287769782,Atletico Madrid,Other elite clubs,Net penalties (for - against)
1538,0.013500796145792224,529,Levante,esp.1,net_pens,Adding possession and shots,39,139,72.66187050359711,NA,All other clubs,Net penalties (for - against)
2428,0.02734427365680758,392,Hannover 96,ger.1,net_pens,Adding possession and shots,20,139,86.33093525179856,NA,All other clubs,Net penalties (for - against)
2502,0.02770907795733028,697,Nice,fra.1,net_pens,Adding possession and shots,17,139,88.48920863309353,NA,All other clubs,Net penalties (for - against)
2506,-0.02952387235942316,152,Arminia Bielefeld,ger.1,net_pens,Adding possession and shots,121,139,13.669064748201443,NA,All other clubs,Net penalties (for - against)
2574,0.00733121022557235,341,Empoli,ita.1,net_pens,Adding possession and shots,50,139,64.74820143884892,NA,All other clubs,Net penalties (for - against)
2734,-0.010862007843188956,565,Sampdoria,ita.1,net_pens,Adding possession and shots,91,139,35.251798561151084,NA,All other clubs,Net penalties (for - against)
2735,-0.02041365662990529,187,Siena,ita.1,net_pens,Adding possession and shots,107,139,23.741007194244602,NA,All other clubs,Net penalties (for - against)
2922,-0.007240022252734532,715,Getafe,esp.1,net_pens,Adding possession and shots,81,139,42.44604316546763,NA,All other clubs,Net penalties (for - against)
2923,-0.04979260077623302,341,Palermo,ita.1,net_pens,Adding possession and shots,132,139,5.755395683453235,NA,All other clubs,Net penalties (for - against)
2925,9.988573904118588e-4,639,Cagliari,ita.1,net_pens,Adding possession and shots,61,139,56.83453237410072,NA,All other clubs,Net penalties (for - against)
2927,-0.03377040159761942,336,Caen,fra.1,net_pens,Adding possession and shots,125,139,10.79136690647482,NA,All other clubs,Net penalties (for - against)
2950,0.009194716291609553,568,Mainz,ger.1,net_pens,Adding possession and shots,44,139,69.06474820143885,NA,All other clubs,Net penalties (for - against)
3170,-0.050768821220782905,213,Dijon FCO,fra.1,net_pens,Adding possession and shots,133,139,5.035971223021585,NA,All other clubs,Net penalties (for - against)
3243,-0.0032469274081731603,396,Stade de Reims,fra.1,net_pens,Adding possession and shots,73,139,48.201438848920866,NA,All other clubs,Net penalties (for - against)
3258,0.01799914471749027,265,Catania,ita.1,net_pens,Adding possession and shots,34,139,76.2589928057554,NA,All other clubs,Net penalties (for - against)
3263,0.024366141713912503,677,Genoa,ita.1,net_pens,Adding possession and shots,24,139,83.45323741007195,NA,All other clubs,Net penalties (for - against)
3267,-0.023496884762784904,263,AS Nancy Lorraine,fra.1,net_pens,Adding possession and shots,114,139,18.705035971223015,NA,All other clubs,Net penalties (for - against)
3747,0.02368083360905351,368,Granada,esp.1,net_pens,Adding possession and shots,27,139,81.29496402877699,NA,All other clubs,Net penalties (for - against)
3751,-0.03945537044281548,225,Elche,esp.1,net_pens,Adding possession and shots,129,139,7.913669064748197,NA,All other clubs,Net penalties (for - against)
3752,0.061277579469449193,264,Eibar,esp.1,net_pens,Adding possession and shots,4,139,97.84172661870504,NA,All other clubs,Net penalties (for - against)
3788,-0.0025333139413828394,228,Sporting Gijón,esp.1,net_pens,Adding possession and shots,71,139,49.64028776978417,NA,All other clubs,Net penalties (for - against)
3841,0.014536618208199813,504,FC Augsburg,ger.1,net_pens,Adding possession and shots,38,139,73.38129496402878,NA,All other clubs,Net penalties (for - against)
3997,0.05515054608388154,450,Sassuolo,ita.1,net_pens,Adding possession and shots,5,139,97.12230215827337,NA,All other clubs,Net penalties (for - against)
6732,0.024305206952519417,267,Valenciennes,fra.1,net_pens,Adding possession and shots,25,139,82.73381294964028,NA,All other clubs,Net penalties (for - against)
6832,0.006824059251791194,300,Almería,esp.1,net_pens,Adding possession and shots,52,139,63.309352517985616,NA,All other clubs,Net penalties (for - against)
6997,0.041633397526967895,351,Brest,fra.1,net_pens,Adding possession and shots,10,139,93.5251798561151,NA,All other clubs,Net penalties (for - against)
7868,0.00457240818030731,358,Angers,fra.1,net_pens,Adding possession and shots,55,139,61.15107913669065,NA,All other clubs,Net penalties (for - against)
7911,0.036937615588822435,609,TSG Hoffenheim,ger.1,net_pens,Adding possession and shots,12,139,92.08633093525181,NA,All other clubs,Net penalties (for - against)
9812,0.0388153276945164,225,Girona,esp.1,net_pens,Adding possession and shots,11,139,92.80575539568345,NA,All other clubs,Net penalties (for - against)
11058,-0.025893248135412154,150,Evian Thonon Gaillard,fra.1,net_pens,Adding possession and shots,115,139,17.985611510791365,NA,All other clubs,Net penalties (for - against)
11420,-7.490356129412565e-4,337,RB Leipzig,ger.1,net_pens,Adding possession and shots,63,139,55.39568345323741,NA,All other clubs,Net penalties (for - against)
17534,-0.027513820883365497,189,Leganés,esp.1,net_pens,Adding possession and shots,118,139,15.827338129496404,NA,All other clubs,Net penalties (for - against)
